circuit,gate,swap,predicted_cost,actual_cost,absolute_error
1,1,"(2, 3)",9.464775085449219,6,3.4647750854492188
1,1,"(3, 4)",9.075177192687988,4,5.075177192687988
1,2,"(0, 1)",8.262502670288086,8,0.26250267028808594
1,2,"(1, 2)",8.369921684265137,8,0.3699216842651367
1,3,"(2, 3)",9.152215003967285,7,2.152215003967285
1,3,"(1, 2)",7.868228435516357,10,2.1317715644836426
1,3,"(3, 4)",7.778474807739258,5,2.778474807739258
1,5,"(2, 3)",6.8131914138793945,6,0.8131914138793945
1,5,"(1, 2)",5.930126190185547,10,4.069873809814453
1,5,"(3, 4)",6.817816734313965,7,0.18218326568603516
1,8,"(2, 3)",5.355978965759277,4,1.3559789657592773
1,8,"(1, 2)",5.258388519287109,7,1.7416114807128906
1,8,"(3, 4)",3.9405899047851562,5,1.0594100952148438
1,8,"(0, 1)",4.071536540985107,4,0.07153654098510742
1,9,"(2, 3)",0.5482827425003052,1,0.4517172574996948
1,9,"(3, 4)",1.572024941444397,3,1.427975058555603
1,10,"(2, 3)",1.2012345790863037,1,0.2012345790863037
1,10,"(1, 2)",2.191760540008545,2,0.19176054000854492
1,10,"(0, 1)",1.261260986328125,1,0.261260986328125
2,1,"(0, 1)",14.537299156188965,7,7.537299156188965
2,1,"(1, 2)",16.51792335510254,8,8.517923355102539
2,1,"(2, 3)",16.575254440307617,9,7.575254440307617
2,1,"(3, 4)",14.44359016418457,8,6.44359016418457
2,4,"(0, 1)",8.630080223083496,8,0.6300802230834961
2,4,"(1, 2)",9.707459449768066,7,2.7074594497680664
2,6,"(0, 1)",9.477838516235352,10,0.5221614837646484
2,6,"(1, 2)",11.632952690124512,12,0.3670473098754883
2,6,"(2, 3)",11.64293384552002,10,1.6429338455200195
2,6,"(3, 4)",9.450324058532715,8,1.4503240585327148
2,7,"(2, 3)",7.597212791442871,7,0.5972127914428711
2,7,"(1, 2)",7.778948783874512,10,2.2210512161254883
2,10,"(0, 1)",5.940126419067383,5,0.9401264190673828
2,10,"(1, 2)",8.460537910461426,9,0.5394620895385742
2,10,"(2, 3)",8.37241268157959,6,2.37241268157959
2,10,"(3, 4)",5.890993595123291,4,1.890993595123291
2,11,"(2, 3)",2.0529932975769043,3,0.9470067024230957
2,11,"(3, 4)",2.7633562088012695,2,0.7633562088012695
2,12,"(0, 1)",3.060983180999756,2,1.0609831809997559
2,12,"(1, 2)",4.071023464202881,4,0.07102346420288086
2,12,"(2, 3)",4.199753284454346,3,1.1997532844543457
2,12,"(3, 4)",3.0778069496154785,2,1.0778069496154785
3,1,"(0, 1)",6.8486762046813965,10,3.1513237953186035
3,1,"(1, 2)",7.609466552734375,13,5.390533447265625
3,3,"(2, 3)",12.58951473236084,12,0.5895147323608398
3,3,"(1, 2)",12.159052848815918,14,1.840947151184082
3,3,"(3, 4)",9.25016975402832,10,0.7498302459716797
3,3,"(0, 1)",8.837695121765137,11,2.1623048782348633
3,4,"(2, 3)",9.741986274719238,9,0.7419862747192383
3,4,"(1, 2)",9.510108947753906,11,1.4898910522460938
3,4,"(3, 4)",6.967883110046387,8,1.0321168899536133
3,4,"(0, 1)",6.9330925941467285,9,2.0669074058532715
3,5,"(2, 3)",5.079068660736084,6,0.920931339263916
3,5,"(1, 2)",3.8952536582946777,8,4.104746341705322
3,5,"(3, 4)",4.378726959228516,6,1.6212730407714844
3,6,"(0, 1)",3.9896340370178223,4,0.010365962982177734
3,6,"(1, 2)",5.229698657989502,7,1.770301342010498
3,6,"(2, 3)",5.357064247131348,4,1.3570642471313477
3,6,"(3, 4)",4.013250827789307,5,0.9867491722106934
3,7,"(2, 3)",0.5482827425003052,1,0.4517172574996948
3,7,"(3, 4)",1.572024941444397,3,1.427975058555603
3,8,"(2, 3)",1.2012345790863037,1,0.2012345790863037
3,8,"(1, 2)",2.191760540008545,2,0.19176054000854492
3,8,"(0, 1)",1.261260986328125,1,0.261260986328125
4,2,"(0, 1)",14.318683624267578,6,8.318683624267578
4,2,"(1, 2)",14.78570556640625,9,5.78570556640625
4,2,"(2, 3)",13.817362785339355,6,7.8173627853393555
4,3,"(2, 3)",12.01599407196045,5,7.015994071960449
4,3,"(3, 4)",13.901313781738281,6,7.901313781738281
4,4,"(2, 3)",12.282424926757812,5,7.2824249267578125
4,4,"(1, 2)",11.782269477844238,7,4.782269477844238
4,4,"(3, 4)",13.745145797729492,6,7.745145797729492
4,7,"(0, 1)",4.9488067626953125,2,2.9488067626953125
4,7,"(1, 2)",7.769569396972656,5,2.7695693969726562
4,8,"(0, 1)",8.387101173400879,3,5.387101173400879
4,8,"(1, 2)",8.870054244995117,7,1.8700542449951172
4,8,"(2, 3)",7.734099388122559,4,3.7340993881225586
4,12,"(0, 1)",1.4096416234970093,2,0.5903583765029907
4,12,"(1, 2)",3.1550049781799316,2,1.1550049781799316
4,14,"(2, 3)",1.47701096534729,2,0.52298903465271
4,14,"(3, 4)",0.6959632039070129,1,0.30403679609298706
4,15,"(0, 1)",0.06365779042243958,0,0.06365779042243958
4,15,"(1, 2)",0.05576014518737793,0,0.05576014518737793
5,2,"(0, 1)",8.945183753967285,12,3.054816246032715
5,2,"(1, 2)",8.396108627319336,7,1.396108627319336
5,2,"(2, 3)",8.304595947265625,11,2.695404052734375
5,2,"(3, 4)",8.800240516662598,7,1.8002405166625977
5,5,"(2, 3)",5.179043292999268,8,2.8209567070007324
5,5,"(1, 2)",5.038026809692383,4,1.0380268096923828
5,6,"(0, 1)",4.920997619628906,6,1.0790023803710938
5,6,"(1, 2)",5.566641807556152,4,1.5666418075561523
5,6,"(2, 3)",5.518790245056152,8,2.4812097549438477
5,6,"(3, 4)",4.9504218101501465,4,0.9504218101501465
5,8,"(2, 3)",3.0361132621765137,4,0.9638867378234863
5,8,"(1, 2)",2.050348997116089,1,1.0503489971160889
5,8,"(3, 4)",2.8007616996765137,2,0.8007616996765137
5,9,"(0, 1)",0.06365779042243958,0,0.06365779042243958
5,9,"(1, 2)",0.05576014518737793,0,0.05576014518737793
6,1,"(0, 1)",7.170557975769043,5,2.170557975769043
6,1,"(1, 2)",9.160521507263184,9,0.1605215072631836
6,1,"(2, 3)",9.121222496032715,11,1.8787775039672852
6,1,"(3, 4)",7.208258152008057,10,2.7917418479919434
6,2,"(0, 1)",2.193545341491699,3,0.8064546585083008
6,2,"(1, 2)",4.042354583740234,6,1.9576454162597656
6,4,"(2, 3)",2.997753143310547,6,3.002246856689453
6,4,"(1, 2)",4.041967391967773,5,0.9580326080322266
6,4,"(0, 1)",2.817103862762451,3,0.18289613723754883
6,5,"(0, 1)",0.7528142333030701,2,1.24718576669693
6,5,"(1, 2)",1.4788423776626587,3,1.5211576223373413
6,6,"(0, 1)",2.1755566596984863,2,0.17555665969848633
6,6,"(1, 2)",3.114978790283203,3,0.11497879028320312
6,6,"(2, 3)",3.1592864990234375,3,0.1592864990234375
6,6,"(3, 4)",2.1576647758483887,2,0.15766477584838867
7,1,"(2, 3)",10.232075691223145,3,7.2320756912231445
7,1,"(3, 4)",11.20005989074707,11,0.2000598907470703
7,3,"(2, 3)",6.938981056213379,4,2.938981056213379
7,3,"(1, 2)",7.275883674621582,8,0.724116325378418
7,4,"(2, 3)",7.914648056030273,4,3.9146480560302734
7,4,"(1, 2)",8.873541831970215,8,0.8735418319702148
7,4,"(0, 1)",8.557052612304688,10,1.4429473876953125
7,5,"(2, 3)",7.001755714416504,3,4.001755714416504
7,5,"(1, 2)",7.644336700439453,8,0.3556632995605469
7,5,"(0, 1)",8.582962989807129,10,1.417037010192871
7,6,"(2, 3)",5.104586601257324,2,3.104586601257324
7,6,"(1, 2)",5.115095138549805,6,0.8849048614501953
7,8,"(2, 3)",5.080360412597656,2,3.0803604125976562
7,8,"(1, 2)",3.8526148796081543,5,1.1473851203918457
7,8,"(3, 4)",3.6027989387512207,3,0.6027989387512207
7,9,"(2, 3)",2.574544906616211,0,2.574544906616211
7,9,"(3, 4)",1.6501250267028809,2,0.34987497329711914
7,10,"(2, 3)",1.6790410280227661,0,1.6790410280227661
7,10,"(1, 2)",1.8677312135696411,2,0.1322687864303589
7,11,"(2, 3)",0.08881738781929016,0,0.08881738781929016
7,11,"(3, 4)",0.03796178102493286,0,0.03796178102493286
8,1,"(2, 3)",4.428894519805908,6,1.5711054801940918
8,1,"(1, 2)",4.657041549682617,1,3.657041549682617
8,4,"(2, 3)",2.590366840362549,4,1.4096331596374512
8,4,"(1, 2)",2.6934518814086914,1,1.6934518814086914
8,5,"(2, 3)",3.05509090423584,4,0.9449090957641602
8,5,"(1, 2)",2.122331142425537,1,1.122331142425537
8,5,"(3, 4)",2.7673211097717285,2,0.7673211097717285
8,6,"(0, 1)",0.06365779042243958,0,0.06365779042243958
8,6,"(1, 2)",0.05576014518737793,0,0.05576014518737793
9,1,"(2, 3)",17.05812644958496,6,11.058126449584961
9,1,"(1, 2)",15.633994102478027,7,8.633994102478027
9,1,"(3, 4)",14.719473838806152,7,7.719473838806152
9,2,"(2, 3)",14.28184700012207,6,8.28184700012207
9,2,"(1, 2)",14.280009269714355,7,7.2800092697143555
9,3,"(2, 3)",12.499728202819824,8,4.499728202819824
9,3,"(3, 4)",12.744832992553711,6,6.744832992553711
9,6,"(2, 3)",10.876457214355469,12,1.1235427856445312
9,6,"(1, 2)",10.933653831481934,7,3.9336538314819336
9,7,"(0, 1)",11.359663963317871,9,2.359663963317871
9,7,"(1, 2)",14.35960865020752,10,4.3596086502075195
9,7,"(2, 3)",14.347088813781738,15,0.6529111862182617
9,7,"(3, 4)",10.976283073425293,8,2.976283073425293
9,8,"(2, 3)",9.152215003967285,12,2.847784996032715
9,8,"(1, 2)",7.868228435516357,8,0.13177156448364258
9,8,"(3, 4)",7.778474807739258,6,1.7784748077392578
9,9,"(0, 1)",6.972265720367432,5,1.9722657203674316
9,9,"(1, 2)",6.2640461921691895,7,0.7359538078308105
9,12,"(0, 1)",4.989403247833252,5,0.010596752166748047
9,12,"(1, 2)",6.492134094238281,7,0.5078659057617188
9,12,"(2, 3)",6.622872352600098,7,0.37712764739990234
9,12,"(3, 4)",5.017249584197998,4,1.017249584197998
9,13,"(2, 3)",4.408070087432861,4,0.40807008743286133
9,13,"(1, 2)",4.383500099182129,4,0.3835000991821289
9,13,"(3, 4)",3.941653251647949,2,1.9416532516479492
9,13,"(0, 1)",4.1311116218566895,3,1.1311116218566895
10,1,"(0, 1)",9.19653606414795,7,2.196536064147949
10,1,"(1, 2)",9.879130363464355,9,0.8791303634643555
10,1,"(2, 3)",8.728758811950684,7,1.7287588119506836
10,2,"(2, 3)",7.706777572631836,6,1.706777572631836
10,2,"(3, 4)",6.103206634521484,6,0.10320663452148438
10,4,"(2, 3)",5.504420280456543,7,1.495579719543457
10,4,"(3, 4)",5.089160919189453,7,1.9108390808105469
10,5,"(0, 1)",3.4716405868530273,4,0.5283594131469727
10,5,"(1, 2)",4.638578414916992,4,0.6385784149169922
10,6,"(2, 3)",4.020424842834473,5,0.9795751571655273
10,6,"(1, 2)",4.911376953125,4,0.911376953125
10,6,"(0, 1)",4.369647026062012,4,0.3696470260620117
10,7,"(2, 3)",3.8152871131896973,4,0.18471288681030273
10,7,"(1, 2)",3.347799301147461,2,1.347799301147461
10,7,"(3, 4)",4.442571640014648,3,1.4425716400146484
10,9,"(0, 1)",0.2059890180826187,0,0.2059890180826187
10,9,"(1, 2)",0.17118015885353088,0,0.17118015885353088
11,3,"(2, 3)",15.43215274810791,12,3.43215274810791
11,3,"(1, 2)",14.173462867736816,14,0.1734628677368164
11,3,"(3, 4)",12.654001235961914,7,5.654001235961914
11,4,"(2, 3)",18.25055503845215,12,6.250555038452148
11,4,"(1, 2)",17.975154876708984,14,3.9751548767089844
11,4,"(3, 4)",14.788494110107422,7,7.788494110107422
11,4,"(0, 1)",14.460386276245117,11,3.460386276245117
11,5,"(0, 1)",12.890942573547363,9,3.8909425735473633
11,5,"(1, 2)",15.445535659790039,12,3.445535659790039
11,5,"(2, 3)",15.455682754516602,9,6.455682754516602
11,5,"(3, 4)",12.6957426071167,5,7.695742607116699
11,7,"(2, 3)",8.469285011291504,5,3.469285011291504
11,7,"(3, 4)",8.426207542419434,3,5.426207542419434
11,8,"(0, 1)",8.956473350524902,7,1.9564733505249023
11,8,"(1, 2)",10.404982566833496,9,1.404982566833496
11,8,"(2, 3)",10.475323677062988,6,4.475323677062988
11,8,"(3, 4)",8.953150749206543,3,5.953150749206543
11,9,"(2, 3)",5.254761695861816,4,1.2547616958618164
11,9,"(3, 4)",8.090227127075195,1,7.090227127075195
11,10,"(2, 3)",7.198782920837402,4,3.1987829208374023
11,10,"(1, 2)",6.104657173156738,4,2.1046571731567383
11,10,"(3, 4)",5.475449085235596,1,4.475449085235596
12,2,"(2, 3)",5.133591651916504,6,0.8664083480834961
12,2,"(1, 2)",6.187769889831543,4,2.187769889831543
12,2,"(0, 1)",4.6533355712890625,3,1.6533355712890625
12,3,"(0, 1)",3.335144519805908,2,1.3351445198059082
12,3,"(1, 2)",3.102208137512207,2,1.102208137512207
12,5,"(0, 1)",2.8196921348571777,2,0.8196921348571777
12,5,"(1, 2)",3.029188632965088,2,1.029188632965088
12,5,"(2, 3)",2.0920777320861816,2,0.09207773208618164
13,1,"(2, 3)",14.094772338867188,6,8.094772338867188
13,1,"(1, 2)",15.165899276733398,8,7.165899276733398
13,1,"(0, 1)",13.999273300170898,13,0.9992733001708984
13,2,"(2, 3)",14.11816120147705,5,9.11816120147705
13,2,"(1, 2)",12.993908882141113,7,5.993908882141113
13,2,"(3, 4)",13.03239917755127,10,3.0323991775512695
13,3,"(2, 3)",9.1975736618042,3,6.197573661804199
13,3,"(1, 2)",9.132859230041504,7,2.132859230041504
13,4,"(2, 3)",11.680710792541504,4,7.680710792541504
13,4,"(1, 2)",10.837235450744629,7,3.837235450744629
13,4,"(3, 4)",11.897063255310059,7,4.897063255310059
13,5,"(0, 1)",9.778417587280273,7,2.7784175872802734
13,5,"(1, 2)",11.311419486999512,7,4.311419486999512
13,5,"(2, 3)",10.090055465698242,4,6.090055465698242
13,6,"(2, 3)",7.028924942016602,3,4.028924942016602
13,6,"(1, 2)",6.907674789428711,6,0.9076747894287109
13,7,"(2, 3)",6.6366777420043945,4,2.6366777420043945
13,7,"(3, 4)",8.97470474243164,6,2.9747047424316406
13,11,"(2, 3)",4.7395524978637695,3,1.7395524978637695
13,11,"(1, 2)",4.200104236602783,4,0.2001042366027832
13,11,"(3, 4)",5.178900241851807,7,1.8210997581481934
13,13,"(2, 3)",2.019472122192383,1,1.0194721221923828
13,13,"(1, 2)",3.068838596343994,2,1.0688385963439941
13,13,"(0, 1)",1.9996460676193237,3,1.0003539323806763
13,14,"(2, 3)",0.1495564579963684,0,0.1495564579963684
13,14,"(1, 2)",0.1323675811290741,0,0.1323675811290741
14,1,"(0, 1)",11.631624221801758,8,3.631624221801758
14,1,"(1, 2)",8.38623332977295,7,1.3862333297729492
14,2,"(0, 1)",9.924004554748535,9,0.9240045547485352
14,2,"(1, 2)",9.560345649719238,7,2.5603456497192383
14,2,"(2, 3)",8.713208198547363,6,2.7132081985473633
14,3,"(2, 3)",6.921908378601074,7,0.07809162139892578
14,3,"(1, 2)",6.905810356140137,6,0.9058103561401367
14,4,"(2, 3)",8.274041175842285,7,1.2740411758422852
14,4,"(1, 2)",6.879469871520996,7,0.1205301284790039
14,4,"(3, 4)",6.497836112976074,5,1.4978361129760742
14,6,"(2, 3)",5.195836544036865,4,1.1958365440368652
14,6,"(1, 2)",5.610231399536133,6,0.3897686004638672
14,6,"(0, 1)",6.866547584533691,6,0.8665475845336914
14,7,"(2, 3)",3.168769359588623,3,0.16876935958862305
14,7,"(3, 4)",3.567265033721924,1,2.567265033721924
14,9,"(2, 3)",2.828808307647705,2,0.8288083076477051
14,9,"(1, 2)",1.895431637763977,2,0.10456836223602295
14,9,"(3, 4)",1.8128663301467896,1,0.8128663301467896
15,2,"(2, 3)",13.615082740783691,7,6.615082740783691
15,2,"(3, 4)",13.618681907653809,6,7.618681907653809
15,6,"(0, 1)",10.792162895202637,10,0.7921628952026367
15,6,"(1, 2)",11.666176795959473,11,0.6661767959594727
15,6,"(2, 3)",11.729615211486816,9,2.7296152114868164
15,6,"(3, 4)",10.718697547912598,12,1.2813024520874023
15,7,"(0, 1)",8.798151016235352,8,0.7981510162353516
15,7,"(1, 2)",10.227362632751465,9,1.2273626327514648
15,7,"(2, 3)",9.026532173156738,6,3.0265321731567383
15,9,"(2, 3)",7.843552589416504,8,0.1564474105834961
15,9,"(1, 2)",6.707162857055664,6,0.7071628570556641
15,9,"(3, 4)",7.576225280761719,7,0.5762252807617188
15,10,"(2, 3)",5.955536842346191,6,0.044463157653808594
15,10,"(1, 2)",6.996447563171387,5,1.9964475631713867
15,10,"(0, 1)",5.990414619445801,4,1.9904146194458008
15,11,"(2, 3)",5.754549026489258,5,0.7545490264892578
15,11,"(1, 2)",5.044857978820801,3,2.044857978820801
15,11,"(3, 4)",5.985367774963379,3,2.985367774963379
15,14,"(0, 1)",1.6105791330337524,0,1.6105791330337524
15,14,"(1, 2)",0.5627011060714722,0,0.5627011060714722
16,1,"(0, 1)",11.149901390075684,8,3.1499013900756836
16,1,"(1, 2)",12.807029724121094,15,2.1929702758789062
16,1,"(2, 3)",12.845770835876465,8,4.845770835876465
16,1,"(3, 4)",11.148131370544434,11,0.1481313705444336
16,3,"(2, 3)",7.339510917663574,5,2.339510917663574
16,3,"(3, 4)",7.6695237159729,11,3.3304762840270996
16,4,"(2, 3)",7.373499870300293,8,0.626500129699707
16,4,"(1, 2)",8.307668685913086,13,4.692331314086914
16,4,"(0, 1)",6.500937461853027,9,2.4990625381469727
16,5,"(2, 3)",8.005093574523926,7,1.0050935745239258
16,5,"(1, 2)",7.888915061950684,11,3.1110849380493164
16,5,"(3, 4)",6.841529846191406,10,3.1584701538085938
16,5,"(0, 1)",6.860729217529297,8,1.1392707824707031
16,6,"(2, 3)",3.5467090606689453,4,0.4532909393310547
16,6,"(3, 4)",5.048847675323486,8,2.9511523246765137
16,7,"(2, 3)",4.004073619842529,4,0.004073619842529297
16,7,"(1, 2)",5.124932289123535,6,0.8750677108764648
16,7,"(0, 1)",3.7125000953674316,5,1.2874999046325684
16,9,"(2, 3)",1.8312040567398071,3,1.1687959432601929
16,9,"(1, 2)",1.636361002922058,3,1.363638997077942
16,10,"(0, 1)",2.1755566596984863,2,0.17555665969848633
16,10,"(1, 2)",3.114978790283203,3,0.11497879028320312
16,10,"(2, 3)",3.1592864990234375,3,0.1592864990234375
16,10,"(3, 4)",2.1576647758483887,2,0.15766477584838867
17,1,"(0, 1)",13.772753715515137,9,4.772753715515137
17,1,"(1, 2)",13.311277389526367,9,4.311277389526367
17,1,"(2, 3)",12.591456413269043,5,7.591456413269043
17,3,"(2, 3)",10.275345802307129,4,6.275345802307129
17,3,"(1, 2)",10.36085033416748,8,2.3608503341674805
17,4,"(2, 3)",10.668780326843262,4,6.668780326843262
17,4,"(1, 2)",9.868546485900879,8,1.868546485900879
17,4,"(3, 4)",11.099587440490723,7,4.099587440490723
17,5,"(2, 3)",8.594204902648926,2,6.594204902648926
17,5,"(3, 4)",7.60983943939209,6,1.6098394393920898
17,6,"(2, 3)",7.339510917663574,3,4.339510917663574
17,6,"(3, 4)",7.6695237159729,6,1.6695237159729004
17,7,"(0, 1)",7.59408712387085,7,0.5940871238708496
17,7,"(1, 2)",7.882488250732422,7,0.8824882507324219
17,7,"(2, 3)",6.782434940338135,4,2.7824349403381348
17,10,"(2, 3)",3.334503650665283,2,1.3345036506652832
17,10,"(1, 2)",3.422128200531006,4,0.5778717994689941
17,11,"(2, 3)",2.0529932975769043,2,0.0529932975769043
17,11,"(3, 4)",2.7633562088012695,3,0.23664379119873047
17,13,"(0, 1)",1.1439096927642822,1,0.14390969276428223
17,13,"(1, 2)",2.0451745986938477,2,0.045174598693847656
17,13,"(2, 3)",1.0560410022735596,1,0.05604100227355957
18,1,"(2, 3)",14.420620918273926,9,5.420620918273926
18,1,"(1, 2)",13.158967018127441,4,9.158967018127441
18,1,"(3, 4)",12.7714204788208,5,7.771420478820801
18,4,"(0, 1)",11.1405611038208,10,1.1405611038208008
18,4,"(1, 2)",8.238173484802246,6,2.238173484802246
18,5,"(0, 1)",10.885878562927246,10,0.8858785629272461
18,5,"(1, 2)",6.082406520843506,7,0.9175934791564941
18,6,"(2, 3)",9.864871978759766,9,0.8648719787597656
18,6,"(1, 2)",8.694670677185059,8,0.6946706771850586
18,6,"(3, 4)",7.022414207458496,8,0.9775857925415039
18,8,"(2, 3)",7.198782920837402,7,0.19878292083740234
18,8,"(1, 2)",6.104657173156738,6,0.10465717315673828
18,8,"(3, 4)",5.475449085235596,9,3.5245509147644043
18,9,"(2, 3)",3.623216152191162,5,1.376783847808838
18,9,"(1, 2)",3.770775318145752,5,1.229224681854248
18,10,"(0, 1)",5.117428779602051,7,1.8825712203979492
18,10,"(1, 2)",4.724847316741943,5,0.27515268325805664
18,10,"(2, 3)",4.605953216552734,5,0.3940467834472656
18,10,"(3, 4)",4.893951416015625,6,1.106048583984375
18,12,"(2, 3)",2.828808307647705,2,0.8288083076477051
18,12,"(1, 2)",1.895431637763977,1,0.895431637763977
18,12,"(3, 4)",1.8128663301467896,3,1.1871336698532104
18,13,"(2, 3)",0.1495564579963684,0,0.1495564579963684
18,13,"(1, 2)",0.1323675811290741,0,0.1323675811290741
19,1,"(2, 3)",3.5467090606689453,2,1.5467090606689453
19,1,"(3, 4)",5.048847675323486,2,3.0488476753234863
19,2,"(2, 3)",2.7410683631896973,2,0.7410683631896973
19,2,"(1, 2)",2.8667397499084473,1,1.8667397499084473
20,1,"(0, 1)",16.912466049194336,12,4.912466049194336
20,1,"(1, 2)",19.085172653198242,10,9.085172653198242
20,1,"(2, 3)",19.182802200317383,9,10.182802200317383
20,1,"(3, 4)",16.718542098999023,12,4.718542098999023
20,2,"(2, 3)",14.094772338867188,9,5.0947723388671875
20,2,"(1, 2)",15.165899276733398,10,5.165899276733398
20,2,"(0, 1)",13.999273300170898,12,1.9992733001708984
20,4,"(2, 3)",11.174315452575684,11,0.1743154525756836
20,4,"(1, 2)",11.33906078338623,8,3.3390607833862305
20,5,"(0, 1)",12.255486488342285,12,0.25548648834228516
20,5,"(1, 2)",14.018671035766602,8,6.018671035766602
20,5,"(2, 3)",14.081679344177246,13,1.081679344177246
20,5,"(3, 4)",12.224432945251465,9,3.224432945251465
20,6,"(2, 3)",11.299738883972168,10,1.299738883972168
20,6,"(1, 2)",9.989995002746582,7,2.989995002746582
20,6,"(3, 4)",9.737260818481445,7,2.7372608184814453
20,7,"(2, 3)",8.45491886138916,9,0.5450811386108398
20,7,"(1, 2)",8.413052558898926,8,0.4130525588989258
20,8,"(0, 1)",8.956473350524902,9,0.043526649475097656
20,8,"(1, 2)",10.404982566833496,8,2.404982566833496
20,8,"(2, 3)",10.475323677062988,9,1.4753236770629883
20,8,"(3, 4)",8.953150749206543,9,0.04684925079345703
20,10,"(2, 3)",6.8131914138793945,5,1.8131914138793945
20,10,"(1, 2)",5.930126190185547,6,0.06987380981445312
20,10,"(3, 4)",6.817816734313965,7,0.18218326568603516
20,11,"(0, 1)",4.343130588531494,4,0.34313058853149414
20,11,"(1, 2)",4.413381099700928,5,0.5866189002990723
20,12,"(2, 3)",0.7263587117195129,1,0.27364128828048706
20,12,"(3, 4)",4.927972793579102,5,0.07202720642089844
20,13,"(0, 1)",2.7790517807006836,3,0.2209482192993164
20,13,"(1, 2)",3.918628215789795,3,0.9186282157897949
20,13,"(2, 3)",2.905128002166748,1,1.905128002166748
20,14,"(2, 3)",1.1089022159576416,0,1.1089022159576416
20,14,"(1, 2)",1.0875858068466187,1,0.08758580684661865
21,1,"(2, 3)",5.754549026489258,7,1.2454509735107422
21,1,"(1, 2)",5.044857978820801,3,2.044857978820801
21,1,"(3, 4)",5.985367774963379,5,0.9853677749633789
21,2,"(0, 1)",4.505736827850342,1,3.505736827850342
21,2,"(1, 2)",2.3527894020080566,2,0.35278940200805664
21,3,"(2, 3)",2.997753143310547,3,0.002246856689453125
21,3,"(1, 2)",4.041967391967773,2,2.0419673919677734
21,3,"(0, 1)",2.817103862762451,1,1.8171038627624512
22,1,"(2, 3)",8.469285011291504,4,4.469285011291504
22,1,"(3, 4)",8.426207542419434,6,2.4262075424194336
22,2,"(2, 3)",6.050501823425293,6,0.05050182342529297
22,2,"(1, 2)",6.362931251525879,3,3.362931251525879
22,3,"(2, 3)",5.9912428855896,8,2.0087571144104004
22,3,"(1, 2)",6.040003776550293,3,3.040003776550293
22,5,"(2, 3)",6.137328147888184,8,1.8626718521118164
22,5,"(1, 2)",4.961518287658691,2,2.9615182876586914
22,5,"(3, 4)",4.5507965087890625,3,1.5507965087890625
22,8,"(2, 3)",3.0361132621765137,4,0.9638867378234863
22,8,"(1, 2)",2.050348997116089,1,1.0503489971160889
22,8,"(3, 4)",2.8007616996765137,2,0.8007616996765137
22,9,"(0, 1)",0.2059890180826187,0,0.2059890180826187
22,9,"(1, 2)",0.17118015885353088,0,0.17118015885353088
23,2,"(2, 3)",8.252654075622559,3,5.252654075622559
23,2,"(1, 2)",7.180808067321777,5,2.1808080673217773
23,2,"(3, 4)",6.393047332763672,5,1.3930473327636719
23,5,"(2, 3)",2.292062759399414,1,1.292062759399414
23,5,"(3, 4)",4.444754600524902,4,0.44475460052490234
23,6,"(2, 3)",1.1205859184265137,1,0.12058591842651367
23,6,"(1, 2)",0.941597580909729,0,0.941597580909729
23,7,"(2, 3)",1.1089022159576416,1,0.1089022159576416
23,7,"(1, 2)",1.0875858068466187,0,1.0875858068466187
24,1,"(2, 3)",12.741607666015625,8,4.741607666015625
24,1,"(1, 2)",12.7185640335083,4,8.7185640335083
24,4,"(0, 1)",7.917111873626709,5,2.917111873626709
24,4,"(1, 2)",9.765870094299316,7,2.7658700942993164
24,6,"(0, 1)",8.945183753967285,6,2.945183753967285
24,6,"(1, 2)",8.396108627319336,8,0.39610862731933594
24,6,"(2, 3)",8.304595947265625,9,0.695404052734375
24,6,"(3, 4)",8.800240516662598,10,1.1997594833374023
24,9,"(0, 1)",4.604551792144775,5,0.3954482078552246
24,9,"(1, 2)",6.111910820007324,6,0.11191082000732422
24,9,"(2, 3)",4.881460189819336,6,1.118539810180664
24,11,"(0, 1)",3.595719337463379,4,0.4042806625366211
24,11,"(1, 2)",4.032888412475586,3,1.032888412475586
24,11,"(2, 3)",3.109452247619629,5,1.890547752380371
24,12,"(0, 1)",2.063231945037842,3,0.9367680549621582
24,12,"(1, 2)",0.7124311327934265,1,0.2875688672065735
24,13,"(2, 3)",2.0406453609466553,2,0.04064536094665527
24,13,"(1, 2)",1.0231412649154663,1,0.02314126491546631
24,13,"(3, 4)",1.119098424911499,1,0.11909842491149902
25,2,"(2, 3)",5.592449188232422,1,4.592449188232422
25,2,"(3, 4)",9.695416450500488,9,0.6954164505004883
25,3,"(2, 3)",5.260498046875,3,2.260498046875
25,3,"(1, 2)",5.197423458099365,5,0.19742345809936523
25,4,"(2, 3)",5.104586601257324,3,2.104586601257324
25,4,"(1, 2)",5.115095138549805,5,0.11509513854980469
25,5,"(2, 3)",5.179043292999268,3,2.1790432929992676
25,5,"(1, 2)",5.038026809692383,5,0.03802680969238281
25,7,"(2, 3)",1.92447829246521,3,1.07552170753479
25,7,"(3, 4)",2.454610824584961,4,1.545389175415039
25,8,"(2, 3)",2.019472122192383,3,0.9805278778076172
25,8,"(1, 2)",3.068838596343994,2,1.0688385963439941
25,8,"(0, 1)",1.9996460676193237,1,0.9996460676193237
25,9,"(0, 1)",0.06365779042243958,0,0.06365779042243958
25,9,"(1, 2)",0.05576014518737793,0,0.05576014518737793
26,2,"(2, 3)",6.574419975280762,5,1.5744199752807617
26,2,"(1, 2)",5.266785621643066,4,1.2667856216430664
26,2,"(3, 4)",4.324835300445557,4,0.32483530044555664
26,3,"(2, 3)",3.334503650665283,3,0.3345036506652832
26,3,"(1, 2)",3.422128200531006,3,0.42212820053100586
26,4,"(2, 3)",4.0126471519470215,3,1.0126471519470215
26,4,"(1, 2)",2.883108615875244,3,0.11689138412475586
26,4,"(3, 4)",2.704106330871582,1,1.704106330871582
26,5,"(2, 3)",1.423596739768982,1,0.42359673976898193
26,5,"(3, 4)",0.899305522441864,0,0.899305522441864
27,3,"(0, 1)",10.190926551818848,6,4.190926551818848
27,3,"(1, 2)",10.663744926452637,6,4.663744926452637
27,4,"(0, 1)",9.483423233032227,7,2.4834232330322266
27,4,"(1, 2)",12.31624698638916,8,4.31624698638916
27,4,"(2, 3)",11.208460807800293,3,8.208460807800293
27,6,"(0, 1)",7.3720808029174805,7,0.37208080291748047
27,6,"(1, 2)",9.8826322555542,7,2.882632255554199
27,6,"(2, 3)",8.588059425354004,5,3.588059425354004
27,7,"(2, 3)",5.260498046875,6,0.739501953125
27,7,"(1, 2)",5.197423458099365,6,0.8025765419006348
27,9,"(2, 3)",4.250181674957275,6,1.7498183250427246
27,9,"(1, 2)",4.1949028968811035,5,0.8050971031188965
27,10,"(0, 1)",3.7218189239501953,5,1.2781810760498047
27,10,"(1, 2)",5.015313625335693,5,0.01531362533569336
27,10,"(2, 3)",3.8918075561523438,6,2.1081924438476562
27,11,"(0, 1)",2.4844322204589844,4,1.5155677795410156
27,11,"(1, 2)",1.9441417455673218,3,1.0558582544326782
27,12,"(2, 3)",2.209432601928711,3,0.7905673980712891
27,12,"(1, 2)",3.0739378929138184,3,0.07393789291381836
27,12,"(0, 1)",2.8330421447753906,4,1.1669578552246094
27,13,"(2, 3)",2.1914608478546143,2,0.19146084785461426
27,13,"(1, 2)",1.118086814880371,1,0.1180868148803711
27,13,"(3, 4)",1.1697611808776855,1,0.16976118087768555
28,2,"(0, 1)",11.149901390075684,9,2.1499013900756836
28,2,"(1, 2)",12.807029724121094,8,4.807029724121094
28,2,"(2, 3)",12.845770835876465,8,4.845770835876465
28,2,"(3, 4)",11.148131370544434,8,3.1481313705444336
28,4,"(2, 3)",9.358464241027832,4,5.358464241027832
28,4,"(1, 2)",7.988436698913574,8,0.011563301086425781
28,4,"(3, 4)",7.483893871307373,6,1.483893871307373
28,5,"(2, 3)",6.77079963684082,4,2.7707996368408203
28,5,"(1, 2)",6.837125778198242,8,1.1628742218017578
28,7,"(2, 3)",4.380475997924805,3,1.3804759979248047
28,7,"(3, 4)",4.283819675445557,4,0.28381967544555664
28,8,"(0, 1)",5.264972686767578,5,0.2649726867675781
28,8,"(1, 2)",4.833718299865723,6,1.1662817001342773
28,8,"(2, 3)",4.08287239074707,3,1.0828723907470703
28,10,"(2, 3)",1.423596739768982,2,0.5764032602310181
28,10,"(3, 4)",0.899305522441864,1,0.10069447755813599
28,11,"(2, 3)",2.1914608478546143,2,0.19146084785461426
28,11,"(1, 2)",1.118086814880371,1,0.1180868148803711
28,11,"(3, 4)",1.1697611808776855,1,0.16976118087768555
29,1,"(0, 1)",4.343130588531494,6,1.6568694114685059
29,1,"(1, 2)",4.413381099700928,3,1.4133810997009277
29,2,"(2, 3)",3.6220531463623047,4,0.3779468536376953
29,2,"(3, 4)",2.423583984375,1,1.423583984375
29,3,"(2, 3)",3.9289016723632812,4,0.07109832763671875
29,3,"(1, 2)",2.8324618339538574,1,1.8324618339538574
29,3,"(3, 4)",2.746033191680908,1,1.7460331916809082
30,2,"(2, 3)",6.8131914138793945,5,1.8131914138793945
30,2,"(1, 2)",5.930126190185547,9,3.069873809814453
30,2,"(3, 4)",6.817816734313965,5,1.8178167343139648
30,3,"(2, 3)",4.323509216308594,3,1.3235092163085938
30,3,"(3, 4)",2.3213210105895996,4,1.6786789894104004
30,4,"(0, 1)",2.626826286315918,3,0.37317371368408203
30,4,"(1, 2)",3.654888153076172,6,2.345111846923828
30,5,"(0, 1)",4.431514739990234,3,1.4315147399902344
30,5,"(1, 2)",3.823664665222168,6,2.176335334777832
30,5,"(2, 3)",3.1367783546447754,1,2.1367783546447754
30,6,"(2, 3)",0.4943672716617584,0,0.4943672716617584
30,6,"(3, 4)",0.1475151777267456,0,0.1475151777267456
30,7,"(2, 3)",0.08881738781929016,0,0.08881738781929016
30,7,"(3, 4)",0.03796178102493286,0,0.03796178102493286
31,1,"(2, 3)",11.657652854919434,9,2.6576528549194336
31,1,"(3, 4)",9.412442207336426,4,5.412442207336426
31,2,"(0, 1)",10.190926551818848,7,3.1909265518188477
31,2,"(1, 2)",10.663744926452637,4,6.663744926452637
31,4,"(0, 1)",8.478442192077637,11,2.5215578079223633
31,4,"(1, 2)",8.49927043914795,5,3.499270439147949
31,5,"(2, 3)",9.304617881774902,10,0.6953821182250977
31,5,"(1, 2)",8.258441925048828,7,1.2584419250488281
31,5,"(3, 4)",7.344046115875244,7,0.34404611587524414
31,6,"(2, 3)",8.06418228149414,11,2.9358177185058594
31,6,"(1, 2)",6.806275844573975,9,2.1937241554260254
31,6,"(3, 4)",6.8175859451293945,8,1.1824140548706055
31,7,"(2, 3)",5.504420280456543,9,3.495579719543457
31,7,"(3, 4)",5.089160919189453,7,1.9108390808105469
31,8,"(0, 1)",4.146764755249023,7,2.8532352447509766
31,8,"(1, 2)",4.319755554199219,6,1.6802444458007812
31,10,"(2, 3)",4.026495933532715,6,1.9735040664672852
31,10,"(1, 2)",3.0550689697265625,6,2.9449310302734375
31,10,"(3, 4)",3.5674338340759277,6,2.4325661659240723
31,11,"(0, 1)",1.852382779121399,3,1.147617220878601
31,11,"(1, 2)",2.7951579093933105,5,2.2048420906066895
31,11,"(2, 3)",1.9468495845794678,4,2.0531504154205322
31,12,"(0, 1)",2.1755566596984863,2,0.17555665969848633
31,12,"(1, 2)",3.114978790283203,3,0.11497879028320312
31,12,"(2, 3)",3.1592864990234375,3,0.1592864990234375
31,12,"(3, 4)",2.1576647758483887,2,0.15766477584838867
32,2,"(2, 3)",16.121604919433594,9,7.121604919433594
32,2,"(1, 2)",15.766136169433594,11,4.766136169433594
32,2,"(3, 4)",12.501126289367676,5,7.501126289367676
32,2,"(0, 1)",11.948958396911621,8,3.948958396911621
32,3,"(0, 1)",10.248372077941895,8,2.2483720779418945
32,3,"(1, 2)",13.144759178161621,11,2.144759178161621
32,3,"(2, 3)",13.20525074005127,9,4.2052507400512695
32,3,"(3, 4)",9.948241233825684,5,4.948241233825684
32,5,"(2, 3)",5.504420280456543,8,2.495579719543457
32,5,"(3, 4)",5.089160919189453,4,1.0891609191894531
32,6,"(2, 3)",6.574419975280762,8,1.4255800247192383
32,6,"(1, 2)",5.266785621643066,6,0.7332143783569336
32,6,"(3, 4)",4.324835300445557,4,0.32483530044555664
32,9,"(0, 1)",3.060983180999756,5,1.9390168190002441
32,9,"(1, 2)",4.071023464202881,4,0.07102346420288086
32,9,"(2, 3)",4.199753284454346,5,0.8002467155456543
32,9,"(3, 4)",3.0778069496154785,3,0.07780694961547852
32,10,"(2, 3)",2.1914608478546143,2,0.19146084785461426
32,10,"(1, 2)",1.118086814880371,1,0.1180868148803711
32,10,"(3, 4)",1.1697611808776855,1,0.16976118087768555
33,2,"(0, 1)",13.772753715515137,4,9.772753715515137
33,2,"(1, 2)",13.311277389526367,9,4.311277389526367
33,2,"(2, 3)",12.591456413269043,5,7.591456413269043
33,3,"(0, 1)",12.68372631072998,4,8.68372631072998
33,3,"(1, 2)",12.955071449279785,9,3.955071449279785
33,3,"(2, 3)",12.995329856872559,4,8.995329856872559
33,3,"(3, 4)",12.53705883026123,3,9.53705883026123
33,9,"(2, 3)",5.639045238494873,6,0.36095476150512695
33,9,"(3, 4)",4.272147178649902,5,0.7278528213500977
33,12,"(2, 3)",1.92447829246521,4,2.07552170753479
33,12,"(3, 4)",2.454610824584961,5,2.545389175415039
33,13,"(0, 1)",3.060983180999756,3,0.06098318099975586
33,13,"(1, 2)",4.071023464202881,5,0.9289765357971191
33,13,"(2, 3)",4.199753284454346,4,0.1997532844543457
33,13,"(3, 4)",3.0778069496154785,5,1.9221930503845215
33,14,"(2, 3)",1.2012345790863037,1,0.2012345790863037
33,14,"(1, 2)",2.191760540008545,2,0.19176054000854492
33,14,"(0, 1)",1.261260986328125,1,0.261260986328125
34,1,"(2, 3)",6.921908378601074,8,1.0780916213989258
34,1,"(1, 2)",6.905810356140137,7,0.09418964385986328
34,2,"(2, 3)",8.140108108520508,8,0.1401081085205078
34,2,"(1, 2)",8.088884353637695,8,0.08888435363769531
34,2,"(3, 4)",7.803210258483887,7,0.8032102584838867
34,2,"(0, 1)",7.739177703857422,7,0.7391777038574219
34,3,"(2, 3)",5.990292072296143,5,0.9902920722961426
34,3,"(1, 2)",6.8683061599731445,5,1.8683061599731445
34,3,"(0, 1)",6.862070560455322,5,1.8620705604553223
34,6,"(2, 3)",4.0126471519470215,3,1.0126471519470215
34,6,"(1, 2)",2.883108615875244,2,0.8831086158752441
34,6,"(3, 4)",2.704106330871582,1,1.704106330871582
35,1,"(2, 3)",12.929433822631836,8,4.929433822631836
35,1,"(1, 2)",13.534622192382812,8,5.5346221923828125
35,1,"(0, 1)",14.354334831237793,5,9.354334831237793
35,5,"(0, 1)",7.741305351257324,5,2.741305351257324
35,5,"(1, 2)",8.645611763000488,10,1.3543882369995117
35,6,"(2, 3)",7.706777572631836,7,0.7067775726318359
35,6,"(3, 4)",6.103206634521484,5,1.1032066345214844
35,7,"(0, 1)",7.890215873718262,6,1.8902158737182617
35,7,"(1, 2)",9.154576301574707,10,0.845423698425293
35,7,"(2, 3)",9.25870418548584,8,1.2587041854858398
35,7,"(3, 4)",7.865631103515625,5,2.865631103515625
35,9,"(2, 3)",6.809542179107666,5,1.809542179107666
35,9,"(1, 2)",6.653924465179443,6,0.6539244651794434
35,9,"(3, 4)",5.84716796875,2,3.84716796875
35,9,"(0, 1)",5.900465965270996,4,1.900465965270996
35,12,"(2, 3)",1.47701096534729,1,0.47701096534729004
35,12,"(3, 4)",0.6959632039070129,0,0.6959632039070129
36,1,"(2, 3)",5.104586601257324,1,4.104586601257324
36,1,"(1, 2)",5.115095138549805,7,1.8849048614501953
36,3,"(2, 3)",0.7263587117195129,1,0.27364128828048706
36,3,"(3, 4)",4.927972793579102,3,1.9279727935791016
36,4,"(2, 3)",2.997753143310547,1,1.9977531433105469
36,4,"(1, 2)",4.041967391967773,4,0.04196739196777344
36,4,"(0, 1)",2.817103862762451,1,1.8171038627624512
37,2,"(2, 3)",6.129703521728516,6,0.12970352172851562
37,2,"(1, 2)",4.782978057861328,4,0.7829780578613281
37,2,"(3, 4)",4.56815242767334,7,2.43184757232666
37,3,"(2, 3)",4.702057361602783,4,0.7020573616027832
37,3,"(1, 2)",4.614800930023193,3,1.6148009300231934
37,3,"(3, 4)",5.079649925231934,6,0.9203500747680664
37,3,"(0, 1)",4.925214767456055,6,1.0747852325439453
37,4,"(2, 3)",0.7584527134895325,1,0.24154728651046753
37,4,"(1, 2)",1.077770471572876,0,1.077770471572876
37,5,"(2, 3)",1.1089022159576416,1,0.1089022159576416
37,5,"(1, 2)",1.0875858068466187,0,1.0875858068466187
38,1,"(2, 3)",8.594204902648926,4,4.594204902648926
38,1,"(3, 4)",7.60983943939209,6,1.6098394393920898
38,2,"(2, 3)",7.26038122177124,4,3.2603812217712402
38,2,"(3, 4)",7.450690269470215,6,1.4506902694702148
38,3,"(2, 3)",8.06418228149414,5,3.0641822814941406
38,3,"(1, 2)",6.806275844573975,6,0.8062758445739746
38,3,"(3, 4)",6.8175859451293945,6,0.8175859451293945
38,4,"(2, 3)",5.0508527755737305,3,2.0508527755737305
38,4,"(1, 2)",5.085346221923828,5,0.08534622192382812
38,7,"(0, 1)",3.595719337463379,2,1.595719337463379
38,7,"(1, 2)",4.032888412475586,4,0.03288841247558594
38,7,"(2, 3)",3.109452247619629,2,1.109452247619629
38,8,"(2, 3)",1.423596739768982,1,0.42359673976898193
38,8,"(3, 4)",0.899305522441864,0,0.899305522441864
39,1,"(2, 3)",14.97659969329834,8,6.97659969329834
39,1,"(3, 4)",12.711020469665527,8,4.711020469665527
39,2,"(2, 3)",14.884814262390137,9,5.884814262390137
39,2,"(1, 2)",14.956595420837402,4,10.956595420837402
39,4,"(2, 3)",13.38349437713623,10,3.3834943771362305
39,4,"(1, 2)",12.11727237701416,6,6.11727237701416
39,4,"(3, 4)",11.74551773071289,7,4.745517730712891
39,5,"(0, 1)",11.248642921447754,5,6.248642921447754
39,5,"(1, 2)",10.2728853225708,5,5.272885322570801
39,6,"(2, 3)",11.558796882629395,9,2.5587968826293945
39,6,"(1, 2)",11.592865943908691,6,5.592865943908691
39,7,"(0, 1)",11.359663963317871,6,5.359663963317871
39,7,"(1, 2)",14.35960865020752,6,8.35960865020752
39,7,"(2, 3)",14.347088813781738,11,3.3470888137817383
39,7,"(3, 4)",10.976283073425293,5,5.976283073425293
39,9,"(2, 3)",6.644924640655518,12,5.355075359344482
39,9,"(3, 4)",5.187645435333252,6,0.812354564666748
39,10,"(0, 1)",6.169737815856934,8,1.8302621841430664
39,10,"(1, 2)",5.048886299133301,5,0.04888629913330078
39,12,"(2, 3)",5.080360412597656,9,3.9196395874023438
39,12,"(1, 2)",3.8526148796081543,5,1.1473851203918457
39,12,"(3, 4)",3.6027989387512207,5,1.3972010612487793
39,13,"(0, 1)",2.821312427520752,5,2.178687572479248
39,13,"(1, 2)",2.0877273082733154,4,1.9122726917266846
39,14,"(0, 1)",3.060983180999756,5,1.9390168190002441
39,14,"(1, 2)",4.071023464202881,4,0.07102346420288086
39,14,"(2, 3)",4.199753284454346,5,0.8002467155456543
39,14,"(3, 4)",3.0778069496154785,3,0.07780694961547852
39,15,"(2, 3)",2.0406453609466553,2,0.04064536094665527
39,15,"(1, 2)",1.0231412649154663,1,0.02314126491546631
39,15,"(3, 4)",1.119098424911499,1,0.11909842491149902
40,1,"(2, 3)",15.756705284118652,8,7.756705284118652
40,1,"(1, 2)",14.937150001525879,9,5.937150001525879
40,1,"(3, 4)",15.228926658630371,6,9.228926658630371
40,2,"(2, 3)",13.87861156463623,7,6.8786115646362305
40,2,"(3, 4)",12.536182403564453,5,7.536182403564453
40,4,"(2, 3)",15.345243453979492,11,4.345243453979492
40,4,"(1, 2)",15.223923683166504,9,6.223923683166504
40,4,"(3, 4)",13.324677467346191,8,5.324677467346191
40,4,"(0, 1)",13.377814292907715,6,7.377814292907715
40,5,"(2, 3)",10.933819770812988,11,0.06618022918701172
40,5,"(1, 2)",11.703133583068848,9,2.7031335830688477
40,5,"(0, 1)",11.957722663879395,6,5.9577226638793945
40,9,"(0, 1)",7.890215873718262,8,0.10978412628173828
40,9,"(1, 2)",9.154576301574707,10,0.845423698425293
40,9,"(2, 3)",9.25870418548584,13,3.74129581451416
40,9,"(3, 4)",7.865631103515625,8,0.134368896484375
40,10,"(0, 1)",4.209018707275391,6,1.7909812927246094
40,10,"(1, 2)",5.620272159576416,7,1.379727840423584
40,11,"(2, 3)",5.79069709777832,8,2.2093029022216797
40,11,"(1, 2)",5.743579864501953,7,1.2564201354980469
40,11,"(3, 4)",6.009820938110352,5,1.0098209381103516
40,11,"(0, 1)",5.887439727783203,6,0.11256027221679688
40,13,"(2, 3)",3.7393126487731934,4,0.26068735122680664
40,13,"(1, 2)",3.6042985916137695,4,0.39570140838623047
40,13,"(3, 4)",4.227718830108643,3,1.2277188301086426
40,13,"(0, 1)",3.971426486968994,3,0.9714264869689941
41,4,"(0, 1)",12.961955070495605,6,6.9619550704956055
41,4,"(1, 2)",14.081643104553223,7,7.081643104553223
41,4,"(2, 3)",14.137887001037598,11,3.1378870010375977
41,4,"(3, 4)",12.873916625976562,6,6.8739166259765625
41,5,"(0, 1)",8.030320167541504,4,4.030320167541504
41,5,"(1, 2)",10.27943229675293,5,5.27943229675293
41,6,"(0, 1)",7.813627243041992,4,3.813627243041992
41,6,"(1, 2)",9.718737602233887,6,3.7187376022338867
41,7,"(0, 1)",7.741305351257324,6,1.7413053512573242
41,7,"(1, 2)",8.645611763000488,9,0.3543882369995117
41,8,"(2, 3)",8.636032104492188,6,2.6360321044921875
41,8,"(1, 2)",7.917206764221191,9,1.0827932357788086
41,8,"(3, 4)",9.412442207336426,5,4.412442207336426
41,9,"(2, 3)",6.223538398742676,5,1.2235383987426758
41,9,"(3, 4)",6.909629821777344,7,0.09037017822265625
41,13,"(2, 3)",4.408070087432861,5,0.5919299125671387
41,13,"(1, 2)",4.383500099182129,5,0.6164999008178711
41,13,"(3, 4)",3.941653251647949,5,1.0583467483520508
41,13,"(0, 1)",4.1311116218566895,4,0.13111162185668945
41,15,"(2, 3)",1.2012345790863037,1,0.2012345790863037
41,15,"(1, 2)",2.191760540008545,2,0.19176054000854492
41,15,"(0, 1)",1.261260986328125,1,0.261260986328125
42,1,"(0, 1)",7.187487602233887,10,2.8125123977661133
42,1,"(1, 2)",6.291584014892578,7,0.7084159851074219
42,1,"(2, 3)",5.998520374298096,6,0.0014796257019042969
42,1,"(3, 4)",6.855769157409668,11,4.144230842590332
42,2,"(0, 1)",5.169559955596924,8,2.830440044403076
42,2,"(1, 2)",6.001550674438477,4,2.0015506744384766
42,2,"(2, 3)",4.891482353210449,3,1.8914823532104492
42,4,"(2, 3)",3.9289016723632812,2,1.9289016723632812
42,4,"(1, 2)",2.8324618339538574,1,1.8324618339538574
42,4,"(3, 4)",2.746033191680908,5,2.253966808319092
42,5,"(2, 3)",0.10802540183067322,0,0.10802540183067322
42,5,"(1, 2)",0.15983633697032928,0,0.15983633697032928
42,6,"(2, 3)",0.1495564579963684,0,0.1495564579963684
42,6,"(1, 2)",0.1323675811290741,0,0.1323675811290741
43,1,"(2, 3)",11.174315452575684,5,6.174315452575684
43,1,"(1, 2)",11.33906078338623,3,8.33906078338623
43,2,"(2, 3)",10.975760459899902,5,5.975760459899902
43,2,"(1, 2)",10.957927703857422,3,7.957927703857422
43,3,"(0, 1)",7.2113189697265625,4,3.2113189697265625
43,3,"(1, 2)",9.353455543518066,3,6.353455543518066
43,4,"(2, 3)",6.025050163269043,5,1.025050163269043
43,4,"(3, 4)",10.863198280334473,4,6.863198280334473
43,7,"(0, 1)",4.209018707275391,3,1.2090187072753906
43,7,"(1, 2)",5.620272159576416,4,1.620272159576416
43,8,"(2, 3)",4.250181674957275,3,1.2501816749572754
43,8,"(1, 2)",4.1949028968811035,4,0.19490289688110352
43,9,"(0, 1)",2.421248435974121,1,1.421248435974121
43,9,"(1, 2)",3.639105796813965,4,0.36089420318603516
43,12,"(2, 3)",1.2012345790863037,1,0.2012345790863037
43,12,"(1, 2)",2.191760540008545,2,0.19176054000854492
43,12,"(0, 1)",1.261260986328125,1,0.261260986328125
44,2,"(2, 3)",9.515769004821777,7,2.5157690048217773
44,2,"(1, 2)",8.638993263244629,8,0.6389932632446289
44,2,"(3, 4)",9.909525871276855,10,0.09047412872314453
44,3,"(2, 3)",7.792346954345703,5,2.792346954345703
44,3,"(1, 2)",7.609991073608398,9,1.3900089263916016
44,3,"(3, 4)",9.136778831481934,9,0.1367788314819336
44,3,"(0, 1)",8.91907024383545,6,2.919070243835449
44,4,"(2, 3)",5.9912428855896,3,2.9912428855895996
44,4,"(1, 2)",6.040003776550293,6,0.04000377655029297
44,6,"(2, 3)",5.099554061889648,3,2.0995540618896484
44,6,"(1, 2)",5.800661563873291,5,0.800661563873291
44,6,"(0, 1)",6.0358662605285645,3,3.0358662605285645
44,9,"(2, 3)",1.47701096534729,1,0.47701096534729004
44,9,"(3, 4)",0.6959632039070129,0,0.6959632039070129
45,1,"(2, 3)",6.959690093994141,7,0.040309906005859375
45,1,"(1, 2)",5.828207015991211,4,1.828207015991211
45,1,"(3, 4)",5.896261215209961,4,1.896261215209961
45,3,"(2, 3)",4.805227279663086,5,0.19477272033691406
45,3,"(1, 2)",4.042212963104248,2,2.042212963104248
45,3,"(3, 4)",5.243329048156738,3,2.2433290481567383
45,4,"(0, 1)",2.4844322204589844,0,2.4844322204589844
45,4,"(1, 2)",1.9441417455673218,1,0.9441417455673218
46,2,"(0, 1)",7.7211151123046875,6,1.7211151123046875
46,2,"(1, 2)",7.378233909606934,7,0.3782339096069336
46,5,"(2, 3)",6.7056884765625,8,1.2943115234375
46,5,"(1, 2)",5.5948381423950195,6,0.40516185760498047
46,5,"(3, 4)",4.174333572387695,4,0.1743335723876953
46,6,"(0, 1)",4.920997619628906,6,1.0790023803710938
46,6,"(1, 2)",5.566641807556152,5,0.5666418075561523
46,6,"(2, 3)",5.518790245056152,6,0.48120975494384766
46,6,"(3, 4)",4.9504218101501465,3,1.9504218101501465
46,9,"(2, 3)",2.1914608478546143,2,0.19146084785461426
46,9,"(1, 2)",1.118086814880371,1,0.1180868148803711
46,9,"(3, 4)",1.1697611808776855,1,0.16976118087768555
47,1,"(0, 1)",9.76833438873291,5,4.76833438873291
47,1,"(1, 2)",7.94874382019043,3,4.94874382019043
47,4,"(2, 3)",5.0508527755737305,4,1.0508527755737305
47,4,"(1, 2)",5.085346221923828,4,1.0853462219238281
47,5,"(2, 3)",5.099554061889648,4,1.0995540618896484
47,5,"(1, 2)",5.800661563873291,4,1.800661563873291
47,5,"(0, 1)",6.0358662605285645,3,3.0358662605285645
47,9,"(2, 3)",0.11587792634963989,0,0.11587792634963989
47,9,"(3, 4)",0.1558062583208084,0,0.1558062583208084
48,1,"(2, 3)",11.857975959777832,5,6.857975959777832
48,1,"(3, 4)",10.16112995147705,5,5.161129951477051
48,3,"(2, 3)",9.563580513000488,8,1.5635805130004883
48,3,"(3, 4)",9.273423194885254,6,3.273423194885254
48,4,"(2, 3)",9.86014175415039,10,0.13985824584960938
48,4,"(1, 2)",8.655906677246094,8,0.6559066772460938
48,4,"(3, 4)",9.186542510986328,7,2.186542510986328
48,5,"(2, 3)",7.914648056030273,8,0.08535194396972656
48,5,"(1, 2)",8.873541831970215,7,1.8735418319702148
48,5,"(0, 1)",8.557052612304688,7,1.5570526123046875
48,8,"(0, 1)",5.886614799499512,5,0.8866147994995117
48,8,"(1, 2)",6.731570243835449,6,0.7315702438354492
48,8,"(2, 3)",6.736943244934082,5,1.736943244934082
48,8,"(3, 4)",5.840493679046631,5,0.8404936790466309
48,9,"(2, 3)",2.292062759399414,2,0.29206275939941406
48,9,"(3, 4)",4.444754600524902,3,1.4447546005249023
48,10,"(0, 1)",2.821312427520752,2,0.821312427520752
48,10,"(1, 2)",2.0877273082733154,1,1.0877273082733154
48,11,"(2, 3)",1.1089022159576416,0,1.1089022159576416
48,11,"(1, 2)",1.0875858068466187,1,0.08758580684661865
49,1,"(2, 3)",13.93885326385498,2,11.93885326385498
49,1,"(3, 4)",11.887146949768066,5,6.887146949768066
49,2,"(2, 3)",12.763680458068848,2,10.763680458068848
49,2,"(3, 4)",11.629654884338379,5,6.629654884338379
49,4,"(2, 3)",10.232075691223145,4,6.2320756912231445
49,4,"(3, 4)",11.20005989074707,6,5.20005989074707
49,5,"(2, 3)",9.922595977783203,5,4.922595977783203
49,5,"(1, 2)",10.981972694396973,6,4.981972694396973
49,5,"(0, 1)",10.169205665588379,4,6.169205665588379
49,9,"(2, 3)",7.198782920837402,6,1.1987829208374023
49,9,"(1, 2)",6.104657173156738,3,3.1046571731567383
49,9,"(3, 4)",5.475449085235596,5,0.4754490852355957
49,12,"(2, 3)",1.826266884803772,2,0.17373311519622803
49,12,"(1, 2)",1.9026387929916382,2,0.09736120700836182
49,14,"(2, 3)",2.1914608478546143,2,0.19146084785461426
49,14,"(1, 2)",1.118086814880371,1,0.1180868148803711
49,14,"(3, 4)",1.1697611808776855,1,0.16976118087768555
50,1,"(2, 3)",12.49699878692627,7,5.4969987869262695
50,1,"(1, 2)",12.461409568786621,9,3.461409568786621
50,1,"(3, 4)",13.735321044921875,9,4.735321044921875
50,1,"(0, 1)",13.75696849822998,6,7.7569684982299805
50,5,"(2, 3)",7.744956970214844,5,2.7449569702148438
50,5,"(1, 2)",7.9580488204956055,8,0.04195117950439453
50,7,"(2, 3)",8.140108108520508,7,1.1401081085205078
50,7,"(1, 2)",8.088884353637695,9,0.9111156463623047
50,7,"(3, 4)",7.803210258483887,8,0.19678974151611328
50,7,"(0, 1)",7.739177703857422,6,1.7391777038574219
50,10,"(2, 3)",4.020424842834473,4,0.020424842834472656
50,10,"(1, 2)",4.911376953125,4,0.911376953125
50,10,"(0, 1)",4.369647026062012,4,0.3696470260620117
50,13,"(2, 3)",2.1914608478546143,2,0.19146084785461426
50,13,"(1, 2)",1.118086814880371,1,0.1180868148803711
50,13,"(3, 4)",1.1697611808776855,1,0.16976118087768555
51,2,"(2, 3)",5.624784469604492,3,2.624784469604492
51,2,"(1, 2)",5.460466384887695,6,0.5395336151123047
51,2,"(3, 4)",4.889527797698975,4,0.8895277976989746
51,2,"(0, 1)",5.005620002746582,5,0.005620002746582031
51,4,"(2, 3)",0.5482827425003052,0,0.5482827425003052
51,4,"(3, 4)",1.572024941444397,2,0.427975058555603
51,5,"(2, 3)",0.1495564579963684,0,0.1495564579963684
51,5,"(1, 2)",0.1323675811290741,0,0.1323675811290741
52,1,"(2, 3)",7.849440574645996,7,0.8494405746459961
52,1,"(1, 2)",7.757013320922852,7,0.7570133209228516
52,2,"(0, 1)",10.059439659118652,10,0.059439659118652344
52,2,"(1, 2)",8.526199340820312,9,0.4738006591796875
52,2,"(2, 3)",7.913721084594727,7,0.9137210845947266
52,3,"(2, 3)",6.77079963684082,7,0.2292003631591797
52,3,"(1, 2)",6.837125778198242,7,0.1628742218017578
52,6,"(0, 1)",4.920997619628906,7,2.0790023803710938
52,6,"(1, 2)",5.566641807556152,6,0.43335819244384766
52,6,"(2, 3)",5.518790245056152,6,0.48120975494384766
52,6,"(3, 4)",4.9504218101501465,3,1.9504218101501465
52,7,"(2, 3)",3.9289016723632812,3,0.9289016723632812
52,7,"(1, 2)",2.8324618339538574,3,0.16753816604614258
52,7,"(3, 4)",2.746033191680908,1,1.7460331916809082
52,8,"(2, 3)",1.47701096534729,1,0.47701096534729004
52,8,"(3, 4)",0.6959632039070129,0,0.6959632039070129
53,1,"(2, 3)",7.843552589416504,9,1.156447410583496
53,1,"(1, 2)",6.707162857055664,8,1.292837142944336
53,1,"(3, 4)",7.576225280761719,9,1.4237747192382812
53,3,"(2, 3)",6.809542179107666,6,0.809542179107666
53,3,"(1, 2)",6.653924465179443,7,0.34607553482055664
53,3,"(3, 4)",5.84716796875,8,2.15283203125
53,3,"(0, 1)",5.900465965270996,6,0.0995340347290039
53,4,"(2, 3)",2.292062759399414,3,0.7079372406005859
53,4,"(3, 4)",4.444754600524902,6,1.5552453994750977
53,5,"(2, 3)",2.590366840362549,3,0.40963315963745117
53,5,"(1, 2)",2.6934518814086914,2,0.6934518814086914
53,6,"(0, 1)",1.049493670463562,1,0.04949367046356201
53,6,"(1, 2)",1.4799233675003052,2,0.5200766324996948
53,7,"(2, 3)",1.2012345790863037,1,0.2012345790863037
53,7,"(1, 2)",2.191760540008545,2,0.19176054000854492
53,7,"(0, 1)",1.261260986328125,1,0.261260986328125
54,1,"(2, 3)",7.473530292510986,3,4.473530292510986
54,1,"(3, 4)",5.300030708312988,6,0.6999692916870117
54,2,"(0, 1)",8.087814331054688,6,2.0878143310546875
54,2,"(1, 2)",6.7118425369262695,10,3.2881574630737305
54,2,"(2, 3)",6.46087646484375,3,3.46087646484375
54,2,"(3, 4)",7.867902755737305,7,0.8679027557373047
54,5,"(2, 3)",3.6220531463623047,0,3.6220531463623047
54,5,"(3, 4)",2.423583984375,3,0.576416015625
54,6,"(2, 3)",2.0529932975769043,0,2.0529932975769043
54,6,"(3, 4)",2.7633562088012695,3,0.23664379119873047
54,7,"(2, 3)",1.1089022159576416,0,1.1089022159576416
54,7,"(1, 2)",1.0875858068466187,1,0.08758580684661865
55,5,"(0, 1)",8.425436973571777,6,2.4254369735717773
55,5,"(1, 2)",10.99317741394043,10,0.9931774139404297
55,5,"(2, 3)",9.673148155212402,8,1.6731481552124023
55,7,"(0, 1)",6.344705581665039,6,0.34470558166503906
55,7,"(1, 2)",8.784369468688965,11,2.215630531311035
55,7,"(2, 3)",7.477880477905273,10,2.5221195220947266
55,9,"(2, 3)",5.133591651916504,9,3.866408348083496
55,9,"(1, 2)",6.187769889831543,8,1.812230110168457
55,9,"(0, 1)",4.6533355712890625,5,0.3466644287109375
55,11,"(0, 1)",4.934733867645264,4,0.9347338676452637
55,11,"(1, 2)",7.20090389251709,6,1.2009038925170898
55,11,"(2, 3)",7.140961647033691,7,0.1409616470336914
55,11,"(3, 4)",4.878108978271484,4,0.8781089782714844
55,12,"(2, 3)",4.155910968780518,4,0.15591096878051758
55,12,"(1, 2)",4.119858741760254,3,1.119858741760254
55,12,"(3, 4)",3.0174994468688965,2,1.0174994468688965
55,12,"(0, 1)",3.132997989654541,2,1.132997989654541
56,2,"(2, 3)",7.5737409591674805,8,0.42625904083251953
56,2,"(3, 4)",6.7910895347595215,6,0.7910895347595215
56,3,"(0, 1)",7.890215873718262,6,1.8902158737182617
56,3,"(1, 2)",9.154576301574707,7,2.154576301574707
56,3,"(2, 3)",9.25870418548584,9,0.25870418548583984
56,3,"(3, 4)",7.865631103515625,9,1.134368896484375
56,5,"(0, 1)",3.2620530128479004,4,0.7379469871520996
56,5,"(1, 2)",4.6276373863220215,4,0.6276373863220215
56,6,"(0, 1)",3.335144519805908,4,0.6648554801940918
56,6,"(1, 2)",3.102208137512207,4,0.897791862487793
56,7,"(2, 3)",2.6395368576049805,1,1.6395368576049805
56,7,"(1, 2)",2.5603785514831543,4,1.4396214485168457
56,8,"(2, 3)",0.6738706827163696,1,0.32612931728363037
56,8,"(3, 4)",2.021514892578125,3,0.978485107421875
56,9,"(2, 3)",1.2012345790863037,1,0.2012345790863037
56,9,"(1, 2)",2.191760540008545,2,0.19176054000854492
56,9,"(0, 1)",1.261260986328125,1,0.261260986328125
57,1,"(2, 3)",5.104586601257324,6,0.8954133987426758
57,1,"(1, 2)",5.115095138549805,2,3.1150951385498047
57,3,"(2, 3)",5.079068660736084,5,0.07906866073608398
57,3,"(1, 2)",3.8952536582946777,2,1.8952536582946777
57,3,"(3, 4)",4.378726959228516,2,2.3787269592285156
57,4,"(0, 1)",2.4844322204589844,0,2.4844322204589844
57,4,"(1, 2)",1.9441417455673218,1,0.9441417455673218
58,1,"(2, 3)",11.651055335998535,6,5.651055335998535
58,1,"(3, 4)",10.740220069885254,3,7.740220069885254
58,4,"(2, 3)",11.235085487365723,7,4.235085487365723
58,4,"(1, 2)",10.108771324157715,4,6.108771324157715
58,4,"(3, 4)",8.335042953491211,7,1.335042953491211
58,6,"(2, 3)",8.832049369812012,6,2.8320493698120117
58,6,"(1, 2)",7.6357421875,4,3.6357421875
58,6,"(3, 4)",6.0097761154174805,6,0.009776115417480469
58,8,"(2, 3)",3.623216152191162,3,0.6232161521911621
58,8,"(1, 2)",3.770775318145752,3,0.770775318145752
58,9,"(2, 3)",5.080360412597656,3,2.0803604125976562
58,9,"(1, 2)",3.8526148796081543,3,0.8526148796081543
58,9,"(3, 4)",3.6027989387512207,3,0.6027989387512207
58,10,"(2, 3)",2.6395368576049805,1,1.6395368576049805
58,10,"(1, 2)",2.5603785514831543,2,0.5603785514831543
58,11,"(2, 3)",1.423596739768982,1,0.42359673976898193
58,11,"(3, 4)",0.899305522441864,0,0.899305522441864
59,1,"(2, 3)",6.6366777420043945,3,3.6366777420043945
59,1,"(3, 4)",8.97470474243164,10,1.0252952575683594
59,2,"(2, 3)",8.06418228149414,4,4.064182281494141
59,2,"(1, 2)",6.806275844573975,5,1.8062758445739746
59,2,"(3, 4)",6.8175859451293945,10,3.1824140548706055
59,3,"(2, 3)",2.705592632293701,2,0.7055926322937012
59,3,"(3, 4)",7.483302116394043,9,1.516697883605957
59,4,"(2, 3)",2.2589669227600098,2,0.25896692276000977
59,4,"(1, 2)",2.3366293907165527,2,0.33662939071655273
59,5,"(2, 3)",1.7980268001556396,2,0.20197319984436035
59,5,"(1, 2)",1.9640203714370728,2,0.035979628562927246
59,6,"(0, 1)",3.595719337463379,4,0.4042806625366211
59,6,"(1, 2)",4.032888412475586,2,2.032888412475586
59,6,"(2, 3)",3.109452247619629,2,1.109452247619629
59,7,"(2, 3)",0.9964230060577393,1,0.003576993942260742
59,7,"(1, 2)",1.0608856678009033,0,1.0608856678009033
60,1,"(0, 1)",10.125009536743164,10,0.12500953674316406
60,1,"(1, 2)",10.964224815368652,11,0.035775184631347656
60,1,"(2, 3)",9.831902503967285,7,2.831902503967285
60,2,"(2, 3)",9.31325912475586,7,2.3132591247558594
60,2,"(1, 2)",9.284018516540527,9,0.28401851654052734
60,4,"(0, 1)",8.317116737365723,10,1.6828832626342773
60,4,"(1, 2)",10.408201217651367,11,0.5917987823486328
60,4,"(2, 3)",10.378348350524902,11,0.6216516494750977
60,4,"(3, 4)",8.31174087524414,8,0.3117408752441406
60,5,"(2, 3)",6.7664031982421875,8,1.2335968017578125
60,5,"(1, 2)",6.736879825592041,8,1.263120174407959
60,6,"(2, 3)",4.590634822845459,8,3.409365177154541
60,6,"(3, 4)",3.419203758239746,4,0.5807962417602539
60,7,"(2, 3)",6.616039276123047,8,1.3839607238769531
60,7,"(1, 2)",6.49327278137207,6,0.4932727813720703
60,7,"(3, 4)",4.943807601928711,4,0.9438076019287109
60,7,"(0, 1)",5.071779251098633,5,0.07177925109863281
60,9,"(2, 3)",3.37453031539917,4,0.6254696846008301
60,9,"(1, 2)",3.2578630447387695,3,0.25786304473876953
60,9,"(3, 4)",3.1704554557800293,2,1.1704554557800293
60,9,"(0, 1)",3.1056132316589355,3,0.10561323165893555
61,2,"(0, 1)",4.962231636047363,7,2.0377683639526367
61,2,"(1, 2)",5.4134721755981445,5,0.41347217559814453
61,5,"(2, 3)",4.0126471519470215,6,1.9873528480529785
61,5,"(1, 2)",2.883108615875244,4,1.1168913841247559
61,5,"(3, 4)",2.704106330871582,3,0.29589366912841797
61,6,"(0, 1)",3.1936464309692383,3,0.19364643096923828
61,6,"(1, 2)",3.336512565612793,3,0.33651256561279297
61,6,"(2, 3)",3.2583885192871094,4,0.7416114807128906
61,6,"(3, 4)",3.083588123321533,2,1.0835881233215332
62,1,"(2, 3)",11.725386619567871,8,3.725386619567871
62,1,"(3, 4)",11.055144309997559,7,4.055144309997559
62,2,"(2, 3)",10.29889965057373,8,2.2988996505737305
62,2,"(1, 2)",10.261883735656738,7,3.2618837356567383
62,5,"(2, 3)",10.495635032653809,10,0.4956350326538086
62,5,"(1, 2)",10.346988677978516,8,2.3469886779785156
62,5,"(3, 4)",8.928858757019043,9,0.07114124298095703
62,5,"(0, 1)",9.004376411437988,8,1.0043764114379883
62,7,"(0, 1)",6.8731842041015625,6,0.8731842041015625
62,7,"(1, 2)",7.913938045501709,7,0.913938045501709
62,7,"(2, 3)",8.000801086425781,6,2.0008010864257812
62,7,"(3, 4)",6.8034772872924805,7,0.19652271270751953
62,8,"(2, 3)",4.144089698791504,3,1.144089698791504
62,8,"(1, 2)",4.213046550750732,4,0.21304655075073242
62,9,"(2, 3)",4.020424842834473,3,1.0204248428344727
62,9,"(1, 2)",4.911376953125,4,0.911376953125
62,9,"(0, 1)",4.369647026062012,2,2.3696470260620117
62,12,"(2, 3)",0.08881738781929016,0,0.08881738781929016
62,12,"(3, 4)",0.03796178102493286,0,0.03796178102493286
63,2,"(2, 3)",7.339510917663574,8,0.6604890823364258
63,2,"(3, 4)",7.6695237159729,8,0.3304762840270996
63,3,"(0, 1)",7.59408712387085,7,0.5940871238708496
63,3,"(1, 2)",7.882488250732422,5,2.882488250732422
63,3,"(2, 3)",6.782434940338135,9,2.2175650596618652
63,5,"(0, 1)",5.319610118865967,5,0.3196101188659668
63,5,"(1, 2)",3.687753200531006,3,0.6877532005310059
63,6,"(2, 3)",4.883207321166992,5,0.11679267883300781
63,6,"(1, 2)",3.917814254760742,3,0.9178142547607422
63,6,"(3, 4)",4.27088737487793,4,0.2708873748779297
63,7,"(0, 1)",3.595719337463379,2,1.595719337463379
63,7,"(1, 2)",4.032888412475586,2,2.032888412475586
63,7,"(2, 3)",3.109452247619629,3,0.1094522476196289
64,4,"(2, 3)",10.231574058532715,9,1.2315740585327148
64,4,"(1, 2)",8.93238353729248,6,2.9323835372924805
64,4,"(3, 4)",8.757148742675781,8,0.7571487426757812
64,5,"(0, 1)",9.079716682434082,8,1.079716682434082
64,5,"(1, 2)",8.538101196289062,5,3.5381011962890625
64,5,"(2, 3)",7.734445571899414,8,0.26555442810058594
64,8,"(2, 3)",4.250181674957275,6,1.7498183250427246
64,8,"(1, 2)",4.1949028968811035,3,1.1949028968811035
64,9,"(0, 1)",5.117428779602051,4,1.1174287796020508
64,9,"(1, 2)",4.724847316741943,3,1.7248473167419434
64,9,"(2, 3)",4.605953216552734,6,1.3940467834472656
64,9,"(3, 4)",4.893951416015625,2,2.893951416015625
65,1,"(2, 3)",10.574819564819336,7,3.574819564819336
65,1,"(1, 2)",10.31984806060791,10,0.31984806060791016
65,2,"(2, 3)",10.933819770812988,9,1.9338197708129883
65,2,"(1, 2)",11.703133583068848,11,0.7031335830688477
65,2,"(0, 1)",11.957722663879395,13,1.0422773361206055
65,3,"(2, 3)",9.371731758117676,8,1.3717317581176758
65,3,"(1, 2)",9.406781196594238,10,0.5932188034057617
65,4,"(2, 3)",10.231574058532715,9,1.2315740585327148
65,4,"(1, 2)",8.93238353729248,10,1.0676164627075195
65,4,"(3, 4)",8.757148742675781,8,0.7571487426757812
65,5,"(0, 1)",9.079716682434082,7,2.079716682434082
65,5,"(1, 2)",8.538101196289062,10,1.4618988037109375
65,5,"(2, 3)",7.734445571899414,7,0.7344455718994141
65,6,"(2, 3)",6.494389533996582,7,0.505610466003418
65,6,"(3, 4)",5.841130256652832,4,1.841130256652832
65,7,"(2, 3)",6.9593377113342285,7,0.040662288665771484
65,7,"(1, 2)",6.913422107696533,6,0.9134221076965332
65,7,"(3, 4)",6.881433486938477,4,2.8814334869384766
65,7,"(0, 1)",6.8323163986206055,6,0.8323163986206055
65,8,"(2, 3)",5.90122127532959,4,1.9012212753295898
65,8,"(1, 2)",4.83376932144165,3,1.8337693214416504
65,8,"(3, 4)",5.062163352966309,2,3.0621633529663086
66,1,"(0, 1)",13.654255867004395,9,4.6542558670043945
66,1,"(1, 2)",13.637383460998535,9,4.637383460998535
66,2,"(2, 3)",12.01599407196045,5,7.015994071960449
66,2,"(3, 4)",13.901313781738281,12,1.9013137817382812
66,3,"(2, 3)",12.070880889892578,6,6.070880889892578
66,3,"(1, 2)",13.044200897216797,11,2.044200897216797
66,3,"(0, 1)",12.054085731506348,10,2.0540857315063477
66,4,"(0, 1)",11.608518600463867,9,2.608518600463867
66,4,"(1, 2)",11.612065315246582,9,2.612065315246582
66,4,"(2, 3)",10.701244354248047,7,3.701244354248047
66,5,"(2, 3)",10.92743968963623,6,4.9274396896362305
66,5,"(1, 2)",9.72971248626709,7,2.72971248626709
66,5,"(3, 4)",10.105767250061035,12,1.8942327499389648
66,6,"(2, 3)",7.816009998321533,4,3.816009998321533
66,6,"(3, 4)",9.38245964050293,11,1.6175403594970703
66,7,"(2, 3)",6.894750595092773,6,0.8947505950927734
66,7,"(1, 2)",6.997690200805664,7,0.0023097991943359375
66,8,"(2, 3)",6.9279913902282715,7,0.07200860977172852
66,8,"(1, 2)",7.870780944824219,7,0.8707809448242188
66,8,"(0, 1)",7.717137336730957,9,1.282862663269043
66,9,"(2, 3)",6.086915016174316,6,0.0869150161743164
66,9,"(1, 2)",6.612405776977539,5,1.612405776977539
66,9,"(0, 1)",7.740616798400879,8,0.2593832015991211
66,10,"(0, 1)",5.319610118865967,7,1.6803898811340332
66,10,"(1, 2)",3.687753200531006,3,0.6877532005310059
66,11,"(2, 3)",3.4591593742370605,3,0.45915937423706055
66,11,"(1, 2)",3.3792614936828613,3,0.37926149368286133
66,12,"(2, 3)",2.554230213165283,3,0.4457697868347168
66,12,"(3, 4)",1.7283589839935303,1,0.7283589839935303
66,13,"(2, 3)",3.037886142730713,3,0.03788614273071289
66,13,"(1, 2)",1.9371215105056763,1,0.9371215105056763
66,13,"(3, 4)",1.8792953491210938,1,0.8792953491210938
67,2,"(0, 1)",9.778417587280273,7,2.7784175872802734
67,2,"(1, 2)",11.311419486999512,5,6.311419486999512
67,2,"(2, 3)",10.090055465698242,9,1.0900554656982422
67,3,"(2, 3)",9.63487720489502,9,0.6348772048950195
67,3,"(1, 2)",8.89333724975586,5,3.8933372497558594
67,3,"(3, 4)",10.264260292053223,11,0.7357397079467773
67,4,"(2, 3)",8.071660995483398,8,0.07166099548339844
67,4,"(1, 2)",9.11317253112793,4,5.11317253112793
67,4,"(0, 1)",7.857630729675293,5,2.857630729675293
67,6,"(2, 3)",5.927846431732178,8,2.0721535682678223
67,6,"(1, 2)",6.031947135925293,3,3.031947135925293
67,7,"(0, 1)",3.2620530128479004,5,1.7379469871520996
67,7,"(1, 2)",4.6276373863220215,3,1.6276373863220215
67,8,"(0, 1)",3.335144519805908,5,1.6648554801940918
67,8,"(1, 2)",3.102208137512207,3,0.10220813751220703
67,9,"(2, 3)",3.390082836151123,4,0.609917163848877
67,9,"(1, 2)",3.84175968170166,3,0.8417596817016602
67,9,"(0, 1)",4.48633337020874,5,0.5136666297912598
67,11,"(2, 3)",2.0406453609466553,2,0.04064536094665527
67,11,"(1, 2)",1.0231412649154663,1,0.02314126491546631
67,11,"(3, 4)",1.119098424911499,1,0.11909842491149902
68,1,"(0, 1)",7.7211151123046875,3,4.7211151123046875
68,1,"(1, 2)",7.378233909606934,4,3.3782339096069336
68,2,"(2, 3)",5.224489212036133,3,2.224489212036133
68,2,"(3, 4)",7.812458038330078,6,1.8124580383300781
68,3,"(0, 1)",7.200827598571777,4,3.2008275985717773
68,3,"(1, 2)",3.873872756958008,2,1.8738727569580078
68,4,"(2, 3)",2.800448417663574,1,1.8004484176635742
68,4,"(1, 2)",2.900038719177246,2,0.9000387191772461
68,8,"(2, 3)",0.10538852214813232,0,0.10538852214813232
68,8,"(1, 2)",0.07311448454856873,0,0.07311448454856873
69,3,"(2, 3)",6.6129045486450195,7,0.38709545135498047
69,3,"(1, 2)",6.145580768585205,4,2.145580768585205
69,3,"(3, 4)",8.188854217529297,9,0.8111457824707031
69,4,"(0, 1)",3.2620530128479004,3,0.2620530128479004
69,4,"(1, 2)",4.6276373863220215,3,1.6276373863220215
69,5,"(0, 1)",3.6277332305908203,3,0.6277332305908203
69,5,"(1, 2)",3.22183895111084,3,0.22183895111083984
69,6,"(2, 3)",1.826266884803772,1,0.826266884803772
69,6,"(1, 2)",1.9026387929916382,3,1.0973612070083618
69,7,"(2, 3)",2.019472122192383,1,1.0194721221923828
69,7,"(1, 2)",3.068838596343994,3,0.06883859634399414
69,7,"(0, 1)",1.9996460676193237,1,0.9996460676193237
70,1,"(0, 1)",12.820069313049316,9,3.8200693130493164
70,1,"(1, 2)",11.434103965759277,5,6.434103965759277
70,1,"(2, 3)",11.300415992736816,8,3.3004159927368164
70,1,"(3, 4)",12.728131294250488,6,6.728131294250488
70,3,"(2, 3)",11.163568496704102,7,4.163568496704102
70,3,"(1, 2)",10.05021858215332,1,9.05021858215332
70,3,"(3, 4)",9.681736946105957,6,3.681736946105957
70,7,"(2, 3)",4.432136535644531,6,1.5678634643554688
70,7,"(1, 2)",4.42877197265625,3,1.42877197265625
70,8,"(2, 3)",4.250181674957275,6,1.7498183250427246
70,8,"(1, 2)",4.1949028968811035,3,1.1949028968811035
70,9,"(0, 1)",4.249480247497559,4,0.2494802474975586
70,9,"(1, 2)",2.2215304374694824,3,0.7784695625305176
70,10,"(2, 3)",2.590366840362549,4,1.4096331596374512
70,10,"(1, 2)",2.6934518814086914,3,0.3065481185913086
70,12,"(2, 3)",3.22540283203125,3,0.22540283203125
70,12,"(1, 2)",3.1362929344177246,3,0.1362929344177246
70,12,"(3, 4)",2.1646342277526855,2,0.16463422775268555
70,12,"(0, 1)",2.1921372413635254,2,0.1921372413635254
71,1,"(2, 3)",12.336134910583496,8,4.336134910583496
71,1,"(3, 4)",15.326279640197754,6,9.326279640197754
71,2,"(2, 3)",14.23031234741211,8,6.230312347412109
71,2,"(1, 2)",14.123595237731934,7,7.123595237731934
71,2,"(3, 4)",13.670451164245605,7,6.6704511642456055
71,2,"(0, 1)",13.639293670654297,3,10.639293670654297
71,4,"(0, 1)",10.190926551818848,2,8.190926551818848
71,4,"(1, 2)",10.663744926452637,6,4.663744926452637
71,6,"(2, 3)",9.47128963470459,5,4.47128963470459
71,6,"(1, 2)",10.461812019348145,5,5.4618120193481445
71,6,"(0, 1)",8.399552345275879,5,3.399552345275879
71,10,"(2, 3)",4.951986312866211,4,0.9519863128662109
71,10,"(1, 2)",5.944182395935059,3,2.9441823959350586
71,10,"(0, 1)",5.159946441650391,4,1.1599464416503906
71,12,"(2, 3)",2.590366840362549,2,0.5903668403625488
71,12,"(1, 2)",2.6934518814086914,1,1.6934518814086914
71,14,"(0, 1)",0.2059890180826187,0,0.2059890180826187
71,14,"(1, 2)",0.17118015885353088,0,0.17118015885353088
72,1,"(2, 3)",4.907638072967529,1,3.9076380729675293
72,1,"(3, 4)",5.874410629272461,4,1.874410629272461
72,2,"(2, 3)",3.623216152191162,1,2.623216152191162
72,2,"(1, 2)",3.770775318145752,3,0.770775318145752
72,3,"(2, 3)",3.334503650665283,1,2.334503650665283
72,3,"(1, 2)",3.422128200531006,3,0.42212820053100586
72,5,"(2, 3)",1.47701096534729,1,0.47701096534729004
72,5,"(3, 4)",0.6959632039070129,0,0.6959632039070129
73,1,"(2, 3)",17.098033905029297,10,7.098033905029297
73,1,"(1, 2)",15.898961067199707,8,7.898961067199707
73,1,"(3, 4)",14.721647262573242,6,8.721647262573242
73,2,"(2, 3)",13.908035278320312,8,5.9080352783203125
73,2,"(3, 4)",12.888758659362793,7,5.888758659362793
73,3,"(2, 3)",14.420620918273926,10,4.420620918273926
73,3,"(1, 2)",13.158967018127441,6,7.158967018127441
73,3,"(3, 4)",12.7714204788208,8,4.771420478820801
73,4,"(0, 1)",13.23807144165039,10,3.2380714416503906
73,4,"(1, 2)",10.833179473876953,6,4.833179473876953
73,6,"(0, 1)",11.010266304016113,13,1.9897336959838867
73,6,"(1, 2)",9.9739990234375,8,1.9739990234375
73,6,"(2, 3)",9.793517112731934,9,0.7935171127319336
73,6,"(3, 4)",10.861136436462402,8,2.8611364364624023
73,8,"(2, 3)",6.921908378601074,9,2.078091621398926
73,8,"(1, 2)",6.905810356140137,4,2.9058103561401367
73,9,"(2, 3)",8.274041175842285,9,0.7259588241577148
73,9,"(1, 2)",6.879469871520996,5,1.879469871520996
73,9,"(3, 4)",6.497836112976074,5,1.4978361129760742
73,10,"(2, 3)",6.959690093994141,7,0.040309906005859375
73,10,"(1, 2)",5.828207015991211,4,1.828207015991211
73,10,"(3, 4)",5.896261215209961,4,1.896261215209961
73,11,"(2, 3)",5.754549026489258,5,0.7545490264892578
73,11,"(1, 2)",5.044857978820801,3,2.044857978820801
73,11,"(3, 4)",5.985367774963379,3,2.985367774963379
73,14,"(0, 1)",0.7528142333030701,0,0.7528142333030701
73,14,"(1, 2)",1.4788423776626587,1,0.4788423776626587
74,2,"(2, 3)",9.907114028930664,4,5.907114028930664
74,2,"(1, 2)",11.045886039733887,8,3.0458860397338867
74,2,"(0, 1)",8.226038932800293,2,6.226038932800293
74,6,"(0, 1)",3.4716405868530273,1,2.4716405868530273
74,6,"(1, 2)",4.638578414916992,5,0.3614215850830078
74,8,"(2, 3)",2.997753143310547,1,1.9977531433105469
74,8,"(1, 2)",4.041967391967773,4,0.04196739196777344
74,8,"(0, 1)",2.817103862762451,1,1.8171038627624512
75,1,"(0, 1)",10.43671989440918,4,6.43671989440918
75,1,"(1, 2)",14.190360069274902,4,10.190360069274902
75,3,"(0, 1)",12.649357795715332,4,8.649357795715332
75,3,"(1, 2)",14.886754035949707,6,8.886754035949707
75,3,"(2, 3)",13.43681812286377,6,7.4368181228637695
75,5,"(2, 3)",13.05656909942627,11,2.0565690994262695
75,5,"(1, 2)",12.991636276245117,9,3.991636276245117
75,6,"(0, 1)",5.529628753662109,5,0.5296287536621094
75,6,"(1, 2)",8.88304328918457,9,0.11695671081542969
75,8,"(0, 1)",7.819833755493164,6,1.819833755493164
75,8,"(1, 2)",9.1439847946167,8,1.1439847946166992
75,8,"(2, 3)",7.964008331298828,14,6.035991668701172
75,9,"(0, 1)",3.0620718002319336,5,1.9379281997680664
75,9,"(1, 2)",5.482465744018555,7,1.5175342559814453
75,10,"(2, 3)",8.005093574523926,11,2.994906425476074
75,10,"(1, 2)",7.888915061950684,7,0.8889150619506836
75,10,"(3, 4)",6.841529846191406,7,0.15847015380859375
75,10,"(0, 1)",6.860729217529297,5,1.8607292175292969
75,11,"(2, 3)",5.79069709777832,8,2.2093029022216797
75,11,"(1, 2)",5.743579864501953,4,1.7435798645019531
75,11,"(3, 4)",6.009820938110352,5,1.0098209381103516
75,11,"(0, 1)",5.887439727783203,3,2.887439727783203
75,12,"(0, 1)",1.4096416234970093,1,0.4096416234970093
75,12,"(1, 2)",3.1550049781799316,1,2.1550049781799316
75,14,"(0, 1)",0.7528142333030701,0,0.7528142333030701
75,14,"(1, 2)",1.4788423776626587,1,0.4788423776626587
76,1,"(0, 1)",7.170557975769043,8,0.829442024230957
76,1,"(1, 2)",9.160521507263184,10,0.8394784927368164
76,1,"(2, 3)",9.121222496032715,9,0.12122249603271484
76,1,"(3, 4)",7.208258152008057,10,2.7917418479919434
76,2,"(2, 3)",5.819095611572266,6,0.18090438842773438
76,2,"(1, 2)",5.978894233703613,7,1.0211057662963867
76,3,"(0, 1)",2.421248435974121,4,1.578751564025879
76,3,"(1, 2)",3.639105796813965,7,3.360894203186035
76,4,"(2, 3)",5.355978965759277,4,1.3559789657592773
76,4,"(1, 2)",5.258388519287109,7,1.7416114807128906
76,4,"(3, 4)",3.9405899047851562,5,1.0594100952148438
76,4,"(0, 1)",4.071536540985107,4,0.07153654098510742
76,5,"(2, 3)",0.5482827425003052,1,0.4517172574996948
76,5,"(3, 4)",1.572024941444397,3,1.427975058555603
76,6,"(2, 3)",1.2012345790863037,1,0.2012345790863037
76,6,"(1, 2)",2.191760540008545,2,0.19176054000854492
76,6,"(0, 1)",1.261260986328125,1,0.261260986328125
77,1,"(2, 3)",11.83542537689209,6,5.83542537689209
77,1,"(3, 4)",10.3427095413208,2,8.3427095413208
77,3,"(0, 1)",8.436610221862793,4,4.436610221862793
77,3,"(1, 2)",9.669405937194824,6,3.669405937194824
77,4,"(2, 3)",8.384963035583496,5,3.384963035583496
77,4,"(3, 4)",8.21608829498291,5,3.21608829498291
77,5,"(2, 3)",6.6366777420043945,5,1.6366777420043945
77,5,"(3, 4)",8.97470474243164,7,1.9747047424316406
77,7,"(0, 1)",5.143353462219238,5,0.14335346221923828
77,7,"(1, 2)",5.540412902832031,5,0.5404129028320312
77,8,"(0, 1)",4.604551792144775,5,0.3954482078552246
77,8,"(1, 2)",6.111910820007324,5,1.1119108200073242
77,8,"(2, 3)",4.881460189819336,3,1.881460189819336
77,11,"(2, 3)",1.1089022159576416,1,0.1089022159576416
77,11,"(1, 2)",1.0875858068466187,2,0.9124141931533813
77,12,"(0, 1)",1.1439096927642822,1,0.14390969276428223
77,12,"(1, 2)",2.0451745986938477,2,0.045174598693847656
77,12,"(2, 3)",1.0560410022735596,1,0.05604100227355957
78,4,"(2, 3)",3.469104290008545,6,2.530895709991455
78,4,"(1, 2)",3.7762508392333984,6,2.2237491607666016
78,5,"(0, 1)",3.944122314453125,4,0.055877685546875
78,5,"(1, 2)",5.944555282592773,6,0.05544471740722656
78,5,"(2, 3)",5.924241065979004,6,0.0757589340209961
78,5,"(3, 4)",3.842245578765869,4,0.15775442123413086
78,6,"(2, 3)",3.22540283203125,3,0.22540283203125
78,6,"(1, 2)",3.1362929344177246,3,0.1362929344177246
78,6,"(3, 4)",2.1646342277526855,2,0.16463422775268555
78,6,"(0, 1)",2.1921372413635254,2,0.1921372413635254
79,3,"(0, 1)",12.443079948425293,6,6.443079948425293
79,3,"(1, 2)",12.634772300720215,6,6.634772300720215
79,3,"(2, 3)",11.731491088867188,8,3.7314910888671875
79,6,"(0, 1)",10.61628246307373,4,6.6162824630737305
79,6,"(1, 2)",12.897805213928223,7,5.897805213928223
79,6,"(2, 3)",12.912802696228027,8,4.912802696228027
79,6,"(3, 4)",10.529064178466797,6,4.529064178466797
79,11,"(0, 1)",2.421248435974121,4,1.578751564025879
79,11,"(1, 2)",3.639105796813965,7,3.360894203186035
79,12,"(2, 3)",3.117187023162842,4,0.8828129768371582
79,12,"(1, 2)",3.953200340270996,7,3.046799659729004
79,12,"(0, 1)",3.6268301010131836,4,0.3731698989868164
79,13,"(2, 3)",1.47701096534729,3,1.52298903465271
79,13,"(3, 4)",0.6959632039070129,2,1.304036796092987
79,14,"(0, 1)",2.1755566596984863,2,0.17555665969848633
79,14,"(1, 2)",3.114978790283203,3,0.11497879028320312
79,14,"(2, 3)",3.1592864990234375,3,0.1592864990234375
79,14,"(3, 4)",2.1576647758483887,2,0.15766477584838867
80,1,"(2, 3)",11.919953346252441,11,0.9199533462524414
80,1,"(1, 2)",12.732034683227539,6,6.732034683227539
80,1,"(0, 1)",12.7400541305542,8,4.740054130554199
80,3,"(2, 3)",10.92743968963623,11,0.07256031036376953
80,3,"(1, 2)",9.72971248626709,4,5.72971248626709
80,3,"(3, 4)",10.105767250061035,7,3.105767250061035
80,4,"(2, 3)",8.202397346496582,9,0.797602653503418
80,4,"(1, 2)",8.077529907226562,3,5.0775299072265625
80,4,"(3, 4)",9.658726692199707,8,1.658726692199707
80,4,"(0, 1)",9.59409236907959,7,2.59409236907959
80,5,"(0, 1)",8.974276542663574,6,2.974276542663574
80,5,"(1, 2)",6.693620681762695,0,6.693620681762695
80,6,"(0, 1)",8.61246109008789,8,0.6124610900878906
80,6,"(1, 2)",4.217646598815918,0,4.217646598815918
80,7,"(2, 3)",3.113668441772461,3,0.11366844177246094
80,7,"(1, 2)",3.2163805961608887,0,3.2163805961608887
80,10,"(2, 3)",0.7584527134895325,1,0.24154728651046753
80,10,"(1, 2)",1.077770471572876,0,1.077770471572876
80,12,"(2, 3)",0.10538852214813232,0,0.10538852214813232
80,12,"(1, 2)",0.07311448454856873,0,0.07311448454856873
81,3,"(0, 1)",5.143353462219238,6,0.8566465377807617
81,3,"(1, 2)",5.540412902832031,4,1.5404129028320312
81,4,"(2, 3)",6.036665916442871,6,0.036665916442871094
81,4,"(1, 2)",4.805319786071777,4,0.8053197860717773
81,4,"(3, 4)",5.151089668273926,4,1.1510896682739258
81,6,"(2, 3)",3.9445252418518066,4,0.05547475814819336
81,6,"(1, 2)",3.0378684997558594,2,1.0378684997558594
81,6,"(3, 4)",3.5288376808166504,2,1.5288376808166504
81,7,"(0, 1)",1.049493670463562,0,1.049493670463562
81,7,"(1, 2)",1.4799233675003052,1,0.4799233675003052
82,1,"(0, 1)",6.344705581665039,6,0.34470558166503906
82,1,"(1, 2)",8.784369468688965,6,2.784369468688965
82,1,"(2, 3)",7.477880477905273,3,4.477880477905273
82,2,"(2, 3)",3.6144838333129883,2,1.6144838333129883
82,2,"(1, 2)",3.820756435394287,4,0.1792435646057129
82,4,"(2, 3)",2.7410683631896973,2,0.7410683631896973
82,4,"(1, 2)",2.8667397499084473,3,0.13326025009155273
82,6,"(0, 1)",1.852382779121399,1,0.8523827791213989
82,6,"(1, 2)",2.7951579093933105,2,0.7951579093933105
82,6,"(2, 3)",1.9468495845794678,2,0.05315041542053223
83,1,"(2, 3)",13.265515327453613,7,6.265515327453613
83,1,"(1, 2)",13.17223072052002,8,5.1722307205200195
83,1,"(3, 4)",13.65939712524414,7,6.659397125244141
83,1,"(0, 1)",13.639791488647461,4,9.639791488647461
83,5,"(2, 3)",8.96955394744873,7,1.9695539474487305
83,5,"(1, 2)",9.684258460998535,7,2.684258460998535
83,5,"(0, 1)",10.305058479309082,4,6.305058479309082
83,7,"(0, 1)",4.20480489730835,5,0.7951951026916504
83,7,"(1, 2)",6.344109535217285,6,0.34410953521728516
83,9,"(2, 3)",5.195836544036865,4,1.1958365440368652
83,9,"(1, 2)",5.610231399536133,6,0.3897686004638672
83,9,"(0, 1)",6.866547584533691,4,2.8665475845336914
83,10,"(2, 3)",2.8769726753234863,3,0.12302732467651367
83,10,"(3, 4)",1.2327961921691895,1,0.23279619216918945
83,11,"(0, 1)",1.659016728401184,2,0.3409832715988159
83,11,"(1, 2)",2.556338310241699,2,0.5563383102416992
83,12,"(2, 3)",1.423596739768982,1,0.42359673976898193
83,12,"(3, 4)",0.899305522441864,0,0.899305522441864
84,1,"(2, 3)",5.254761695861816,4,1.2547616958618164
84,1,"(3, 4)",8.090227127075195,5,3.0902271270751953
84,3,"(2, 3)",5.794177055358887,4,1.7941770553588867
84,3,"(1, 2)",4.926222801208496,3,1.926222801208496
84,3,"(3, 4)",6.0222344398498535,5,1.0222344398498535
84,4,"(0, 1)",3.6277332305908203,2,1.6277332305908203
84,4,"(1, 2)",3.22183895111084,2,1.2218389511108398
84,7,"(2, 3)",0.1495564579963684,0,0.1495564579963684
84,7,"(1, 2)",0.1323675811290741,0,0.1323675811290741
85,1,"(0, 1)",2.541653633117676,2,0.5416536331176758
85,1,"(1, 2)",4.855453968048096,3,1.8554539680480957
85,2,"(0, 1)",2.193545341491699,2,0.19354534149169922
85,2,"(1, 2)",4.042354583740234,3,1.0423545837402344
85,4,"(0, 1)",1.659016728401184,1,0.6590167284011841
85,4,"(1, 2)",2.556338310241699,3,0.4436616897583008
85,6,"(0, 1)",1.1439096927642822,1,0.14390969276428223
85,6,"(1, 2)",2.0451745986938477,2,0.045174598693847656
85,6,"(2, 3)",1.0560410022735596,1,0.05604100227355957
86,2,"(0, 1)",8.478442192077637,5,3.4784421920776367
86,2,"(1, 2)",8.49927043914795,9,0.5007295608520508
86,3,"(0, 1)",9.477838516235352,7,2.4778385162353516
86,3,"(1, 2)",11.632952690124512,9,2.6329526901245117
86,3,"(2, 3)",11.64293384552002,10,1.6429338455200195
86,3,"(3, 4)",9.450324058532715,10,0.5496759414672852
86,5,"(2, 3)",8.005093574523926,9,0.9949064254760742
86,5,"(1, 2)",7.888915061950684,6,1.8889150619506836
86,5,"(3, 4)",6.841529846191406,9,2.1584701538085938
86,5,"(0, 1)",6.860729217529297,8,1.1392707824707031
86,7,"(0, 1)",4.505736827850342,6,1.4942631721496582
86,7,"(1, 2)",2.3527894020080566,3,0.6472105979919434
86,8,"(0, 1)",3.595719337463379,6,2.404280662536621
86,8,"(1, 2)",4.032888412475586,3,1.032888412475586
86,8,"(2, 3)",3.109452247619629,3,0.1094522476196289
86,9,"(2, 3)",0.9964230060577393,2,1.0035769939422607
86,9,"(1, 2)",1.0608856678009033,1,0.06088566780090332
86,10,"(2, 3)",2.0406453609466553,2,0.04064536094665527
86,10,"(1, 2)",1.0231412649154663,1,0.02314126491546631
86,10,"(3, 4)",1.119098424911499,1,0.11909842491149902
87,1,"(2, 3)",18.13532829284668,10,8.13532829284668
87,1,"(1, 2)",17.982717514038086,11,6.982717514038086
87,1,"(3, 4)",15.17923355102539,9,6.179233551025391
87,1,"(0, 1)",14.993842124938965,7,7.993842124938965
87,2,"(2, 3)",11.115395545959473,7,4.115395545959473
87,2,"(3, 4)",8.732257843017578,7,1.7322578430175781
87,3,"(2, 3)",14.110569953918457,9,5.110569953918457
87,3,"(1, 2)",13.974749565124512,9,4.974749565124512
87,3,"(3, 4)",12.21015453338623,8,4.2101545333862305
87,3,"(0, 1)",12.290942192077637,8,4.290942192077637
87,5,"(0, 1)",7.741305351257324,8,0.2586946487426758
87,5,"(1, 2)",8.645611763000488,11,2.3543882369995117
87,7,"(0, 1)",9.134998321533203,9,0.13499832153320312
87,7,"(1, 2)",7.558524131774902,13,5.441475868225098
87,7,"(2, 3)",7.045969009399414,6,1.045969009399414
87,8,"(2, 3)",5.5231170654296875,5,0.5231170654296875
87,8,"(3, 4)",3.3070998191833496,3,0.3070998191833496
87,9,"(2, 3)",6.129703521728516,5,1.1297035217285156
87,9,"(1, 2)",4.782978057861328,9,4.217021942138672
87,9,"(3, 4)",4.56815242767334,3,1.5681524276733398
87,10,"(0, 1)",4.989403247833252,4,0.989403247833252
87,10,"(1, 2)",6.492134094238281,8,1.5078659057617188
87,10,"(2, 3)",6.622872352600098,3,3.6228723526000977
87,10,"(3, 4)",5.017249584197998,2,3.017249584197998
87,11,"(2, 3)",2.574544906616211,0,2.574544906616211
87,11,"(3, 4)",1.6501250267028809,0,1.6501250267028809
87,12,"(2, 3)",0.5482827425003052,0,0.5482827425003052
87,12,"(3, 4)",1.572024941444397,0,1.572024941444397
88,2,"(2, 3)",16.586027145385742,9,7.586027145385742
88,2,"(1, 2)",15.3180513381958,11,4.318051338195801
88,2,"(3, 4)",13.781033515930176,6,7.781033515930176
88,3,"(2, 3)",14.877273559570312,9,5.8772735595703125
88,3,"(1, 2)",13.596081733703613,10,3.5960817337036133
88,3,"(3, 4)",12.441155433654785,6,6.441155433654785
88,4,"(2, 3)",10.793532371520996,8,2.793532371520996
88,4,"(3, 4)",7.444577693939209,5,2.444577693939209
88,6,"(2, 3)",11.506093978881836,11,0.5060939788818359
88,6,"(1, 2)",10.201388359069824,11,0.7986116409301758
88,6,"(3, 4)",9.483866691589355,6,3.4838666915893555
88,7,"(0, 1)",11.359663963317871,7,4.359663963317871
88,7,"(1, 2)",14.35960865020752,12,2.3596086502075195
88,7,"(2, 3)",14.347088813781738,9,5.347088813781738
88,7,"(3, 4)",10.976283073425293,5,5.976283073425293
88,8,"(2, 3)",6.818299293518066,8,1.1817007064819336
88,8,"(3, 4)",4.360686302185059,4,0.3606863021850586
88,9,"(0, 1)",8.09097671508789,7,1.0909767150878906
88,9,"(1, 2)",5.320644855499268,8,2.6793551445007324
88,11,"(2, 3)",4.067645072937012,6,1.9323549270629883
88,11,"(3, 4)",2.181459426879883,3,0.8185405731201172
88,12,"(2, 3)",6.616039276123047,6,0.6160392761230469
88,12,"(1, 2)",6.49327278137207,6,0.4932727813720703
88,12,"(3, 4)",4.943807601928711,3,1.943807601928711
88,12,"(0, 1)",5.071779251098633,6,0.9282207489013672
88,13,"(2, 3)",2.554230213165283,3,0.4457697868347168
88,13,"(3, 4)",1.7283589839935303,1,0.7283589839935303
88,14,"(2, 3)",3.037886142730713,3,0.03788614273071289
88,14,"(1, 2)",1.9371215105056763,1,0.9371215105056763
88,14,"(3, 4)",1.8792953491210938,1,0.8792953491210938
89,1,"(2, 3)",13.38349437713623,2,11.38349437713623
89,1,"(1, 2)",12.11727237701416,7,5.11727237701416
89,1,"(3, 4)",11.74551773071289,4,7.745517730712891
89,2,"(2, 3)",8.787290573120117,2,6.787290573120117
89,2,"(1, 2)",8.732258796691895,7,1.7322587966918945
89,4,"(2, 3)",6.957463264465332,2,4.957463264465332
89,4,"(3, 4)",10.660961151123047,5,5.660961151123047
89,8,"(2, 3)",5.90122127532959,5,0.9012212753295898
89,8,"(1, 2)",4.83376932144165,5,0.1662306785583496
89,8,"(3, 4)",5.062163352966309,8,2.9378366470336914
89,9,"(2, 3)",2.7121200561523438,3,0.28787994384765625
89,9,"(1, 2)",2.749825954437256,4,1.2501740455627441
89,11,"(2, 3)",1.8312040567398071,3,1.1687959432601929
89,11,"(1, 2)",1.636361002922058,3,1.363638997077942
89,12,"(0, 1)",2.1755566596984863,2,0.17555665969848633
89,12,"(1, 2)",3.114978790283203,3,0.11497879028320312
89,12,"(2, 3)",3.1592864990234375,3,0.1592864990234375
89,12,"(3, 4)",2.1576647758483887,2,0.15766477584838867
90,1,"(2, 3)",4.380475997924805,8,3.6195240020751953
90,1,"(3, 4)",4.283819675445557,5,0.7161803245544434
90,2,"(2, 3)",8.558663368225098,8,0.5586633682250977
90,2,"(1, 2)",8.27429485321045,8,0.2742948532104492
90,2,"(3, 4)",5.927349090576172,5,0.9273490905761719
90,2,"(0, 1)",5.916754245758057,7,1.0832457542419434
90,3,"(2, 3)",3.9289016723632812,5,1.0710983276367188
90,3,"(1, 2)",2.8324618339538574,5,2.1675381660461426
90,3,"(3, 4)",2.746033191680908,3,0.2539668083190918
90,4,"(2, 3)",4.155910968780518,3,1.1559109687805176
90,4,"(1, 2)",4.119858741760254,4,0.1198587417602539
90,4,"(3, 4)",3.0174994468688965,2,1.0174994468688965
90,4,"(0, 1)",3.132997989654541,2,1.132997989654541
91,1,"(0, 1)",17.408632278442383,4,13.408632278442383
91,1,"(1, 2)",13.13428020477295,5,8.13428020477295
91,4,"(2, 3)",11.395735740661621,7,4.395735740661621
91,4,"(3, 4)",11.959859848022461,3,8.959859848022461
91,6,"(2, 3)",11.754252433776855,7,4.7542524337768555
91,6,"(1, 2)",11.604804039001465,7,4.604804039001465
91,6,"(3, 4)",10.762120246887207,3,7.762120246887207
91,6,"(0, 1)",10.775735855102539,5,5.775735855102539
91,8,"(2, 3)",9.152215003967285,5,4.152215003967285
91,8,"(1, 2)",7.868228435516357,6,1.8682284355163574
91,8,"(3, 4)",7.778474807739258,3,4.778474807739258
91,14,"(2, 3)",3.05509090423584,2,1.0550909042358398
91,14,"(1, 2)",2.122331142425537,2,0.12233114242553711
91,14,"(3, 4)",2.7673211097717285,2,0.7673211097717285
92,1,"(2, 3)",7.927216053009033,10,2.072783946990967
92,1,"(1, 2)",7.748072624206543,8,0.25192737579345703
92,1,"(3, 4)",6.005937576293945,8,1.9940624237060547
92,1,"(0, 1)",6.148686408996582,6,0.14868640899658203
92,2,"(0, 1)",2.626826286315918,4,1.373173713684082
92,2,"(1, 2)",3.654888153076172,5,1.3451118469238281
92,3,"(2, 3)",3.117187023162842,5,1.8828129768371582
92,3,"(1, 2)",3.953200340270996,5,1.046799659729004
92,3,"(0, 1)",3.6268301010131836,4,0.3731698989868164
92,4,"(0, 1)",3.1936464309692383,3,0.19364643096923828
92,4,"(1, 2)",3.336512565612793,3,0.33651256561279297
92,4,"(2, 3)",3.2583885192871094,4,0.7416114807128906
92,4,"(3, 4)",3.083588123321533,2,1.0835881233215332
93,2,"(2, 3)",3.334503650665283,3,0.3345036506652832
93,2,"(1, 2)",3.422128200531006,5,1.5778717994689941
93,3,"(2, 3)",3.390082836151123,3,0.39008283615112305
93,3,"(1, 2)",3.84175968170166,5,1.1582403182983398
93,3,"(0, 1)",4.48633337020874,5,0.5136666297912598
93,4,"(2, 3)",2.828808307647705,2,0.8288083076477051
93,4,"(1, 2)",1.895431637763977,3,1.104568362236023
93,4,"(3, 4)",1.8128663301467896,1,0.8128663301467896
93,5,"(2, 3)",0.08881738781929016,0,0.08881738781929016
93,5,"(3, 4)",0.03796178102493286,0,0.03796178102493286
94,3,"(0, 1)",9.079716682434082,8,1.079716682434082
94,3,"(1, 2)",8.538101196289062,8,0.5381011962890625
94,3,"(2, 3)",7.734445571899414,5,2.734445571899414
94,4,"(2, 3)",8.021127700805664,4,4.021127700805664
94,4,"(1, 2)",6.887381553649902,6,0.8873815536499023
94,4,"(3, 4)",6.811936855316162,6,0.8119368553161621
94,5,"(0, 1)",6.169737815856934,6,0.1697378158569336
94,5,"(1, 2)",5.048886299133301,5,0.04888629913330078
94,6,"(2, 3)",3.5467090606689453,0,3.5467090606689453
94,6,"(3, 4)",5.048847675323486,4,1.0488476753234863
94,7,"(2, 3)",0.8406380414962769,0,0.8406380414962769
94,7,"(3, 4)",5.145859718322754,4,1.145859718322754
94,8,"(2, 3)",0.7584527134895325,0,0.7584527134895325
94,8,"(1, 2)",1.077770471572876,1,0.07777047157287598
94,10,"(2, 3)",0.1495564579963684,0,0.1495564579963684
94,10,"(1, 2)",0.1323675811290741,0,0.1323675811290741
95,2,"(2, 3)",8.221549987792969,10,1.7784500122070312
95,2,"(1, 2)",8.279265403747559,10,1.7207345962524414
95,4,"(0, 1)",3.2620530128479004,6,2.7379469871520996
95,4,"(1, 2)",4.6276373863220215,10,5.3723626136779785
95,5,"(2, 3)",3.1012210845947266,7,3.8987789154052734
95,5,"(3, 4)",3.295417308807373,7,3.704582691192627
95,6,"(2, 3)",7.30190372467041,7,0.30190372467041016
95,6,"(1, 2)",7.03289794921875,8,0.96710205078125
95,6,"(3, 4)",4.9195780754089355,7,2.0804219245910645
95,6,"(0, 1)",4.90378475189209,5,0.09621524810791016
95,7,"(0, 1)",1.852382779121399,3,1.147617220878601
95,7,"(1, 2)",2.7951579093933105,5,2.2048420906066895
95,7,"(2, 3)",1.9468495845794678,4,2.0531504154205322
95,8,"(2, 3)",3.22540283203125,3,0.22540283203125
95,8,"(1, 2)",3.1362929344177246,3,0.1362929344177246
95,8,"(3, 4)",2.1646342277526855,2,0.16463422775268555
95,8,"(0, 1)",2.1921372413635254,2,0.1921372413635254
96,1,"(2, 3)",13.908035278320312,5,8.908035278320312
96,1,"(3, 4)",12.888758659362793,4,8.888758659362793
96,4,"(2, 3)",10.232075691223145,8,2.2320756912231445
96,4,"(3, 4)",11.20005989074707,8,3.2000598907470703
96,6,"(2, 3)",9.511183738708496,9,0.5111837387084961
96,6,"(1, 2)",9.48505687713623,10,0.5149431228637695
96,6,"(3, 4)",9.805671691894531,8,1.8056716918945312
96,6,"(0, 1)",9.78156852722168,7,2.7815685272216797
96,9,"(0, 1)",7.6674699783325195,10,2.3325300216674805
96,9,"(1, 2)",6.609519958496094,6,0.6095199584960938
96,9,"(2, 3)",5.875353813171387,8,2.1246461868286133
96,10,"(0, 1)",6.304286003112793,9,2.695713996887207
96,10,"(1, 2)",5.310266494750977,4,1.3102664947509766
96,10,"(2, 3)",5.004607200622559,7,1.9953927993774414
96,10,"(3, 4)",5.9021992683410645,5,0.9021992683410645
96,13,"(2, 3)",3.037886142730713,2,1.037886142730713
96,13,"(1, 2)",1.9371215105056763,1,0.9371215105056763
96,13,"(3, 4)",1.8792953491210938,3,1.1207046508789062
96,14,"(2, 3)",0.10538852214813232,0,0.10538852214813232
96,14,"(1, 2)",0.07311448454856873,0,0.07311448454856873
97,1,"(2, 3)",5.504420280456543,6,0.49557971954345703
97,1,"(3, 4)",5.089160919189453,4,1.0891609191894531
97,3,"(0, 1)",4.505736827850342,6,1.4942631721496582
97,3,"(1, 2)",2.3527894020080566,3,0.6472105979919434
97,5,"(2, 3)",3.5416617393493652,4,0.45833826065063477
97,5,"(1, 2)",2.608926773071289,2,0.6089267730712891
97,5,"(3, 4)",1.341970682144165,2,0.658029317855835
97,6,"(2, 3)",2.0406453609466553,2,0.04064536094665527
97,6,"(1, 2)",1.0231412649154663,1,0.02314126491546631
97,6,"(3, 4)",1.119098424911499,1,0.11909842491149902
98,1,"(2, 3)",9.261338233947754,7,2.261338233947754
98,1,"(1, 2)",8.996150016784668,8,0.996150016784668
98,1,"(3, 4)",7.126640796661377,4,3.126640796661377
98,1,"(0, 1)",7.2549662590026855,6,1.2549662590026855
98,2,"(2, 3)",3.5467090606689453,4,0.4532909393310547
98,2,"(3, 4)",5.048847675323486,2,3.0488476753234863
98,3,"(2, 3)",5.079068660736084,4,1.079068660736084
98,3,"(1, 2)",3.8952536582946777,3,0.8952536582946777
98,3,"(3, 4)",4.378726959228516,2,2.3787269592285156
98,5,"(0, 1)",0.7528142333030701,0,0.7528142333030701
98,5,"(1, 2)",1.4788423776626587,1,0.4788423776626587
99,1,"(2, 3)",10.900678634643555,8,2.9006786346435547
99,1,"(1, 2)",11.556280136108398,5,6.556280136108398
99,1,"(0, 1)",12.71408748626709,10,2.71408748626709
99,3,"(2, 3)",8.487187385559082,10,1.512812614440918
99,3,"(1, 2)",8.533904075622559,6,2.5339040756225586
99,4,"(2, 3)",9.358464241027832,10,0.641535758972168
99,4,"(1, 2)",7.988436698913574,7,0.9884366989135742
99,4,"(3, 4)",7.483893871307373,5,2.483893871307373
99,5,"(0, 1)",6.972265720367432,6,0.9722657203674316
99,5,"(1, 2)",6.2640461921691895,6,0.26404619216918945
99,6,"(2, 3)",7.207427978515625,7,0.207427978515625
99,6,"(1, 2)",5.803510665893555,6,0.1964893341064453
99,6,"(3, 4)",5.524534225463867,3,2.524534225463867
99,8,"(0, 1)",4.920997619628906,3,1.9209976196289062
99,8,"(1, 2)",5.566641807556152,4,1.5666418075561523
99,8,"(2, 3)",5.518790245056152,5,0.5187902450561523
99,8,"(3, 4)",4.9504218101501465,2,2.9504218101501465
100,2,"(0, 1)",10.125009536743164,8,2.125009536743164
100,2,"(1, 2)",10.964224815368652,10,0.9642248153686523
100,2,"(2, 3)",9.831902503967285,8,1.8319025039672852
100,3,"(2, 3)",9.86014175415039,7,2.8601417541503906
100,3,"(1, 2)",8.655906677246094,8,0.6559066772460938
100,3,"(3, 4)",9.186542510986328,9,0.18654251098632812
100,5,"(2, 3)",6.9279913902282715,6,0.9279913902282715
100,5,"(1, 2)",7.870780944824219,8,0.12921905517578125
100,5,"(0, 1)",7.717137336730957,7,0.717137336730957
100,6,"(0, 1)",6.909992218017578,6,0.9099922180175781
100,6,"(1, 2)",6.920760154724121,6,0.9207601547241211
100,6,"(2, 3)",6.91519832611084,5,1.9151983261108398
100,6,"(3, 4)",6.79592227935791,4,2.79592227935791
100,9,"(2, 3)",2.590366840362549,1,1.5903668403625488
100,9,"(1, 2)",2.6934518814086914,2,0.6934518814086914
100,11,"(2, 3)",0.08881738781929016,0,0.08881738781929016
100,11,"(3, 4)",0.03796178102493286,0,0.03796178102493286
101,1,"(2, 3)",11.784098625183105,10,1.7840986251831055
101,1,"(1, 2)",11.79476261138916,3,8.79476261138916
101,2,"(0, 1)",11.608518600463867,6,5.608518600463867
101,2,"(1, 2)",11.612065315246582,3,8.612065315246582
101,2,"(2, 3)",10.701244354248047,10,0.7012443542480469
101,3,"(0, 1)",9.330349922180176,8,1.3303499221801758
101,3,"(1, 2)",9.579516410827637,2,7.579516410827637
101,4,"(2, 3)",9.8687105178833,9,0.8687105178833008
101,4,"(1, 2)",8.78823184967041,3,5.78823184967041
101,4,"(3, 4)",9.250162124633789,7,2.250162124633789
101,5,"(0, 1)",7.7211151123046875,5,2.7211151123046875
101,5,"(1, 2)",7.378233909606934,3,4.378233909606934
101,7,"(0, 1)",6.169737815856934,6,0.1697378158569336
101,7,"(1, 2)",5.048886299133301,5,0.04888629913330078
101,8,"(2, 3)",4.250181674957275,2,2.2501816749572754
101,8,"(1, 2)",4.1949028968811035,5,0.8050971031188965
101,9,"(2, 3)",4.883207321166992,2,2.883207321166992
101,9,"(1, 2)",3.917814254760742,5,1.0821857452392578
101,9,"(3, 4)",4.27088737487793,2,2.2708873748779297
101,12,"(2, 3)",0.11587792634963989,0,0.11587792634963989
101,12,"(3, 4)",0.1558062583208084,0,0.1558062583208084
102,1,"(2, 3)",12.593755722045898,11,1.5937557220458984
102,1,"(3, 4)",10.525713920593262,5,5.525713920593262
102,2,"(0, 1)",11.10127067565918,10,1.1012706756591797
102,2,"(1, 2)",11.755720138549805,3,8.755720138549805
102,3,"(0, 1)",10.956053733825684,13,2.0439462661743164
102,3,"(1, 2)",10.105010032653809,4,6.105010032653809
102,4,"(2, 3)",12.251269340515137,12,0.2512693405151367
102,4,"(1, 2)",11.173192024230957,4,7.173192024230957
102,4,"(3, 4)",9.354231834411621,5,4.354231834411621
102,6,"(0, 1)",8.618550300598145,14,5.3814496994018555
102,6,"(1, 2)",6.62600564956665,9,2.3739943504333496
102,7,"(2, 3)",9.10364055633545,14,4.896359443664551
102,7,"(1, 2)",8.447745323181152,9,0.5522546768188477
102,7,"(3, 4)",6.173962116241455,7,0.8260378837585449
102,8,"(2, 3)",7.644998550415039,12,4.355001449584961
102,8,"(1, 2)",6.356236457824707,8,1.643763542175293
102,8,"(3, 4)",5.290715217590332,6,0.709284782409668
102,9,"(2, 3)",6.137328147888184,10,3.8626718521118164
102,9,"(1, 2)",4.961518287658691,7,2.0384817123413086
102,9,"(3, 4)",4.5507965087890625,5,0.4492034912109375
102,11,"(0, 1)",3.9896340370178223,5,1.0103659629821777
102,11,"(1, 2)",5.229698657989502,6,0.770301342010498
102,11,"(2, 3)",5.357064247131348,7,1.6429357528686523
102,11,"(3, 4)",4.013250827789307,4,0.01325082778930664
102,12,"(2, 3)",3.37453031539917,4,0.6254696846008301
102,12,"(1, 2)",3.2578630447387695,3,0.25786304473876953
102,12,"(3, 4)",3.1704554557800293,2,1.1704554557800293
102,12,"(0, 1)",3.1056132316589355,3,0.10561323165893555
103,1,"(2, 3)",10.668780326843262,8,2.6687803268432617
103,1,"(1, 2)",9.868546485900879,8,1.868546485900879
103,1,"(3, 4)",11.099587440490723,8,3.0995874404907227
103,3,"(0, 1)",8.945183753967285,9,0.054816246032714844
103,3,"(1, 2)",8.396108627319336,11,2.603891372680664
103,3,"(2, 3)",8.304595947265625,7,1.304595947265625
103,3,"(3, 4)",8.800240516662598,13,4.199759483337402
103,4,"(2, 3)",7.373499870300293,4,3.373499870300293
103,4,"(1, 2)",8.307668685913086,8,0.30766868591308594
103,4,"(0, 1)",6.500937461853027,9,2.4990625381469727
103,5,"(2, 3)",4.432136535644531,3,1.4321365356445312
103,5,"(1, 2)",4.42877197265625,6,1.57122802734375
103,6,"(2, 3)",2.370084762573242,3,0.6299152374267578
103,6,"(3, 4)",6.248018264770508,8,1.7519817352294922
103,8,"(2, 3)",3.6554813385009766,2,1.6554813385009766
103,8,"(1, 2)",4.69935417175293,4,0.6993541717529297
103,8,"(0, 1)",2.379119873046875,4,1.620880126953125
103,9,"(0, 1)",1.852382779121399,3,1.147617220878601
103,9,"(1, 2)",2.7951579093933105,2,0.7951579093933105
103,9,"(2, 3)",1.9468495845794678,1,0.9468495845794678
103,10,"(2, 3)",0.1495564579963684,0,0.1495564579963684
103,10,"(1, 2)",0.1323675811290741,0,0.1323675811290741
104,3,"(2, 3)",13.265515327453613,7,6.265515327453613
104,3,"(1, 2)",13.17223072052002,7,6.1722307205200195
104,3,"(3, 4)",13.65939712524414,9,4.659397125244141
104,3,"(0, 1)",13.639791488647461,5,8.639791488647461
104,5,"(2, 3)",12.04510498046875,5,7.04510498046875
104,5,"(1, 2)",13.231870651245117,6,7.231870651245117
104,5,"(0, 1)",10.453327178955078,4,6.453327178955078
104,7,"(0, 1)",8.262502670288086,5,3.262502670288086
104,7,"(1, 2)",8.369921684265137,4,4.369921684265137
104,8,"(2, 3)",6.050501823425293,4,2.050501823425293
104,8,"(1, 2)",6.362931251525879,4,2.362931251525879
104,11,"(0, 1)",4.604551792144775,3,1.6045517921447754
104,11,"(1, 2)",6.111910820007324,4,2.111910820007324
104,11,"(2, 3)",4.881460189819336,3,1.881460189819336
104,13,"(2, 3)",2.6395368576049805,2,0.6395368576049805
104,13,"(1, 2)",2.5603785514831543,1,1.5603785514831543
104,14,"(0, 1)",1.049493670463562,0,1.049493670463562
104,14,"(1, 2)",1.4799233675003052,1,0.4799233675003052
105,2,"(0, 1)",5.12094783782959,4,1.1209478378295898
105,2,"(1, 2)",6.629359245300293,4,2.629359245300293
105,3,"(2, 3)",4.907638072967529,6,1.0923619270324707
105,3,"(3, 4)",5.874410629272461,7,1.125589370727539
105,4,"(0, 1)",4.343130588531494,3,1.3431305885314941
105,4,"(1, 2)",4.413381099700928,2,2.4133810997009277
105,5,"(0, 1)",4.249480247497559,3,1.2494802474975586
105,5,"(1, 2)",2.2215304374694824,2,0.22153043746948242
105,7,"(2, 3)",1.1089022159576416,1,0.1089022159576416
105,7,"(1, 2)",1.0875858068466187,2,0.9124141931533813
105,8,"(0, 1)",1.1439096927642822,1,0.14390969276428223
105,8,"(1, 2)",2.0451745986938477,2,0.045174598693847656
105,8,"(2, 3)",1.0560410022735596,1,0.05604100227355957
106,1,"(0, 1)",15.255013465881348,5,10.255013465881348
106,1,"(1, 2)",18.038232803344727,9,9.038232803344727
106,1,"(2, 3)",18.06956672668457,10,8.06956672668457
106,1,"(3, 4)",14.93190860748291,5,9.93190860748291
106,5,"(2, 3)",7.89619779586792,9,1.10380220413208
106,5,"(3, 4)",9.780264854431152,7,2.7802648544311523
106,6,"(0, 1)",6.15274715423584,3,3.15274715423584
106,6,"(1, 2)",7.707398414611816,7,0.7073984146118164
106,7,"(2, 3)",9.235246658325195,7,2.2352466583251953
106,7,"(1, 2)",9.127490997314453,8,1.1274909973144531
106,7,"(3, 4)",7.862587928771973,7,0.8625879287719727
106,7,"(0, 1)",7.917346000671387,3,4.917346000671387
106,8,"(0, 1)",5.143353462219238,1,4.143353462219238
106,8,"(1, 2)",5.540412902832031,5,0.5404129028320312
106,11,"(0, 1)",2.7790517807006836,1,1.7790517807006836
106,11,"(1, 2)",3.918628215789795,4,0.08137178421020508
106,11,"(2, 3)",2.905128002166748,1,1.905128002166748
107,1,"(2, 3)",6.78752326965332,7,0.2124767303466797
107,1,"(1, 2)",6.714727878570557,5,1.7147278785705566
107,3,"(2, 3)",5.79069709777832,6,0.2093029022216797
107,3,"(1, 2)",5.743579864501953,5,0.7435798645019531
107,3,"(3, 4)",6.009820938110352,5,1.0098209381103516
107,3,"(0, 1)",5.887439727783203,6,0.11256027221679688
107,4,"(0, 1)",3.335144519805908,4,0.6648554801940918
107,4,"(1, 2)",3.102208137512207,2,1.102208137512207
107,6,"(2, 3)",0.6738706827163696,0,0.6738706827163696
107,6,"(3, 4)",2.021514892578125,2,0.021514892578125
107,7,"(2, 3)",0.10538852214813232,0,0.10538852214813232
107,7,"(1, 2)",0.07311448454856873,0,0.07311448454856873
108,1,"(0, 1)",11.93798542022705,4,7.937985420227051
108,1,"(1, 2)",13.952103614807129,10,3.952103614807129
108,3,"(0, 1)",12.982449531555176,5,7.982449531555176
108,3,"(1, 2)",12.289467811584473,12,0.28946781158447266
108,3,"(2, 3)",11.557988166809082,4,7.557988166809082
108,5,"(0, 1)",11.739809036254883,8,3.739809036254883
108,5,"(1, 2)",14.16869831085205,12,2.168698310852051
108,5,"(2, 3)",14.185900688171387,5,9.185900688171387
108,5,"(3, 4)",11.602112770080566,3,8.602112770080566
108,7,"(2, 3)",7.706777572631836,4,3.706777572631836
108,7,"(3, 4)",6.103206634521484,4,2.1032066345214844
108,8,"(2, 3)",6.494389533996582,7,0.505610466003418
108,8,"(3, 4)",5.841130256652832,6,0.15886974334716797
108,10,"(2, 3)",4.332555770874023,7,2.6674442291259766
108,10,"(3, 4)",4.122058391571045,6,1.877941608428955
108,11,"(2, 3)",5.079068660736084,7,1.920931339263916
108,11,"(1, 2)",3.8952536582946777,6,2.1047463417053223
108,11,"(3, 4)",4.378726959228516,6,1.6212730407714844
108,12,"(2, 3)",3.117187023162842,5,1.8828129768371582
108,12,"(1, 2)",3.953200340270996,5,1.046799659729004
108,12,"(0, 1)",3.6268301010131836,4,0.3731698989868164
108,14,"(2, 3)",3.22540283203125,3,0.22540283203125
108,14,"(1, 2)",3.1362929344177246,3,0.1362929344177246
108,14,"(3, 4)",2.1646342277526855,2,0.16463422775268555
108,14,"(0, 1)",2.1921372413635254,2,0.1921372413635254
109,2,"(0, 1)",12.68372631072998,10,2.6837263107299805
109,2,"(1, 2)",12.955071449279785,12,0.9550714492797852
109,2,"(2, 3)",12.995329856872559,10,2.9953298568725586
109,2,"(3, 4)",12.53705883026123,9,3.5370588302612305
109,3,"(2, 3)",11.71849536895752,7,4.7184953689575195
109,3,"(1, 2)",11.795267105102539,10,1.795267105102539
109,4,"(2, 3)",9.464775085449219,7,2.4647750854492188
109,4,"(3, 4)",9.075177192687988,6,3.0751771926879883
109,5,"(0, 1)",9.83615779876709,5,4.83615779876709
109,5,"(1, 2)",9.477389335632324,9,0.4773893356323242
109,5,"(2, 3)",9.478570938110352,9,0.47857093811035156
109,5,"(3, 4)",9.740504264831543,7,2.740504264831543
109,6,"(0, 1)",9.171346664428711,4,5.171346664428711
109,6,"(1, 2)",7.838763236999512,6,1.8387632369995117
109,6,"(2, 3)",7.548589706420898,7,0.5485897064208984
109,6,"(3, 4)",8.895943641662598,5,3.8959436416625977
109,11,"(0, 1)",1.659016728401184,2,0.3409832715988159
109,11,"(1, 2)",2.556338310241699,2,0.5563383102416992
109,13,"(0, 1)",1.1439096927642822,1,0.14390969276428223
109,13,"(1, 2)",2.0451745986938477,2,0.045174598693847656
109,13,"(2, 3)",1.0560410022735596,1,0.05604100227355957
110,2,"(2, 3)",13.8961181640625,7,6.8961181640625
110,2,"(1, 2)",14.446247100830078,12,2.446247100830078
110,2,"(0, 1)",15.920833587646484,8,7.920833587646484
110,5,"(2, 3)",16.953996658325195,13,3.9539966583251953
110,5,"(1, 2)",16.658315658569336,12,4.658315658569336
110,5,"(3, 4)",13.629944801330566,10,3.6299448013305664
110,5,"(0, 1)",13.264679908752441,12,1.2646799087524414
110,6,"(2, 3)",10.05187702178955,10,0.05187702178955078
110,6,"(1, 2)",10.633076667785645,11,0.36692333221435547
110,6,"(0, 1)",12.680018424987793,11,1.680018424987793
110,7,"(2, 3)",10.435613632202148,11,0.5643863677978516
110,7,"(1, 2)",9.109513282775879,10,0.8904867172241211
110,7,"(3, 4)",8.479424476623535,6,2.479424476623535
110,8,"(2, 3)",6.65966272354126,9,2.3403372764587402
110,8,"(3, 4)",3.873119354248047,5,1.1268806457519531
110,9,"(0, 1)",5.9950666427612305,10,4.0049333572387695
110,9,"(1, 2)",6.575186729431152,9,2.4248132705688477
110,10,"(0, 1)",7.170557975769043,10,2.829442024230957
110,10,"(1, 2)",9.160521507263184,9,0.1605215072631836
110,10,"(2, 3)",9.121222496032715,9,0.12122249603271484
110,10,"(3, 4)",7.208258152008057,5,2.2082581520080566
110,11,"(2, 3)",6.129703521728516,6,0.12970352172851562
110,11,"(1, 2)",4.782978057861328,6,1.2170219421386719
110,11,"(3, 4)",4.56815242767334,3,1.5681524276733398
110,12,"(2, 3)",2.8769726753234863,4,1.1230273246765137
110,12,"(3, 4)",1.2327961921691895,2,0.7672038078308105
110,13,"(2, 3)",4.026495933532715,4,0.026495933532714844
110,13,"(1, 2)",3.0550689697265625,3,0.0550689697265625
110,13,"(3, 4)",3.5674338340759277,2,1.5674338340759277
110,14,"(2, 3)",1.47701096534729,2,0.52298903465271
110,14,"(3, 4)",0.6959632039070129,1,0.30403679609298706
110,15,"(0, 1)",0.2059890180826187,0,0.2059890180826187
110,15,"(1, 2)",0.17118015885353088,0,0.17118015885353088
111,7,"(0, 1)",0.6400662660598755,1,0.3599337339401245
111,7,"(1, 2)",1.965013861656189,2,0.034986138343811035
111,8,"(2, 3)",1.47701096534729,2,0.52298903465271
111,8,"(3, 4)",0.6959632039070129,1,0.30403679609298706
111,9,"(0, 1)",0.06365779042243958,0,0.06365779042243958
111,9,"(1, 2)",0.05576014518737793,0,0.05576014518737793
112,1,"(0, 1)",16.521955490112305,2,14.521955490112305
112,1,"(1, 2)",13.808592796325684,5,8.808592796325684
112,3,"(2, 3)",12.917997360229492,8,4.917997360229492
112,3,"(3, 4)",11.229209899902344,7,4.229209899902344
112,4,"(0, 1)",13.785487174987793,10,3.785487174987793
112,4,"(1, 2)",9.968090057373047,6,3.968090057373047
112,7,"(2, 3)",8.96955394744873,8,0.9695539474487305
112,7,"(1, 2)",9.684258460998535,7,2.684258460998535
112,7,"(0, 1)",10.305058479309082,10,0.30505847930908203
112,8,"(2, 3)",9.152215003967285,10,0.8477849960327148
112,8,"(1, 2)",7.868228435516357,8,0.13177156448364258
112,8,"(3, 4)",7.778474807739258,7,0.7784748077392578
112,9,"(2, 3)",7.847813129425049,8,0.15218687057495117
112,9,"(1, 2)",6.849764823913574,8,1.1502351760864258
112,9,"(3, 4)",7.642016410827637,7,0.6420164108276367
112,10,"(2, 3)",6.608458518981934,6,0.6084585189819336
112,10,"(1, 2)",5.916617393493652,7,1.0833826065063477
112,10,"(3, 4)",7.64931583404541,6,1.6493158340454102
112,14,"(0, 1)",3.1936464309692383,2,1.1936464309692383
112,14,"(1, 2)",3.336512565612793,4,0.663487434387207
112,14,"(2, 3)",3.2583885192871094,3,0.2583885192871094
112,14,"(3, 4)",3.083588123321533,3,0.0835881233215332
113,2,"(2, 3)",10.461313247680664,8,2.461313247680664
113,2,"(1, 2)",11.410859107971191,9,2.4108591079711914
113,2,"(0, 1)",8.373719215393066,8,0.3737192153930664
113,3,"(0, 1)",8.77999496459961,7,1.7799949645996094
113,3,"(1, 2)",9.211249351501465,7,2.211249351501465
113,3,"(2, 3)",9.303242683410645,9,0.30324268341064453
113,3,"(3, 4)",8.651738166809082,11,2.348261833190918
113,4,"(2, 3)",7.778267860412598,7,0.7782678604125977
113,4,"(1, 2)",8.985852241516113,6,2.9858522415161133
113,4,"(0, 1)",6.128940582275391,6,0.12894058227539062
113,6,"(2, 3)",4.144089698791504,5,0.8559103012084961
113,6,"(1, 2)",4.213046550750732,4,0.21304655075073242
113,7,"(0, 1)",3.3727149963378906,2,1.3727149963378906
113,7,"(1, 2)",5.5381879806518555,4,1.5381879806518555
113,7,"(2, 3)",4.222002983093262,5,0.7779970169067383
113,9,"(0, 1)",1.049493670463562,1,0.04949367046356201
113,9,"(1, 2)",1.4799233675003052,2,0.5200766324996948
113,10,"(2, 3)",1.2012345790863037,1,0.2012345790863037
113,10,"(1, 2)",2.191760540008545,2,0.19176054000854492
113,10,"(0, 1)",1.261260986328125,1,0.261260986328125
114,1,"(2, 3)",8.719386100769043,8,0.719386100769043
114,1,"(1, 2)",7.456015586853027,10,2.5439844131469727
114,1,"(3, 4)",6.300356388092041,4,2.300356388092041
114,3,"(0, 1)",6.049228668212891,7,0.9507713317871094
114,3,"(1, 2)",7.830130577087402,8,0.16986942291259766
114,3,"(2, 3)",7.872501850128174,6,1.8725018501281738
114,3,"(3, 4)",6.1028947830200195,3,3.1028947830200195
114,4,"(2, 3)",3.1646313667297363,3,0.16463136672973633
114,4,"(3, 4)",1.3435230255126953,1,0.3435230255126953
114,5,"(2, 3)",2.574544906616211,3,0.42545509338378906
114,5,"(3, 4)",1.6501250267028809,1,0.6501250267028809
114,6,"(2, 3)",3.037886142730713,3,0.03788614273071289
114,6,"(1, 2)",1.9371215105056763,1,0.9371215105056763
114,6,"(3, 4)",1.8792953491210938,1,0.8792953491210938
115,1,"(2, 3)",11.766236305236816,9,2.7662363052368164
115,1,"(1, 2)",11.806069374084473,8,3.8060693740844727
115,2,"(0, 1)",9.330349922180176,8,1.3303499221801758
115,2,"(1, 2)",9.579516410827637,10,0.4204835891723633
115,4,"(2, 3)",8.829998970031738,7,1.8299989700317383
115,4,"(1, 2)",7.819191932678223,10,2.1808080673217773
115,4,"(3, 4)",8.464743614196777,8,0.46474361419677734
115,5,"(2, 3)",6.5404438972473145,7,0.45955610275268555
115,5,"(3, 4)",5.935758590698242,8,2.064241409301758
115,6,"(0, 1)",6.8044819831848145,7,0.19551801681518555
115,6,"(1, 2)",6.842029571533203,7,0.15797042846679688
115,6,"(2, 3)",5.87380313873291,7,1.1261968612670898
115,7,"(0, 1)",6.040568828582764,6,0.04056882858276367
115,7,"(1, 2)",5.784316062927246,5,0.7843160629272461
115,7,"(2, 3)",5.734234809875488,6,0.2657651901245117
115,7,"(3, 4)",5.857722282409668,5,0.857722282409668
115,8,"(2, 3)",3.168769359588623,3,0.16876935958862305
115,8,"(3, 4)",3.567265033721924,3,0.5672650337219238
115,9,"(2, 3)",2.590366840362549,3,0.40963315963745117
115,9,"(1, 2)",2.6934518814086914,0,2.6934518814086914
115,11,"(0, 1)",0.06365779042243958,0,0.06365779042243958
115,11,"(1, 2)",0.05576014518737793,0,0.05576014518737793
116,5,"(0, 1)",3.7218189239501953,3,0.7218189239501953
116,5,"(1, 2)",5.015313625335693,7,1.9846863746643066
116,5,"(2, 3)",3.8918075561523438,4,0.10819244384765625
116,8,"(0, 1)",2.1755566596984863,2,0.17555665969848633
116,8,"(1, 2)",3.114978790283203,3,0.11497879028320312
116,8,"(2, 3)",3.1592864990234375,3,0.1592864990234375
116,8,"(3, 4)",2.1576647758483887,2,0.15766477584838867
117,1,"(0, 1)",10.761834144592285,3,7.761834144592285
117,1,"(1, 2)",10.573720932006836,6,4.573720932006836
117,1,"(2, 3)",9.710099220275879,4,5.710099220275879
117,4,"(2, 3)",6.644924640655518,8,1.3550753593444824
117,4,"(3, 4)",5.187645435333252,4,1.187645435333252
117,9,"(2, 3)",2.828808307647705,5,2.171191692352295
117,9,"(1, 2)",1.895431637763977,4,2.104568362236023
117,9,"(3, 4)",1.8128663301467896,3,1.1871336698532104
117,10,"(0, 1)",2.1755566596984863,2,0.17555665969848633
117,10,"(1, 2)",3.114978790283203,3,0.11497879028320312
117,10,"(2, 3)",3.1592864990234375,3,0.1592864990234375
117,10,"(3, 4)",2.1576647758483887,2,0.15766477584838867
118,1,"(2, 3)",6.9593377113342285,8,1.0406622886657715
118,1,"(1, 2)",6.913422107696533,7,0.0865778923034668
118,1,"(3, 4)",6.881433486938477,6,0.8814334869384766
118,1,"(0, 1)",6.8323163986206055,8,1.1676836013793945
118,4,"(2, 3)",4.0126471519470215,4,0.012647151947021484
118,4,"(1, 2)",2.883108615875244,3,0.11689138412475586
118,4,"(3, 4)",2.704106330871582,3,0.29589366912841797
118,6,"(2, 3)",2.1914608478546143,2,0.19146084785461426
118,6,"(1, 2)",1.118086814880371,1,0.1180868148803711
118,6,"(3, 4)",1.1697611808776855,1,0.16976118087768555
119,1,"(2, 3)",11.258896827697754,2,9.258896827697754
119,1,"(3, 4)",11.615874290466309,5,6.615874290466309
119,3,"(2, 3)",8.21470832824707,3,5.21470832824707
119,3,"(3, 4)",11.119014739990234,6,5.119014739990234
119,4,"(2, 3)",7.028924942016602,3,4.028924942016602
119,4,"(1, 2)",6.907674789428711,4,2.907674789428711
119,6,"(2, 3)",5.971348762512207,7,1.028651237487793
119,6,"(1, 2)",6.013814926147461,6,0.013814926147460938
119,9,"(2, 3)",5.080360412597656,6,0.9196395874023438
119,9,"(1, 2)",3.8526148796081543,5,1.1473851203918457
119,9,"(3, 4)",3.6027989387512207,3,0.6027989387512207
119,11,"(2, 3)",3.37453031539917,4,0.6254696846008301
119,11,"(1, 2)",3.2578630447387695,3,0.25786304473876953
119,11,"(3, 4)",3.1704554557800293,2,1.1704554557800293
119,11,"(0, 1)",3.1056132316589355,3,0.10561323165893555
120,2,"(2, 3)",6.129703521728516,10,3.8702964782714844
120,2,"(1, 2)",4.782978057861328,7,2.217021942138672
120,2,"(3, 4)",4.56815242767334,5,0.43184757232666016
120,4,"(0, 1)",4.934733867645264,4,0.9347338676452637
120,4,"(1, 2)",7.20090389251709,6,1.2009038925170898
120,4,"(2, 3)",7.140961647033691,7,0.1409616470336914
120,4,"(3, 4)",4.878108978271484,4,0.8781089782714844
120,6,"(0, 1)",2.1755566596984863,2,0.17555665969848633
120,6,"(1, 2)",3.114978790283203,3,0.11497879028320312
120,6,"(2, 3)",3.1592864990234375,3,0.1592864990234375
120,6,"(3, 4)",2.1576647758483887,2,0.15766477584838867
121,2,"(2, 3)",4.951986312866211,4,0.9519863128662109
121,2,"(1, 2)",5.944182395935059,3,2.9441823959350586
121,2,"(0, 1)",5.159946441650391,8,2.8400535583496094
121,3,"(2, 3)",5.036065101623535,3,2.036065101623535
121,3,"(1, 2)",3.799868583679199,1,2.799868583679199
121,3,"(3, 4)",3.6835060119628906,5,1.3164939880371094
121,4,"(2, 3)",1.1205859184265137,1,0.12058591842651367
121,4,"(1, 2)",0.941597580909729,0,0.941597580909729
121,5,"(2, 3)",0.9964230060577393,1,0.003576993942260742
121,5,"(1, 2)",1.0608856678009033,0,1.0608856678009033
122,1,"(2, 3)",11.303929328918457,7,4.303929328918457
122,1,"(1, 2)",10.520129203796387,6,4.520129203796387
122,1,"(3, 4)",12.230687141418457,6,6.230687141418457
122,2,"(0, 1)",11.575304985046387,5,6.575304985046387
122,2,"(1, 2)",10.368243217468262,5,5.368243217468262
122,2,"(2, 3)",9.668058395385742,6,3.668058395385742
122,5,"(0, 1)",5.9950666427612305,2,3.9950666427612305
122,5,"(1, 2)",6.575186729431152,5,1.5751867294311523
122,7,"(2, 3)",4.380475997924805,2,2.3804759979248047
122,7,"(3, 4)",4.283819675445557,1,3.2838196754455566
123,1,"(2, 3)",13.084673881530762,11,2.0846738815307617
123,1,"(1, 2)",11.897686958312988,10,1.8976869583129883
123,1,"(3, 4)",10.307315826416016,6,4.307315826416016
123,2,"(2, 3)",8.77474308013916,9,0.22525691986083984
123,2,"(3, 4)",5.867663383483887,5,0.8676633834838867
123,3,"(2, 3)",8.279589653015137,12,3.7204103469848633
123,3,"(3, 4)",5.998129844665527,7,1.0018701553344727
123,4,"(2, 3)",13.23857593536377,12,1.2385759353637695
123,4,"(1, 2)",13.102948188781738,12,1.1029481887817383
123,4,"(3, 4)",10.212018013000488,7,3.2120180130004883
123,4,"(0, 1)",9.987343788146973,12,2.0126562118530273
123,5,"(0, 1)",6.685511589050293,10,3.314488410949707
123,5,"(1, 2)",6.154703617095947,10,3.8452963829040527
123,6,"(2, 3)",7.644998550415039,7,0.6449985504150391
123,6,"(1, 2)",6.356236457824707,10,3.643763542175293
123,6,"(3, 4)",5.290715217590332,4,1.290715217590332
123,7,"(2, 3)",6.129703521728516,5,1.1297035217285156
123,7,"(1, 2)",4.782978057861328,9,4.217021942138672
123,7,"(3, 4)",4.56815242767334,3,1.5681524276733398
123,8,"(2, 3)",3.5960144996643066,3,0.5960144996643066
123,8,"(3, 4)",2.552830696105957,2,0.552830696105957
123,9,"(0, 1)",3.9896340370178223,3,0.9896340370178223
123,9,"(1, 2)",5.229698657989502,6,0.770301342010498
123,9,"(2, 3)",5.357064247131348,3,2.3570642471313477
123,9,"(3, 4)",4.013250827789307,2,2.0132508277893066
123,10,"(2, 3)",0.5482827425003052,0,0.5482827425003052
123,10,"(3, 4)",1.572024941444397,0,1.572024941444397
124,1,"(2, 3)",13.420246124267578,7,6.420246124267578
124,1,"(1, 2)",13.460095405578613,6,7.460095405578613
124,2,"(0, 1)",9.718988418579102,6,3.7189884185791016
124,2,"(1, 2)",11.727206230163574,8,3.727206230163574
124,4,"(2, 3)",9.08393383026123,7,2.0839338302612305
124,4,"(3, 4)",10.463968276977539,10,0.46396827697753906
124,5,"(0, 1)",7.741305351257324,8,0.2586946487426758
124,5,"(1, 2)",8.645611763000488,5,3.6456117630004883
124,6,"(2, 3)",8.071660995483398,7,1.0716609954833984
124,6,"(1, 2)",9.11317253112793,7,2.1131725311279297
124,6,"(0, 1)",7.857630729675293,9,1.142369270324707
124,7,"(2, 3)",7.53115177154541,7,0.5311517715454102
124,7,"(1, 2)",6.75938606262207,7,0.2406139373779297
124,7,"(3, 4)",8.376522064208984,10,1.6234779357910156
124,8,"(2, 3)",5.955536842346191,5,0.9555368423461914
124,8,"(1, 2)",6.996447563171387,6,0.9964475631713867
124,8,"(0, 1)",5.990414619445801,6,0.009585380554199219
124,9,"(2, 3)",5.179043292999268,4,1.1790432929992676
124,9,"(1, 2)",5.038026809692383,4,1.0380268096923828
124,11,"(0, 1)",1.659016728401184,2,0.3409832715988159
124,11,"(1, 2)",2.556338310241699,4,1.4436616897583008
124,12,"(2, 3)",0.5482827425003052,1,0.4517172574996948
124,12,"(3, 4)",1.572024941444397,3,1.427975058555603
124,13,"(0, 1)",1.1439096927642822,1,0.14390969276428223
124,13,"(1, 2)",2.0451745986938477,2,0.045174598693847656
124,13,"(2, 3)",1.0560410022735596,1,0.05604100227355957
125,2,"(0, 1)",12.531007766723633,8,4.531007766723633
125,2,"(1, 2)",9.61699390411377,5,4.6169939041137695
125,3,"(2, 3)",10.189513206481934,3,7.189513206481934
125,3,"(1, 2)",11.218772888183594,5,6.218772888183594
125,3,"(0, 1)",9.77574634552002,8,1.7757463455200195
125,5,"(2, 3)",5.352294445037842,3,2.352294445037842
125,5,"(1, 2)",5.599605083465576,4,1.5996050834655762
125,6,"(2, 3)",5.260498046875,3,2.260498046875
125,6,"(1, 2)",5.197423458099365,5,0.19742345809936523
125,7,"(0, 1)",6.8044819831848145,5,1.8044819831848145
125,7,"(1, 2)",6.842029571533203,5,1.8420295715332031
125,7,"(2, 3)",5.87380313873291,3,2.87380313873291
125,8,"(2, 3)",4.250181674957275,2,2.2501816749572754
125,8,"(1, 2)",4.1949028968811035,3,1.1949028968811035
125,10,"(2, 3)",2.554230213165283,1,1.5542302131652832
125,10,"(3, 4)",1.7283589839935303,1,0.7283589839935303
126,2,"(0, 1)",8.394577980041504,6,2.394577980041504
126,2,"(1, 2)",7.553671360015869,10,2.446328639984131
126,2,"(2, 3)",6.798479080200195,7,0.2015209197998047
126,3,"(2, 3)",8.005093574523926,6,2.005093574523926
126,3,"(1, 2)",7.888915061950684,8,0.1110849380493164
126,3,"(3, 4)",6.841529846191406,3,3.8415298461914062
126,3,"(0, 1)",6.860729217529297,5,1.8607292175292969
126,5,"(0, 1)",2.626826286315918,2,0.626826286315918
126,5,"(1, 2)",3.654888153076172,5,1.3451118469238281
126,6,"(2, 3)",2.554230213165283,0,2.554230213165283
126,6,"(3, 4)",1.7283589839935303,0,1.7283589839935303
126,7,"(2, 3)",0.5482827425003052,0,0.5482827425003052
126,7,"(3, 4)",1.572024941444397,0,1.572024941444397
127,1,"(2, 3)",4.428894519805908,3,1.4288945198059082
127,1,"(1, 2)",4.657041549682617,2,2.657041549682617
127,2,"(2, 3)",4.250181674957275,3,1.2501816749572754
127,2,"(1, 2)",4.1949028968811035,2,2.1949028968811035
127,5,"(0, 1)",0.7528142333030701,1,0.24718576669692993
127,5,"(1, 2)",1.4788423776626587,0,1.4788423776626587
128,2,"(0, 1)",7.59408712387085,5,2.5940871238708496
128,2,"(1, 2)",7.882488250732422,8,0.11751174926757812
128,2,"(2, 3)",6.782434940338135,2,4.782434940338135
128,4,"(2, 3)",3.5467090606689453,0,3.5467090606689453
128,4,"(3, 4)",5.048847675323486,2,3.0488476753234863
128,6,"(2, 3)",0.8767350316047668,0,0.8767350316047668
128,6,"(3, 4)",3.619499683380127,2,1.619499683380127
128,7,"(2, 3)",1.1089022159576416,0,1.1089022159576416
128,7,"(1, 2)",1.0875858068466187,1,0.08758580684661865
129,1,"(0, 1)",5.892560005187988,5,0.8925600051879883
129,1,"(1, 2)",4.923517227172852,4,0.9235172271728516
129,2,"(2, 3)",5.578571796417236,2,3.5785717964172363
129,2,"(1, 2)",5.182455539703369,4,1.1824555397033691
129,2,"(3, 4)",6.823054313659668,6,0.823054313659668
129,5,"(2, 3)",0.9964230060577393,0,0.9964230060577393
129,5,"(1, 2)",1.0608856678009033,1,0.06088566780090332
130,1,"(0, 1)",6.8044819831848145,5,1.8044819831848145
130,1,"(1, 2)",6.842029571533203,4,2.842029571533203
130,1,"(2, 3)",5.87380313873291,7,1.1261968612670898
130,2,"(0, 1)",5.079785346984863,4,1.0797853469848633
130,2,"(1, 2)",3.586015224456787,2,1.586015224456787
130,5,"(2, 3)",2.828808307647705,3,0.17119169235229492
130,5,"(1, 2)",1.895431637763977,1,0.895431637763977
130,5,"(3, 4)",1.8128663301467896,1,0.8128663301467896
131,3,"(2, 3)",12.600787162780762,3,9.600787162780762
131,3,"(1, 2)",11.423624992370605,7,4.4236249923706055
131,3,"(3, 4)",10.309693336486816,4,6.309693336486816
131,5,"(2, 3)",9.315138816833496,3,6.315138816833496
131,5,"(1, 2)",9.38106632232666,9,0.38106632232666016
131,7,"(2, 3)",6.621945381164551,8,1.3780546188354492
131,7,"(3, 4)",5.131742477416992,8,2.868257522583008
131,8,"(2, 3)",5.422272682189941,8,2.5777273178100586
131,8,"(3, 4)",4.941369533538818,8,3.0586304664611816
131,10,"(0, 1)",4.989403247833252,9,4.010596752166748
131,10,"(1, 2)",6.492134094238281,7,0.5078659057617188
131,10,"(2, 3)",6.622872352600098,8,1.3771276473999023
131,10,"(3, 4)",5.017249584197998,7,1.982750415802002
131,11,"(2, 3)",2.6395368576049805,5,2.3604631423950195
131,11,"(1, 2)",2.5603785514831543,4,1.4396214485168457
131,12,"(2, 3)",4.155910968780518,5,0.8440890312194824
131,12,"(1, 2)",4.119858741760254,4,0.1198587417602539
131,12,"(3, 4)",3.0174994468688965,3,0.017499446868896484
131,12,"(0, 1)",3.132997989654541,5,1.867002010345459
131,13,"(2, 3)",2.1914608478546143,2,0.19146084785461426
131,13,"(1, 2)",1.118086814880371,1,0.1180868148803711
131,13,"(3, 4)",1.1697611808776855,1,0.16976118087768555
132,1,"(2, 3)",14.159967422485352,4,10.159967422485352
132,1,"(3, 4)",14.863816261291504,3,11.863816261291504
132,2,"(2, 3)",12.92587661743164,4,8.92587661743164
132,2,"(1, 2)",13.191758155822754,4,9.191758155822754
132,6,"(2, 3)",11.299738883972168,8,3.299738883972168
132,6,"(1, 2)",9.989995002746582,7,2.989995002746582
132,6,"(3, 4)",9.737260818481445,6,3.7372608184814453
132,9,"(2, 3)",7.597212791442871,8,0.4027872085571289
132,9,"(1, 2)",7.778948783874512,7,0.7789487838745117
132,10,"(2, 3)",5.612648010253906,8,2.3873519897460938
132,10,"(3, 4)",4.2160186767578125,5,0.7839813232421875
132,11,"(2, 3)",5.79069709777832,8,2.2093029022216797
132,11,"(1, 2)",5.743579864501953,5,0.7435798645019531
132,11,"(3, 4)",6.009820938110352,5,1.0098209381103516
132,11,"(0, 1)",5.887439727783203,6,0.11256027221679688
132,12,"(0, 1)",3.6277332305908203,4,0.3722667694091797
132,12,"(1, 2)",3.22183895111084,2,1.2218389511108398
132,13,"(2, 3)",4.026495933532715,3,1.0264959335327148
132,13,"(1, 2)",3.0550689697265625,2,1.0550689697265625
132,13,"(3, 4)",3.5674338340759277,2,1.5674338340759277
133,1,"(2, 3)",8.487187385559082,5,3.487187385559082
133,1,"(1, 2)",8.533904075622559,11,2.4660959243774414
133,2,"(2, 3)",10.495635032653809,6,4.495635032653809
133,2,"(1, 2)",10.346988677978516,11,0.6530113220214844
133,2,"(3, 4)",8.928858757019043,9,0.07114124298095703
133,2,"(0, 1)",9.004376411437988,5,4.004376411437988
133,5,"(2, 3)",2.3647446632385254,4,1.6352553367614746
133,5,"(3, 4)",6.056866645812988,9,2.9431333541870117
133,6,"(0, 1)",3.380824565887451,3,0.38082456588745117
133,6,"(1, 2)",6.269144058227539,6,0.26914405822753906
133,6,"(2, 3)",5.089062690734863,4,1.0890626907348633
133,7,"(2, 3)",3.6554813385009766,3,0.6554813385009766
133,7,"(1, 2)",4.69935417175293,4,0.6993541717529297
133,7,"(0, 1)",2.379119873046875,2,0.379119873046875
133,9,"(0, 1)",1.1439096927642822,1,0.14390969276428223
133,9,"(1, 2)",2.0451745986938477,2,0.045174598693847656
133,9,"(2, 3)",1.0560410022735596,1,0.05604100227355957
134,1,"(2, 3)",3.786154270172119,3,0.7861542701721191
134,1,"(3, 4)",6.989077568054199,7,0.010922431945800781
134,2,"(0, 1)",4.372636318206787,2,2.372636318206787
134,2,"(1, 2)",6.636244297027588,6,0.6362442970275879
134,2,"(2, 3)",5.304985046386719,3,2.3049850463867188
134,3,"(0, 1)",3.7218189239501953,1,2.7218189239501953
134,3,"(1, 2)",5.015313625335693,4,1.0153136253356934
134,3,"(2, 3)",3.8918075561523438,2,1.8918075561523438
135,1,"(0, 1)",12.68372631072998,11,1.6837263107299805
135,1,"(1, 2)",12.955071449279785,7,5.955071449279785
135,1,"(2, 3)",12.995329856872559,11,1.9953298568725586
135,1,"(3, 4)",12.53705883026123,5,7.5370588302612305
135,2,"(2, 3)",13.084673881530762,9,4.084673881530762
135,2,"(1, 2)",11.897686958312988,4,7.897686958312988
135,2,"(3, 4)",10.307315826416016,3,7.307315826416016
135,4,"(2, 3)",10.435613632202148,7,3.4356136322021484
135,4,"(1, 2)",9.109513282775879,5,4.109513282775879
135,4,"(3, 4)",8.479424476623535,3,5.479424476623535
135,6,"(2, 3)",8.06418228149414,5,3.0641822814941406
135,6,"(1, 2)",6.806275844573975,4,2.8062758445739746
135,6,"(3, 4)",6.8175859451293945,4,2.8175859451293945
135,9,"(2, 3)",3.1012210845947266,1,2.1012210845947266
135,9,"(3, 4)",3.295417308807373,3,0.29541730880737305
135,12,"(2, 3)",0.10538852214813232,0,0.10538852214813232
135,12,"(1, 2)",0.07311448454856873,0,0.07311448454856873
136,1,"(2, 3)",10.574819564819336,4,6.574819564819336
136,1,"(1, 2)",10.31984806060791,1,9.31984806060791
136,2,"(2, 3)",10.29889965057373,7,3.2988996505737305
136,2,"(1, 2)",10.261883735656738,4,6.261883735656738
136,5,"(2, 3)",8.489372253417969,11,2.5106277465820312
136,5,"(1, 2)",8.594510078430176,10,1.4054899215698242
136,7,"(0, 1)",5.143353462219238,9,3.8566465377807617
136,7,"(1, 2)",5.540412902832031,11,5.459587097167969
136,8,"(2, 3)",9.741986274719238,10,0.2580137252807617
136,8,"(1, 2)",9.510108947753906,11,1.4898910522460938
136,8,"(3, 4)",6.967883110046387,11,4.032116889953613
136,8,"(0, 1)",6.9330925941467285,9,2.0669074058532715
136,9,"(0, 1)",4.989403247833252,7,2.010596752166748
136,9,"(1, 2)",6.492134094238281,8,1.5078659057617188
136,9,"(2, 3)",6.622872352600098,7,0.37712764739990234
136,9,"(3, 4)",5.017249584197998,9,3.982750415802002
136,10,"(2, 3)",2.997753143310547,4,1.0022468566894531
136,10,"(1, 2)",4.041967391967773,5,0.9580326080322266
136,10,"(0, 1)",2.817103862762451,5,2.182896137237549
136,11,"(2, 3)",2.209432601928711,3,0.7905673980712891
136,11,"(1, 2)",3.0739378929138184,3,0.07393789291381836
136,11,"(0, 1)",2.8330421447753906,4,1.1669578552246094
136,12,"(2, 3)",2.1914608478546143,2,0.19146084785461426
136,12,"(1, 2)",1.118086814880371,1,0.1180868148803711
136,12,"(3, 4)",1.1697611808776855,1,0.16976118087768555
137,1,"(2, 3)",11.712660789489746,10,1.712660789489746
137,1,"(1, 2)",11.549970626831055,11,0.5499706268310547
137,1,"(3, 4)",10.007220268249512,10,0.007220268249511719
137,1,"(0, 1)",10.096427917480469,12,1.9035720825195312
137,3,"(2, 3)",6.139801025390625,10,3.860198974609375
137,3,"(3, 4)",6.646480560302734,10,3.3535194396972656
137,4,"(0, 1)",6.8044819831848145,11,4.1955180168151855
137,4,"(1, 2)",6.842029571533203,7,0.15797042846679688
137,4,"(2, 3)",5.87380313873291,10,4.12619686126709
137,5,"(0, 1)",5.886614799499512,10,4.113385200500488
137,5,"(1, 2)",6.731570243835449,5,1.7315702438354492
137,5,"(2, 3)",6.736943244934082,9,2.263056755065918
137,5,"(3, 4)",5.840493679046631,7,1.1595063209533691
137,6,"(2, 3)",5.080360412597656,6,0.9196395874023438
137,6,"(1, 2)",3.8526148796081543,2,1.8526148796081543
137,6,"(3, 4)",3.6027989387512207,5,1.3972010612487793
137,7,"(2, 3)",2.590366840362549,4,1.4096331596374512
137,7,"(1, 2)",2.6934518814086914,1,1.6934518814086914
137,8,"(2, 3)",3.05509090423584,4,0.9449090957641602
137,8,"(1, 2)",2.122331142425537,1,1.122331142425537
137,8,"(3, 4)",2.7673211097717285,2,0.7673211097717285
137,9,"(0, 1)",0.06365779042243958,0,0.06365779042243958
137,9,"(1, 2)",0.05576014518737793,0,0.05576014518737793
138,1,"(2, 3)",5.224489212036133,5,0.2244892120361328
138,1,"(3, 4)",7.812458038330078,8,0.18754196166992188
138,2,"(2, 3)",3.6144838333129883,5,1.3855161666870117
138,2,"(1, 2)",3.820756435394287,3,0.8207564353942871
138,3,"(2, 3)",5.195836544036865,5,0.19583654403686523
138,3,"(1, 2)",5.610231399536133,3,2.610231399536133
138,3,"(0, 1)",6.866547584533691,8,1.1334524154663086
138,5,"(2, 3)",1.826266884803772,3,1.173733115196228
138,5,"(1, 2)",1.9026387929916382,1,0.9026387929916382
138,7,"(2, 3)",2.0406453609466553,2,0.04064536094665527
138,7,"(1, 2)",1.0231412649154663,1,0.02314126491546631
138,7,"(3, 4)",1.119098424911499,1,0.11909842491149902
139,1,"(2, 3)",12.81847858428955,7,5.818478584289551
139,1,"(3, 4)",11.97571849822998,10,1.9757184982299805
139,2,"(2, 3)",12.392749786376953,7,5.392749786376953
139,2,"(1, 2)",11.909040451049805,12,0.09095954895019531
139,2,"(3, 4)",14.279631614685059,10,4.279631614685059
139,3,"(2, 3)",12.993351936340332,7,5.993351936340332
139,3,"(1, 2)",12.827874183654785,11,1.8278741836547852
139,3,"(3, 4)",11.833296775817871,10,1.833296775817871
139,3,"(0, 1)",11.853761672973633,5,6.853761672973633
139,4,"(0, 1)",9.778417587280273,5,4.778417587280273
139,4,"(1, 2)",11.311419486999512,11,0.3114194869995117
139,4,"(2, 3)",10.090055465698242,7,3.090055465698242
139,6,"(2, 3)",7.914648056030273,7,0.9146480560302734
139,6,"(1, 2)",8.873541831970215,9,0.12645816802978516
139,6,"(0, 1)",8.557052612304688,4,4.5570526123046875
139,7,"(2, 3)",6.494389533996582,7,0.505610466003418
139,7,"(3, 4)",5.841130256652832,4,1.841130256652832
139,9,"(0, 1)",4.343130588531494,3,1.3431305885314941
139,9,"(1, 2)",4.413381099700928,4,0.41338109970092773
139,10,"(2, 3)",4.702057361602783,5,0.2979426383972168
139,10,"(1, 2)",4.614800930023193,4,0.6148009300231934
139,10,"(3, 4)",5.079649925231934,3,2.0796499252319336
139,10,"(0, 1)",4.925214767456055,3,1.9252147674560547
140,1,"(0, 1)",15.302340507507324,9,6.302340507507324
140,1,"(1, 2)",15.821953773498535,8,7.821953773498535
140,1,"(2, 3)",14.885002136230469,8,6.885002136230469
140,2,"(2, 3)",13.485602378845215,9,4.485602378845215
140,2,"(3, 4)",13.139098167419434,6,7.139098167419434
140,3,"(2, 3)",14.040118217468262,9,5.040118217468262
140,3,"(1, 2)",13.035983085632324,6,7.035983085632324
140,3,"(3, 4)",12.939879417419434,7,5.939879417419434
140,6,"(2, 3)",10.668780326843262,6,4.668780326843262
140,6,"(1, 2)",9.868546485900879,6,3.868546485900879
140,6,"(3, 4)",11.099587440490723,8,3.0995874404907227
140,7,"(0, 1)",8.798151016235352,6,2.7981510162353516
140,7,"(1, 2)",10.227362632751465,6,4.227362632751465
140,7,"(2, 3)",9.026532173156738,4,5.026532173156738
140,8,"(2, 3)",8.508708000183105,3,5.5087080001831055
140,8,"(1, 2)",7.670305252075195,5,2.6703052520751953
140,8,"(3, 4)",9.07496166229248,6,3.0749616622924805
140,10,"(2, 3)",4.428894519805908,2,2.428894519805908
140,10,"(1, 2)",4.657041549682617,3,1.6570415496826172
141,2,"(2, 3)",10.324820518493652,8,2.3248205184936523
141,2,"(1, 2)",9.975687980651855,6,3.9756879806518555
141,2,"(3, 4)",12.467844009399414,6,6.467844009399414
141,5,"(0, 1)",3.512326717376709,2,1.512326717376709
141,5,"(1, 2)",5.853204727172852,6,0.14679527282714844
141,6,"(2, 3)",5.955536842346191,5,0.9555368423461914
141,6,"(1, 2)",6.996447563171387,6,0.9964475631713867
141,6,"(0, 1)",5.990414619445801,2,3.990414619445801
141,7,"(2, 3)",4.380475997924805,4,0.3804759979248047
141,7,"(3, 4)",4.283819675445557,3,1.2838196754455566
141,8,"(0, 1)",1.247667908668518,0,1.247667908668518
141,8,"(1, 2)",2.8601317405700684,2,0.8601317405700684
141,11,"(0, 1)",0.06365779042243958,0,0.06365779042243958
141,11,"(1, 2)",0.05576014518737793,0,0.05576014518737793
142,1,"(0, 1)",9.171346664428711,7,2.171346664428711
142,1,"(1, 2)",7.838763236999512,7,0.8387632369995117
142,1,"(2, 3)",7.548589706420898,5,2.5485897064208984
142,1,"(3, 4)",8.895943641662598,10,1.1040563583374023
142,3,"(2, 3)",3.2638702392578125,2,1.2638702392578125
142,3,"(1, 2)",3.3163909912109375,3,0.3163909912109375
142,5,"(2, 3)",1.7980268001556396,1,0.7980268001556396
142,5,"(1, 2)",1.9640203714370728,3,1.0359796285629272
142,6,"(0, 1)",2.7790517807006836,3,0.2209482192993164
142,6,"(1, 2)",3.918628215789795,3,0.9186282157897949
142,6,"(2, 3)",2.905128002166748,1,1.905128002166748
142,8,"(2, 3)",0.10538852214813232,0,0.10538852214813232
142,8,"(1, 2)",0.07311448454856873,0,0.07311448454856873
143,1,"(2, 3)",7.644998550415039,6,1.644998550415039
143,1,"(1, 2)",6.356236457824707,7,0.643763542175293
143,1,"(3, 4)",5.290715217590332,4,1.290715217590332
143,3,"(2, 3)",3.168769359588623,4,0.831230640411377
143,3,"(3, 4)",3.567265033721924,2,1.5672650337219238
143,5,"(2, 3)",3.5416617393493652,4,0.45833826065063477
143,5,"(1, 2)",2.608926773071289,2,0.6089267730712891
143,5,"(3, 4)",1.341970682144165,2,0.658029317855835
143,6,"(2, 3)",2.1914608478546143,2,0.19146084785461426
143,6,"(1, 2)",1.118086814880371,1,0.1180868148803711
143,6,"(3, 4)",1.1697611808776855,1,0.16976118087768555
144,2,"(2, 3)",5.422272682189941,8,2.5777273178100586
144,2,"(3, 4)",4.941369533538818,6,1.0586304664611816
144,4,"(0, 1)",4.920997619628906,4,0.9209976196289062
144,4,"(1, 2)",5.566641807556152,5,0.5666418075561523
144,4,"(2, 3)",5.518790245056152,7,1.4812097549438477
144,4,"(3, 4)",4.9504218101501465,6,1.0495781898498535
144,5,"(0, 1)",3.595719337463379,2,1.595719337463379
144,5,"(1, 2)",4.032888412475586,2,2.032888412475586
144,5,"(2, 3)",3.109452247619629,4,0.8905477523803711
144,7,"(0, 1)",0.06365779042243958,0,0.06365779042243958
144,7,"(1, 2)",0.05576014518737793,0,0.05576014518737793
145,1,"(2, 3)",5.79069709777832,4,1.7906970977783203
145,1,"(1, 2)",5.743579864501953,9,3.256420135498047
145,1,"(3, 4)",6.009820938110352,7,0.9901790618896484
145,1,"(0, 1)",5.887439727783203,4,1.8874397277832031
145,2,"(2, 3)",3.1012210845947266,1,2.1012210845947266
145,2,"(3, 4)",3.295417308807373,5,1.704582691192627
145,5,"(0, 1)",1.1439096927642822,1,0.14390969276428223
145,5,"(1, 2)",2.0451745986938477,2,0.045174598693847656
145,5,"(2, 3)",1.0560410022735596,1,0.05604100227355957
146,2,"(2, 3)",9.317280769348145,7,2.3172807693481445
146,2,"(1, 2)",9.241301536560059,9,0.2413015365600586
146,2,"(3, 4)",8.749061584472656,3,5.749061584472656
146,2,"(0, 1)",8.717209815979004,9,0.2827901840209961
146,4,"(2, 3)",4.339846134185791,4,0.339846134185791
146,4,"(3, 4)",2.063319206237793,1,1.063319206237793
146,7,"(2, 3)",4.0126471519470215,2,2.0126471519470215
146,7,"(1, 2)",2.883108615875244,5,2.116891384124756
146,7,"(3, 4)",2.704106330871582,1,1.704106330871582
146,8,"(2, 3)",0.5207520723342896,0,0.5207520723342896
146,8,"(3, 4)",0.15143898129463196,0,0.15143898129463196
146,9,"(2, 3)",0.11587792634963989,0,0.11587792634963989
146,9,"(3, 4)",0.1558062583208084,0,0.1558062583208084
147,1,"(2, 3)",6.223538398742676,5,1.2235383987426758
147,1,"(3, 4)",6.909629821777344,9,2.0903701782226562
147,2,"(2, 3)",5.104586601257324,5,0.10458660125732422
147,2,"(1, 2)",5.115095138549805,7,1.8849048614501953
147,4,"(2, 3)",5.624784469604492,4,1.6247844696044922
147,4,"(1, 2)",5.460466384887695,7,1.5395336151123047
147,4,"(3, 4)",4.889527797698975,7,2.1104722023010254
147,4,"(0, 1)",5.005620002746582,6,0.994379997253418
147,5,"(2, 3)",0.8767350316047668,1,0.12326496839523315
147,5,"(3, 4)",3.619499683380127,5,1.380500316619873
147,6,"(2, 3)",2.019472122192383,1,1.0194721221923828
147,6,"(1, 2)",3.068838596343994,2,1.0688385963439941
147,6,"(0, 1)",1.9996460676193237,3,1.0003539323806763
147,7,"(2, 3)",0.10538852214813232,0,0.10538852214813232
147,7,"(1, 2)",0.07311448454856873,0,0.07311448454856873
148,4,"(0, 1)",5.5568132400512695,7,1.4431867599487305
148,4,"(1, 2)",7.2040934562683105,4,3.2040934562683105
148,4,"(2, 3)",5.908778667449951,4,1.9087786674499512
148,6,"(0, 1)",4.40496826171875,6,1.59503173828125
148,6,"(1, 2)",5.0383148193359375,2,3.0383148193359375
148,6,"(2, 3)",3.969909191131592,2,1.9699091911315918
148,7,"(2, 3)",0.7584527134895325,1,0.24154728651046753
148,7,"(1, 2)",1.077770471572876,0,1.077770471572876
148,8,"(2, 3)",0.9964230060577393,1,0.003576993942260742
148,8,"(1, 2)",1.0608856678009033,0,1.0608856678009033
149,2,"(2, 3)",12.022721290588379,6,6.022721290588379
149,2,"(1, 2)",10.772038459777832,9,1.772038459777832
149,2,"(3, 4)",9.442458152770996,4,5.442458152770996
149,4,"(2, 3)",9.864871978759766,8,1.8648719787597656
149,4,"(1, 2)",8.694670677185059,10,1.3053293228149414
149,4,"(3, 4)",7.022414207458496,4,3.022414207458496
149,5,"(2, 3)",8.274041175842285,7,1.2740411758422852
149,5,"(1, 2)",6.879469871520996,9,2.120530128479004
149,5,"(3, 4)",6.497836112976074,3,3.497836112976074
149,7,"(2, 3)",4.323509216308594,5,0.6764907836914062
149,7,"(3, 4)",2.3213210105895996,2,0.3213210105895996
149,8,"(2, 3)",3.5960144996643066,5,1.4039855003356934
149,8,"(3, 4)",2.552830696105957,2,0.552830696105957
149,9,"(2, 3)",3.7393126487731934,5,1.2606873512268066
149,9,"(1, 2)",3.6042985916137695,3,0.6042985916137695
149,9,"(3, 4)",4.227718830108643,2,2.2277188301086426
149,9,"(0, 1)",3.971426486968994,4,0.02857351303100586
150,2,"(2, 3)",13.38349437713623,5,8.38349437713623
150,2,"(1, 2)",12.11727237701416,5,7.11727237701416
150,2,"(3, 4)",11.74551773071289,5,6.745517730712891
150,7,"(2, 3)",8.021127700805664,7,1.021127700805664
150,7,"(1, 2)",6.887381553649902,1,5.887381553649902
150,7,"(3, 4)",6.811936855316162,6,0.8119368553161621
150,8,"(2, 3)",4.432136535644531,5,0.5678634643554688
150,8,"(1, 2)",4.42877197265625,0,4.42877197265625
150,9,"(2, 3)",4.250181674957275,5,0.7498183250427246
150,9,"(1, 2)",4.1949028968811035,0,4.1949028968811035
150,12,"(0, 1)",0.7528142333030701,1,0.24718576669692993
150,12,"(1, 2)",1.4788423776626587,0,1.4788423776626587
151,2,"(0, 1)",10.043898582458496,7,3.043898582458496
151,2,"(1, 2)",11.620284080505371,10,1.620284080505371
151,2,"(2, 3)",11.672762870788574,7,4.672762870788574
151,2,"(3, 4)",10.045903205871582,7,3.045903205871582
151,3,"(2, 3)",8.508708000183105,5,3.5087080001831055
151,3,"(1, 2)",7.670305252075195,7,0.6703052520751953
151,3,"(3, 4)",9.07496166229248,5,4.0749616622924805
151,4,"(2, 3)",6.223538398742676,5,1.2235383987426758
151,4,"(3, 4)",6.909629821777344,5,1.9096298217773438
151,6,"(0, 1)",4.604551792144775,1,3.6045517921447754
151,6,"(1, 2)",6.111910820007324,4,2.111910820007324
151,6,"(2, 3)",4.881460189819336,4,0.8814601898193359
151,10,"(0, 1)",0.06365779042243958,0,0.06365779042243958
151,10,"(1, 2)",0.05576014518737793,0,0.05576014518737793
152,1,"(0, 1)",9.299707412719727,9,0.29970741271972656
152,1,"(1, 2)",10.755547523498535,12,1.2444524765014648
152,2,"(2, 3)",9.922595977783203,10,0.07740402221679688
152,2,"(1, 2)",10.981972694396973,12,1.0180273056030273
152,2,"(0, 1)",10.169205665588379,9,1.169205665588379
152,4,"(2, 3)",8.863761901855469,13,4.136238098144531
152,4,"(1, 2)",7.660028457641602,9,1.3399715423583984
152,4,"(3, 4)",8.37484073638916,7,1.3748407363891602
152,5,"(2, 3)",10.512822151184082,11,0.48717784881591797
152,5,"(1, 2)",10.255776405334473,8,2.2557764053344727
152,5,"(3, 4)",8.273368835449219,8,0.27336883544921875
152,5,"(0, 1)",8.3598051071167,7,1.3598051071166992
152,6,"(2, 3)",5.504420280456543,8,2.495579719543457
152,6,"(3, 4)",5.089160919189453,6,0.9108390808105469
152,7,"(0, 1)",5.886614799499512,4,1.8866147994995117
152,7,"(1, 2)",6.731570243835449,3,3.731570243835449
152,7,"(2, 3)",6.736943244934082,8,1.263056755065918
152,7,"(3, 4)",5.840493679046631,6,0.15950632095336914
152,9,"(0, 1)",1.659016728401184,2,0.3409832715988159
152,9,"(1, 2)",2.556338310241699,0,2.556338310241699
152,10,"(0, 1)",2.063231945037842,2,0.0632319450378418
152,10,"(1, 2)",0.7124311327934265,0,0.7124311327934265
152,11,"(2, 3)",0.1495564579963684,0,0.1495564579963684
152,11,"(1, 2)",0.1323675811290741,0,0.1323675811290741
153,1,"(2, 3)",6.567778587341309,6,0.5677785873413086
153,1,"(1, 2)",6.036231994628906,6,0.03623199462890625
153,1,"(3, 4)",7.710824489593506,6,1.7108244895935059
153,2,"(2, 3)",4.951986312866211,4,0.9519863128662109
153,2,"(1, 2)",5.944182395935059,5,0.9441823959350586
153,2,"(0, 1)",5.159946441650391,2,3.1599464416503906
153,3,"(2, 3)",3.5960144996643066,3,0.5960144996643066
153,3,"(3, 4)",2.552830696105957,2,0.552830696105957
153,5,"(0, 1)",2.063231945037842,0,2.063231945037842
153,5,"(1, 2)",0.7124311327934265,0,0.7124311327934265
154,1,"(2, 3)",14.503581047058105,4,10.503581047058105
154,1,"(1, 2)",13.85686206817627,4,9.85686206817627
154,1,"(3, 4)",15.09352970123291,4,11.09352970123291
154,5,"(2, 3)",10.876457214355469,4,6.876457214355469
154,5,"(1, 2)",10.933653831481934,3,7.933653831481934
154,10,"(2, 3)",4.622355937957764,7,2.3776440620422363
154,10,"(3, 4)",3.2783875465393066,3,0.27838754653930664
154,12,"(0, 1)",0.10385474562644958,0,0.10385474562644958
154,12,"(1, 2)",1.187788724899292,0,1.187788724899292
154,13,"(0, 1)",0.1581469476222992,0,0.1581469476222992
154,13,"(1, 2)",0.4779239892959595,0,0.4779239892959595
154,14,"(0, 1)",0.06365779042243958,0,0.06365779042243958
154,14,"(1, 2)",0.05576014518737793,0,0.05576014518737793
155,1,"(0, 1)",8.022607803344727,8,0.022607803344726562
155,1,"(1, 2)",11.065325736999512,8,3.0653257369995117
155,2,"(0, 1)",12.255486488342285,8,4.255486488342285
155,2,"(1, 2)",14.018671035766602,8,6.018671035766602
155,2,"(2, 3)",14.081679344177246,10,4.081679344177246
155,2,"(3, 4)",12.224432945251465,5,7.224432945251465
155,3,"(2, 3)",10.668780326843262,7,3.6687803268432617
155,3,"(1, 2)",9.868546485900879,6,3.868546485900879
155,3,"(3, 4)",11.099587440490723,3,8.099587440490723
155,4,"(2, 3)",7.8594160079956055,7,0.8594160079956055
155,4,"(3, 4)",5.2259907722473145,3,2.2259907722473145
155,5,"(2, 3)",7.3234148025512695,7,0.32341480255126953
155,5,"(3, 4)",5.1349358558654785,3,2.1349358558654785
155,7,"(0, 1)",2.541653633117676,2,0.5416536331176758
155,7,"(1, 2)",4.855453968048096,5,0.1445460319519043
155,8,"(0, 1)",2.193545341491699,2,0.19354534149169922
155,8,"(1, 2)",4.042354583740234,5,0.9576454162597656
155,10,"(0, 1)",1.659016728401184,2,0.3409832715988159
155,10,"(1, 2)",2.556338310241699,4,1.4436616897583008
155,11,"(2, 3)",0.5207520723342896,0,0.5207520723342896
155,11,"(3, 4)",0.15143898129463196,0,0.15143898129463196
155,12,"(2, 3)",0.08881738781929016,0,0.08881738781929016
155,12,"(3, 4)",0.03796178102493286,0,0.03796178102493286
156,2,"(2, 3)",10.574819564819336,4,6.574819564819336
156,2,"(1, 2)",10.31984806060791,4,6.31984806060791
156,5,"(2, 3)",8.487187385559082,3,5.487187385559082
156,5,"(1, 2)",8.533904075622559,6,2.5339040756225586
156,7,"(2, 3)",6.9279913902282715,5,1.9279913902282715
156,7,"(1, 2)",7.870780944824219,10,2.1292190551757812
156,7,"(0, 1)",7.717137336730957,7,0.717137336730957
156,8,"(2, 3)",5.504420280456543,4,1.504420280456543
156,8,"(3, 4)",5.089160919189453,4,1.0891609191894531
156,10,"(2, 3)",4.327019214630127,3,1.327019214630127
156,10,"(1, 2)",4.505928039550781,6,1.4940719604492188
156,11,"(2, 3)",1.92447829246521,3,1.07552170753479
156,11,"(3, 4)",2.454610824584961,2,0.45461082458496094
156,13,"(0, 1)",2.1755566596984863,2,0.17555665969848633
156,13,"(1, 2)",3.114978790283203,3,0.11497879028320312
156,13,"(2, 3)",3.1592864990234375,3,0.1592864990234375
156,13,"(3, 4)",2.1576647758483887,2,0.15766477584838867
157,1,"(2, 3)",14.749520301818848,6,8.749520301818848
157,1,"(1, 2)",14.705897331237793,6,8.705897331237793
157,1,"(3, 4)",15.688002586364746,4,11.688002586364746
157,1,"(0, 1)",15.671961784362793,5,10.671961784362793
157,8,"(2, 3)",7.98220157623291,9,1.0177984237670898
157,8,"(1, 2)",8.687044143676758,8,0.6870441436767578
157,8,"(0, 1)",9.446893692016602,9,0.44689369201660156
157,9,"(2, 3)",6.621945381164551,8,1.3780546188354492
157,9,"(3, 4)",5.131742477416992,6,0.8682575225830078
157,10,"(2, 3)",8.005093574523926,8,0.005093574523925781
157,10,"(1, 2)",7.888915061950684,6,1.8889150619506836
157,10,"(3, 4)",6.841529846191406,6,0.8415298461914062
157,10,"(0, 1)",6.860729217529297,8,1.1392707824707031
157,12,"(2, 3)",5.079068660736084,4,1.079068660736084
157,12,"(1, 2)",3.8952536582946777,3,0.8952536582946777
157,12,"(3, 4)",4.378726959228516,4,0.3787269592285156
157,13,"(0, 1)",2.821312427520752,3,0.17868757247924805
157,13,"(1, 2)",2.0877273082733154,2,0.08772730827331543
157,14,"(2, 3)",1.8312040567398071,0,1.8312040567398071
157,14,"(1, 2)",1.636361002922058,2,0.3636389970779419
157,15,"(2, 3)",0.11587792634963989,0,0.11587792634963989
157,15,"(3, 4)",0.1558062583208084,0,0.1558062583208084
158,1,"(2, 3)",6.591042518615723,2,4.591042518615723
158,1,"(1, 2)",6.684927940368652,5,1.6849279403686523
158,2,"(2, 3)",6.216413497924805,3,3.2164134979248047
158,2,"(1, 2)",6.460721015930176,5,1.4607210159301758
158,3,"(2, 3)",6.050501823425293,4,2.050501823425293
158,3,"(1, 2)",6.362931251525879,5,1.362931251525879
158,4,"(2, 3)",5.971348762512207,4,1.971348762512207
158,4,"(1, 2)",6.013814926147461,7,0.9861850738525391
158,6,"(0, 1)",4.604551792144775,3,1.6045517921447754
158,6,"(1, 2)",6.111910820007324,6,0.11191082000732422
158,6,"(2, 3)",4.881460189819336,4,0.8814601898193359
158,7,"(0, 1)",4.40496826171875,2,2.40496826171875
158,7,"(1, 2)",5.0383148193359375,4,1.0383148193359375
158,7,"(2, 3)",3.969909191131592,3,0.9699091911315918
158,10,"(2, 3)",0.11587792634963989,0,0.11587792634963989
158,10,"(3, 4)",0.1558062583208084,0,0.1558062583208084
159,2,"(2, 3)",10.537625312805176,8,2.537625312805176
159,2,"(1, 2)",10.411240577697754,10,0.4112405776977539
159,2,"(3, 4)",9.733920097351074,12,2.266079902648926
159,2,"(0, 1)",9.725658416748047,5,4.725658416748047
159,5,"(2, 3)",6.73610782623291,4,2.73610782623291
159,5,"(1, 2)",7.895094871520996,8,0.1049051284790039
159,5,"(0, 1)",5.180246353149414,6,0.8197536468505859
159,6,"(0, 1)",4.604551792144775,5,0.3954482078552246
159,6,"(1, 2)",6.111910820007324,6,0.11191082000732422
159,6,"(2, 3)",4.881460189819336,3,1.881460189819336
159,7,"(0, 1)",4.40496826171875,4,0.40496826171875
159,7,"(1, 2)",5.0383148193359375,4,1.0383148193359375
159,7,"(2, 3)",3.969909191131592,2,1.9699091911315918
159,9,"(2, 3)",0.5482827425003052,0,0.5482827425003052
159,9,"(3, 4)",1.572024941444397,2,0.427975058555603
159,10,"(2, 3)",0.1495564579963684,0,0.1495564579963684
159,10,"(1, 2)",0.1323675811290741,0,0.1323675811290741
160,2,"(2, 3)",2.370084762573242,0,2.370084762573242
160,2,"(3, 4)",6.248018264770508,7,0.7519817352294922
160,3,"(2, 3)",1.3844454288482666,0,1.3844454288482666
160,3,"(1, 2)",1.49106764793396,1,0.49106764793395996
160,4,"(2, 3)",1.1205859184265137,0,1.1205859184265137
160,4,"(1, 2)",0.941597580909729,1,0.058402419090270996
160,5,"(2, 3)",0.9964230060577393,0,0.9964230060577393
160,5,"(1, 2)",1.0608856678009033,1,0.06088566780090332
161,1,"(2, 3)",7.597212791442871,5,2.597212791442871
161,1,"(1, 2)",7.778948783874512,8,0.22105121612548828
161,2,"(2, 3)",5.639045238494873,5,0.639045238494873
161,2,"(3, 4)",4.272147178649902,6,1.7278528213500977
161,3,"(0, 1)",6.040568828582764,5,1.0405688285827637
161,3,"(1, 2)",5.784316062927246,6,0.2156839370727539
161,3,"(2, 3)",5.734234809875488,5,0.7342348098754883
161,3,"(3, 4)",5.857722282409668,6,0.14227771759033203
161,4,"(0, 1)",3.335144519805908,3,0.3351445198059082
161,4,"(1, 2)",3.102208137512207,3,0.10220813751220703
161,6,"(2, 3)",1.6790410280227661,0,1.6790410280227661
161,6,"(1, 2)",1.8677312135696411,2,0.1322687864303589
161,7,"(2, 3)",0.11587792634963989,0,0.11587792634963989
161,7,"(3, 4)",0.1558062583208084,0,0.1558062583208084
162,2,"(2, 3)",10.231574058532715,5,5.231574058532715
162,2,"(1, 2)",8.93238353729248,4,4.9323835372924805
162,2,"(3, 4)",8.757148742675781,4,4.757148742675781
162,3,"(2, 3)",7.543232440948486,5,2.5432324409484863
162,3,"(3, 4)",6.749994277954102,4,2.7499942779541016
162,7,"(2, 3)",3.334503650665283,4,0.6654963493347168
162,7,"(1, 2)",3.422128200531006,2,1.4221282005310059
162,9,"(0, 1)",2.063231945037842,3,0.9367680549621582
162,9,"(1, 2)",0.7124311327934265,1,0.2875688672065735
162,10,"(2, 3)",2.0406453609466553,2,0.04064536094665527
162,10,"(1, 2)",1.0231412649154663,1,0.02314126491546631
162,10,"(3, 4)",1.119098424911499,1,0.11909842491149902
163,1,"(0, 1)",11.575304985046387,9,2.5753049850463867
163,1,"(1, 2)",10.368243217468262,6,4.368243217468262
163,1,"(2, 3)",9.668058395385742,6,3.668058395385742
163,2,"(2, 3)",9.515769004821777,5,4.515769004821777
163,2,"(1, 2)",8.638993263244629,6,2.638993263244629
163,2,"(3, 4)",9.909525871276855,7,2.9095258712768555
163,3,"(0, 1)",10.059439659118652,6,4.059439659118652
163,3,"(1, 2)",8.526199340820312,6,2.5261993408203125
163,3,"(2, 3)",7.913721084594727,3,4.913721084594727
163,4,"(2, 3)",5.971348762512207,3,2.971348762512207
163,4,"(1, 2)",6.013814926147461,4,2.013814926147461
163,8,"(2, 3)",2.554230213165283,1,1.5542302131652832
163,8,"(3, 4)",1.7283589839935303,1,0.7283589839935303
164,1,"(2, 3)",14.884814262390137,9,5.884814262390137
164,1,"(1, 2)",14.956595420837402,7,7.956595420837402
164,2,"(2, 3)",12.942648887634277,11,1.9426488876342773
164,2,"(1, 2)",13.467663764953613,8,5.467663764953613
164,2,"(0, 1)",15.122164726257324,8,7.122164726257324
164,3,"(2, 3)",11.725386619567871,12,0.2746133804321289
164,3,"(3, 4)",11.055144309997559,6,5.055144309997559
164,5,"(0, 1)",7.917111873626709,7,0.917111873626709
164,5,"(1, 2)",9.765870094299316,5,4.765870094299316
164,6,"(2, 3)",10.537625312805176,10,0.5376253128051758
164,6,"(1, 2)",10.411240577697754,5,5.411240577697754
164,6,"(3, 4)",9.733920097351074,7,2.733920097351074
164,6,"(0, 1)",9.725658416748047,8,1.7256584167480469
164,7,"(0, 1)",6.8486762046813965,7,0.15132379531860352
164,7,"(1, 2)",7.609466552734375,2,5.609466552734375
164,8,"(2, 3)",8.021127700805664,9,0.9788722991943359
164,8,"(1, 2)",6.887381553649902,5,1.8873815536499023
164,8,"(3, 4)",6.811936855316162,6,0.8119368553161621
164,9,"(0, 1)",5.143353462219238,6,0.8566465377807617
164,9,"(1, 2)",5.540412902832031,4,1.5404129028320312
164,10,"(2, 3)",4.144089698791504,5,0.8559103012084961
164,10,"(1, 2)",4.213046550750732,4,0.21304655075073242
164,14,"(2, 3)",3.22540283203125,3,0.22540283203125
164,14,"(1, 2)",3.1362929344177246,3,0.1362929344177246
164,14,"(3, 4)",2.1646342277526855,2,0.16463422775268555
164,14,"(0, 1)",2.1921372413635254,2,0.1921372413635254
165,2,"(2, 3)",4.907638072967529,5,0.0923619270324707
165,2,"(3, 4)",5.874410629272461,6,0.12558937072753906
165,5,"(2, 3)",1.826266884803772,3,1.173733115196228
165,5,"(1, 2)",1.9026387929916382,3,1.0973612070083618
165,6,"(2, 3)",3.0361132621765137,3,0.03611326217651367
165,6,"(1, 2)",2.050348997116089,3,0.9496510028839111
165,6,"(3, 4)",2.8007616996765137,4,1.1992383003234863
165,7,"(2, 3)",1.2012345790863037,1,0.2012345790863037
165,7,"(1, 2)",2.191760540008545,2,0.19176054000854492
165,7,"(0, 1)",1.261260986328125,1,0.261260986328125
166,2,"(0, 1)",5.940126419067383,7,1.0598735809326172
166,2,"(1, 2)",8.460537910461426,7,1.4605379104614258
166,2,"(2, 3)",8.37241268157959,9,0.6275873184204102
166,2,"(3, 4)",5.890993595123291,5,0.890993595123291
166,4,"(2, 3)",2.828808307647705,5,2.171191692352295
166,4,"(1, 2)",1.895431637763977,4,2.104568362236023
166,4,"(3, 4)",1.8128663301467896,3,1.1871336698532104
166,5,"(2, 3)",3.22540283203125,3,0.22540283203125
166,5,"(1, 2)",3.1362929344177246,3,0.1362929344177246
166,5,"(3, 4)",2.1646342277526855,2,0.16463422775268555
166,5,"(0, 1)",2.1921372413635254,2,0.1921372413635254
167,1,"(0, 1)",8.956473350524902,8,0.9564733505249023
167,1,"(1, 2)",10.404982566833496,7,3.404982566833496
167,1,"(2, 3)",10.475323677062988,8,2.4753236770629883
167,1,"(3, 4)",8.953150749206543,13,4.046849250793457
167,2,"(2, 3)",5.9912428855896,8,2.0087571144104004
167,2,"(1, 2)",6.040003776550293,7,0.959996223449707
167,3,"(2, 3)",6.73610782623291,8,1.2638921737670898
167,3,"(1, 2)",7.895094871520996,7,0.8950948715209961
167,3,"(0, 1)",5.180246353149414,6,0.8197536468505859
167,4,"(0, 1)",5.319610118865967,5,0.3196101188659668
167,4,"(1, 2)",3.687753200531006,5,1.3122467994689941
167,5,"(2, 3)",4.004073619842529,5,0.9959263801574707
167,5,"(1, 2)",5.124932289123535,5,0.12493228912353516
167,5,"(0, 1)",3.7125000953674316,5,1.2874999046325684
167,6,"(2, 3)",2.590366840362549,4,1.4096331596374512
167,6,"(1, 2)",2.6934518814086914,3,0.3065481185913086
167,8,"(2, 3)",3.22540283203125,3,0.22540283203125
167,8,"(1, 2)",3.1362929344177246,3,0.1362929344177246
167,8,"(3, 4)",2.1646342277526855,2,0.16463422775268555
167,8,"(0, 1)",2.1921372413635254,2,0.1921372413635254
168,2,"(2, 3)",13.084673881530762,8,5.084673881530762
168,2,"(1, 2)",11.897686958312988,9,2.8976869583129883
168,2,"(3, 4)",10.307315826416016,11,0.6926841735839844
168,3,"(2, 3)",11.506093978881836,8,3.506093978881836
168,3,"(1, 2)",10.201388359069824,8,2.201388359069824
168,3,"(3, 4)",9.483866691589355,11,1.5161333084106445
168,4,"(2, 3)",6.957463264465332,8,1.042536735534668
168,4,"(3, 4)",10.660961151123047,11,0.3390388488769531
168,5,"(2, 3)",7.914648056030273,10,2.0853519439697266
168,5,"(1, 2)",8.873541831970215,7,1.8735418319702148
168,5,"(0, 1)",8.557052612304688,13,4.4429473876953125
168,6,"(2, 3)",7.001755714416504,9,1.998244285583496
168,6,"(1, 2)",7.644336700439453,6,1.6443367004394531
168,6,"(0, 1)",8.582962989807129,12,3.417037010192871
168,7,"(2, 3)",5.0508527755737305,8,2.9491472244262695
168,7,"(1, 2)",5.085346221923828,4,1.0853462219238281
168,8,"(2, 3)",6.7056884765625,8,1.2943115234375
168,8,"(1, 2)",5.5948381423950195,4,1.5948381423950195
168,8,"(3, 4)",4.174333572387695,4,0.1743335723876953
168,9,"(0, 1)",4.249480247497559,6,1.7505197525024414
168,9,"(1, 2)",2.2215304374694824,3,0.7784695625305176
168,10,"(2, 3)",4.597454071044922,4,0.5974540710449219
168,10,"(1, 2)",3.598689556121826,3,0.5986895561218262
168,10,"(3, 4)",2.291966199874878,2,0.29196619987487793
168,11,"(2, 3)",3.037886142730713,2,1.037886142730713
168,11,"(1, 2)",1.9371215105056763,2,0.06287848949432373
168,11,"(3, 4)",1.8792953491210938,1,0.8792953491210938
169,1,"(2, 3)",9.8687105178833,7,2.868710517883301
169,1,"(1, 2)",8.78823184967041,8,0.7882318496704102
169,1,"(3, 4)",9.250162124633789,10,0.7498378753662109
169,2,"(2, 3)",5.604779243469238,5,0.6047792434692383
169,2,"(3, 4)",9.478301048278809,10,0.5216989517211914
169,3,"(2, 3)",4.518775939941406,5,0.48122406005859375
169,3,"(1, 2)",4.453657150268555,6,1.5463428497314453
169,4,"(2, 3)",5.955536842346191,5,0.9555368423461914
169,4,"(1, 2)",6.996447563171387,6,0.9964475631713867
169,4,"(0, 1)",5.990414619445801,8,2.009585380554199
169,5,"(2, 3)",3.623216152191162,4,0.3767838478088379
169,5,"(1, 2)",3.770775318145752,4,0.22922468185424805
169,6,"(2, 3)",4.2941765785217285,4,0.2941765785217285
169,6,"(1, 2)",4.068917274475098,4,0.06891727447509766
169,6,"(3, 4)",5.35151481628418,5,0.3515148162841797
169,6,"(0, 1)",4.986147880554199,5,0.013852119445800781
169,9,"(2, 3)",0.10538852214813232,0,0.10538852214813232
169,9,"(1, 2)",0.07311448454856873,0,0.07311448454856873
170,1,"(2, 3)",6.608458518981934,5,1.6084585189819336
170,1,"(1, 2)",5.916617393493652,5,0.9166173934936523
170,1,"(3, 4)",7.64931583404541,6,1.6493158340454102
170,5,"(2, 3)",2.019472122192383,2,0.019472122192382812
170,5,"(1, 2)",3.068838596343994,2,1.0688385963439941
170,5,"(0, 1)",1.9996460676193237,1,0.9996460676193237
171,3,"(2, 3)",10.946825981140137,4,6.946825981140137
171,3,"(1, 2)",9.81075382232666,7,2.81075382232666
171,3,"(3, 4)",10.088248252868652,6,4.088248252868652
171,4,"(2, 3)",7.849440574645996,2,5.849440574645996
171,4,"(1, 2)",7.757013320922852,7,0.7570133209228516
171,5,"(0, 1)",7.819833755493164,4,3.819833755493164
171,5,"(1, 2)",9.1439847946167,9,0.14398479461669922
171,5,"(2, 3)",7.964008331298828,3,4.964008331298828
171,6,"(2, 3)",4.233351230621338,3,1.233351230621338
171,6,"(3, 4)",8.581337928771973,3,5.581337928771973
171,11,"(2, 3)",2.019472122192383,2,0.019472122192382812
171,11,"(1, 2)",3.068838596343994,2,1.0688385963439941
171,11,"(0, 1)",1.9996460676193237,1,0.9996460676193237
172,2,"(2, 3)",4.144089698791504,3,1.144089698791504
172,2,"(1, 2)",4.213046550750732,4,0.21304655075073242
172,3,"(0, 1)",3.7218189239501953,1,2.7218189239501953
172,3,"(1, 2)",5.015313625335693,4,1.0153136253356934
172,3,"(2, 3)",3.8918075561523438,3,0.8918075561523438
172,5,"(0, 1)",1.049493670463562,0,1.049493670463562
172,5,"(1, 2)",1.4799233675003052,1,0.4799233675003052
173,1,"(2, 3)",16.6130428314209,11,5.613042831420898
173,1,"(1, 2)",16.461238861083984,8,8.461238861083984
173,1,"(3, 4)",15.828749656677246,8,7.828749656677246
173,1,"(0, 1)",15.801766395568848,10,5.801766395568848
173,3,"(2, 3)",14.420620918273926,9,5.420620918273926
173,3,"(1, 2)",13.158967018127441,6,7.158967018127441
173,3,"(3, 4)",12.7714204788208,6,6.771420478820801
173,4,"(0, 1)",13.785487174987793,8,5.785487174987793
173,4,"(1, 2)",9.968090057373047,5,4.968090057373047
173,5,"(2, 3)",12.212921142578125,5,7.212921142578125
173,5,"(1, 2)",11.047745704650879,7,4.047745704650879
173,5,"(3, 4)",10.656813621520996,6,4.656813621520996
173,6,"(0, 1)",11.575304985046387,7,4.575304985046387
173,6,"(1, 2)",10.368243217468262,8,2.3682432174682617
173,6,"(2, 3)",9.668058395385742,4,5.668058395385742
173,8,"(2, 3)",7.5737409591674805,4,3.5737409591674805
173,8,"(3, 4)",6.7910895347595215,8,1.2089104652404785
173,10,"(2, 3)",5.104586601257324,3,2.104586601257324
173,10,"(1, 2)",5.115095138549805,7,1.8849048614501953
173,11,"(2, 3)",4.380475997924805,3,1.3804759979248047
173,11,"(3, 4)",4.283819675445557,6,1.7161803245544434
173,12,"(2, 3)",4.234788417816162,3,1.234788417816162
173,12,"(1, 2)",4.783534049987793,5,0.21646595001220703
173,12,"(0, 1)",5.225758075714111,7,1.7742419242858887
173,13,"(2, 3)",3.9289016723632812,2,1.9289016723632812
173,13,"(1, 2)",2.8324618339538574,3,0.16753816604614258
173,13,"(3, 4)",2.746033191680908,3,0.2539668083190918
173,14,"(2, 3)",1.8312040567398071,0,1.8312040567398071
173,14,"(1, 2)",1.636361002922058,2,0.3636389970779419
173,15,"(2, 3)",0.11587792634963989,0,0.11587792634963989
173,15,"(3, 4)",0.1558062583208084,0,0.1558062583208084
174,1,"(0, 1)",12.961955070495605,6,6.9619550704956055
174,1,"(1, 2)",14.081643104553223,7,7.081643104553223
174,1,"(2, 3)",14.137887001037598,12,2.1378870010375977
174,1,"(3, 4)",12.873916625976562,9,3.8739166259765625
174,2,"(0, 1)",7.74268913269043,4,3.7426891326904297
174,2,"(1, 2)",10.31155014038086,5,5.311550140380859
174,3,"(0, 1)",7.917111873626709,4,3.917111873626709
174,3,"(1, 2)",9.765870094299316,6,3.7658700942993164
174,4,"(0, 1)",9.83615779876709,4,5.83615779876709
174,4,"(1, 2)",9.477389335632324,6,3.477389335632324
174,4,"(2, 3)",9.478570938110352,7,2.4785709381103516
174,4,"(3, 4)",9.740504264831543,7,2.740504264831543
174,6,"(2, 3)",5.971348762512207,5,0.971348762512207
174,6,"(1, 2)",6.013814926147461,4,2.013814926147461
174,7,"(0, 1)",4.323591232299805,3,1.3235912322998047
174,7,"(1, 2)",5.683311462402344,4,1.6833114624023438
174,10,"(0, 1)",2.4844322204589844,3,0.5155677795410156
174,10,"(1, 2)",1.9441417455673218,2,0.05585825443267822
174,11,"(2, 3)",1.1089022159576416,1,0.1089022159576416
174,11,"(1, 2)",1.0875858068466187,2,0.9124141931533813
174,12,"(0, 1)",1.1439096927642822,1,0.14390969276428223
174,12,"(1, 2)",2.0451745986938477,2,0.045174598693847656
174,12,"(2, 3)",1.0560410022735596,1,0.05604100227355957
175,2,"(2, 3)",4.144089698791504,2,2.144089698791504
175,2,"(1, 2)",4.213046550750732,3,1.2130465507507324
175,3,"(2, 3)",3.168769359588623,2,1.168769359588623
175,3,"(3, 4)",3.567265033721924,4,0.43273496627807617
175,4,"(2, 3)",2.6395368576049805,2,0.6395368576049805
175,4,"(1, 2)",2.5603785514831543,1,1.5603785514831543
175,6,"(0, 1)",0.2059890180826187,0,0.2059890180826187
175,6,"(1, 2)",0.17118015885353088,0,0.17118015885353088
176,3,"(0, 1)",12.37562084197998,4,8.37562084197998
176,3,"(1, 2)",12.364424705505371,8,4.364424705505371
176,4,"(0, 1)",12.982449531555176,6,6.982449531555176
176,4,"(1, 2)",12.289467811584473,8,4.289467811584473
176,4,"(2, 3)",11.557988166809082,2,9.557988166809082
176,5,"(2, 3)",10.114602088928223,1,9.114602088928223
176,5,"(3, 4)",10.911055564880371,4,6.911055564880371
176,7,"(2, 3)",6.923396110534668,2,4.923396110534668
176,7,"(3, 4)",10.319347381591797,5,5.319347381591797
176,10,"(2, 3)",4.432136535644531,3,1.4321365356445312
176,10,"(1, 2)",4.42877197265625,4,0.42877197265625
176,13,"(2, 3)",3.9289016723632812,3,0.9289016723632812
176,13,"(1, 2)",2.8324618339538574,2,0.8324618339538574
176,13,"(3, 4)",2.746033191680908,1,1.7460331916809082
177,2,"(2, 3)",11.784098625183105,6,5.7840986251831055
177,2,"(1, 2)",11.79476261138916,5,6.79476261138916
177,5,"(2, 3)",9.511183738708496,6,3.511183738708496
177,5,"(1, 2)",9.48505687713623,8,1.4850568771362305
177,5,"(3, 4)",9.805671691894531,2,7.805671691894531
177,5,"(0, 1)",9.78156852722168,6,3.7815685272216797
177,9,"(2, 3)",4.590634822845459,2,2.590634822845459
177,9,"(3, 4)",3.419203758239746,4,0.5807962417602539
177,10,"(2, 3)",3.168769359588623,2,1.168769359588623
177,10,"(3, 4)",3.567265033721924,4,0.43273496627807617
177,13,"(2, 3)",1.2012345790863037,1,0.2012345790863037
177,13,"(1, 2)",2.191760540008545,2,0.19176054000854492
177,13,"(0, 1)",1.261260986328125,1,0.261260986328125
178,2,"(0, 1)",13.07215404510498,12,1.0721540451049805
178,2,"(1, 2)",14.14565658569336,13,1.1456565856933594
178,2,"(2, 3)",13.12256145477295,10,3.122561454772949
178,3,"(2, 3)",11.395735740661621,11,0.3957357406616211
178,3,"(3, 4)",11.959859848022461,11,0.9598598480224609
178,4,"(2, 3)",12.004712104797363,14,1.9952878952026367
178,4,"(1, 2)",10.827807426452637,12,1.1721925735473633
178,4,"(3, 4)",11.07515811920166,13,1.9248418807983398
178,5,"(2, 3)",15.687384605407715,13,2.687384605407715
178,5,"(1, 2)",15.405383110046387,11,4.405383110046387
178,5,"(3, 4)",12.475748062133789,12,0.47574806213378906
178,5,"(0, 1)",12.10330867767334,9,3.10330867767334
178,6,"(2, 3)",9.14754867553711,10,0.8524513244628906
178,6,"(1, 2)",10.1646089553833,9,1.1646089553833008
178,6,"(0, 1)",8.81344223022461,7,1.8134422302246094
178,7,"(2, 3)",8.863761901855469,9,0.13623809814453125
178,7,"(1, 2)",7.660028457641602,8,0.33997154235839844
178,7,"(3, 4)",8.37484073638916,7,1.3748407363891602
178,8,"(0, 1)",6.855902671813965,4,2.855902671813965
178,8,"(1, 2)",8.061217308044434,9,0.9387826919555664
178,8,"(2, 3)",6.890990257263184,7,0.1090097427368164
178,9,"(0, 1)",5.143353462219238,3,2.1433534622192383
178,9,"(1, 2)",5.540412902832031,7,1.4595870971679688
178,10,"(2, 3)",7.927216053009033,4,3.927216053009033
178,10,"(1, 2)",7.748072624206543,7,0.748072624206543
178,10,"(3, 4)",6.005937576293945,2,4.005937576293945
178,10,"(0, 1)",6.148686408996582,3,3.148686408996582
178,14,"(2, 3)",0.08881738781929016,0,0.08881738781929016
178,14,"(3, 4)",0.03796178102493286,0,0.03796178102493286
179,1,"(0, 1)",12.79221248626709,9,3.79221248626709
179,1,"(1, 2)",12.121140480041504,9,3.121140480041504
179,1,"(2, 3)",12.054023742675781,9,3.0540237426757812
179,1,"(3, 4)",12.64824104309082,7,5.64824104309082
179,3,"(2, 3)",10.668780326843262,7,3.6687803268432617
179,3,"(1, 2)",9.868546485900879,6,3.868546485900879
179,3,"(3, 4)",11.099587440490723,6,5.099587440490723
179,4,"(0, 1)",9.694539070129395,5,4.6945390701293945
179,4,"(1, 2)",8.240093231201172,6,2.240093231201172
179,4,"(2, 3)",8.053024291992188,5,3.0530242919921875
179,4,"(3, 4)",9.565241813659668,5,4.565241813659668
179,5,"(2, 3)",6.12690544128418,2,4.12690544128418
179,5,"(1, 2)",6.021717071533203,4,2.021717071533203
180,2,"(0, 1)",5.892560005187988,9,3.1074399948120117
180,2,"(1, 2)",4.923517227172852,6,1.0764827728271484
180,3,"(0, 1)",6.04850959777832,9,2.9514904022216797
180,3,"(1, 2)",5.824672698974609,6,0.17532730102539062
180,3,"(2, 3)",4.987407684326172,7,2.012592315673828
180,4,"(0, 1)",6.122147560119629,8,1.877852439880371
180,4,"(1, 2)",4.823310375213623,4,0.823310375213623
180,4,"(2, 3)",4.217920303344727,6,1.7820796966552734
180,6,"(2, 3)",3.279212474822998,4,0.720787525177002
180,6,"(1, 2)",2.1208105087280273,2,0.12081050872802734
180,6,"(3, 4)",1.3198800086975098,2,0.6801199913024902
180,7,"(2, 3)",2.1914608478546143,2,0.19146084785461426
180,7,"(1, 2)",1.118086814880371,1,0.1180868148803711
180,7,"(3, 4)",1.1697611808776855,1,0.16976118087768555
181,3,"(2, 3)",13.750361442565918,5,8.750361442565918
181,3,"(1, 2)",12.509860038757324,7,5.509860038757324
181,3,"(3, 4)",11.336671829223633,5,6.336671829223633
181,5,"(2, 3)",9.563580513000488,4,5.563580513000488
181,5,"(3, 4)",9.273423194885254,4,5.273423194885254
181,7,"(2, 3)",6.6366777420043945,5,1.6366777420043945
181,7,"(3, 4)",8.97470474243164,6,2.9747047424316406
181,8,"(2, 3)",5.216769218444824,7,1.7832307815551758
181,8,"(1, 2)",5.5029706954956055,5,0.5029706954956055
181,9,"(2, 3)",7.198782920837402,7,0.19878292083740234
181,9,"(1, 2)",6.104657173156738,5,1.1046571731567383
181,9,"(3, 4)",5.475449085235596,5,0.4754490852355957
181,12,"(0, 1)",3.595719337463379,4,0.4042806625366211
181,12,"(1, 2)",4.032888412475586,4,0.03288841247558594
181,12,"(2, 3)",3.109452247619629,3,0.1094522476196289
181,14,"(2, 3)",2.0406453609466553,2,0.04064536094665527
181,14,"(1, 2)",1.0231412649154663,1,0.02314126491546631
181,14,"(3, 4)",1.119098424911499,1,0.11909842491149902
182,1,"(2, 3)",5.971348762512207,7,1.028651237487793
182,1,"(1, 2)",6.013814926147461,6,0.013814926147460938
182,2,"(0, 1)",6.8731842041015625,6,0.8731842041015625
182,2,"(1, 2)",7.913938045501709,6,1.913938045501709
182,2,"(2, 3)",8.000801086425781,7,1.0008010864257812
182,2,"(3, 4)",6.8034772872924805,3,3.8034772872924805
182,6,"(2, 3)",3.037886142730713,3,0.03788614273071289
182,6,"(1, 2)",1.9371215105056763,1,0.9371215105056763
182,6,"(3, 4)",1.8792953491210938,1,0.8792953491210938
183,1,"(0, 1)",13.381180763244629,6,7.381180763244629
183,1,"(1, 2)",15.25362491607666,12,3.25362491607666
183,1,"(2, 3)",15.330432891845703,9,6.330432891845703
183,1,"(3, 4)",13.303860664367676,11,2.303860664367676
183,2,"(0, 1)",10.589043617248535,4,6.589043617248535
183,2,"(1, 2)",13.210196495056152,10,3.2101964950561523
183,2,"(2, 3)",11.92508602142334,6,5.92508602142334
183,3,"(2, 3)",10.519709587097168,6,4.519709587097168
183,3,"(1, 2)",11.551892280578613,10,1.5518922805786133
183,3,"(0, 1)",9.398436546325684,4,5.398436546325684
183,7,"(2, 3)",8.005093574523926,5,3.005093574523926
183,7,"(1, 2)",7.888915061950684,8,0.1110849380493164
183,7,"(3, 4)",6.841529846191406,7,0.15847015380859375
183,7,"(0, 1)",6.860729217529297,6,0.8607292175292969
183,9,"(0, 1)",4.40496826171875,4,0.40496826171875
183,9,"(1, 2)",5.0383148193359375,4,1.0383148193359375
183,9,"(2, 3)",3.969909191131592,2,1.9699091911315918
183,11,"(2, 3)",0.6738706827163696,0,0.6738706827163696
183,11,"(3, 4)",2.021514892578125,2,0.021514892578125
183,12,"(2, 3)",0.10538852214813232,0,0.10538852214813232
183,12,"(1, 2)",0.07311448454856873,0,0.07311448454856873
184,4,"(0, 1)",3.9896340370178223,5,1.0103659629821777
184,4,"(1, 2)",5.229698657989502,4,1.229698657989502
184,4,"(2, 3)",5.357064247131348,6,0.6429357528686523
184,4,"(3, 4)",4.013250827789307,3,1.0132508277893066
184,6,"(2, 3)",2.1914608478546143,2,0.19146084785461426
184,6,"(1, 2)",1.118086814880371,1,0.1180868148803711
184,6,"(3, 4)",1.1697611808776855,1,0.16976118087768555
185,1,"(2, 3)",11.673338890075684,5,6.673338890075684
185,1,"(1, 2)",11.67857837677002,5,6.6785783767700195
185,4,"(2, 3)",10.99101734161377,5,5.9910173416137695
185,4,"(1, 2)",12.014426231384277,7,5.014426231384277
185,4,"(0, 1)",11.102293014526367,6,5.102293014526367
185,7,"(2, 3)",7.914648056030273,7,0.9146480560302734
185,7,"(1, 2)",8.873541831970215,6,2.873541831970215
185,7,"(0, 1)",8.557052612304688,8,0.5570526123046875
185,9,"(2, 3)",6.086915016174316,7,0.9130849838256836
185,9,"(1, 2)",6.612405776977539,3,3.612405776977539
185,9,"(0, 1)",7.740616798400879,8,0.2593832015991211
185,10,"(2, 3)",4.144089698791504,6,1.855910301208496
185,10,"(1, 2)",4.213046550750732,1,3.2130465507507324
185,12,"(0, 1)",2.4844322204589844,4,1.5155677795410156
185,12,"(1, 2)",1.9441417455673218,1,0.9441417455673218
185,13,"(2, 3)",2.828808307647705,3,0.17119169235229492
185,13,"(1, 2)",1.895431637763977,1,0.895431637763977
185,13,"(3, 4)",1.8128663301467896,1,0.8128663301467896
186,4,"(2, 3)",6.494389533996582,4,2.494389533996582
186,4,"(3, 4)",5.841130256652832,5,0.841130256652832
186,5,"(0, 1)",4.323591232299805,3,1.3235912322998047
186,5,"(1, 2)",5.683311462402344,4,1.6833114624023438
186,7,"(0, 1)",3.335144519805908,3,0.3351445198059082
186,7,"(1, 2)",3.102208137512207,3,0.10220813751220703
186,8,"(2, 3)",2.0529932975769043,0,2.0529932975769043
186,8,"(3, 4)",2.7633562088012695,3,0.23664379119873047
186,9,"(2, 3)",0.9964230060577393,0,0.9964230060577393
186,9,"(1, 2)",1.0608856678009033,1,0.06088566780090332
187,3,"(0, 1)",9.924500465393066,3,6.924500465393066
187,3,"(1, 2)",10.546662330627441,6,4.546662330627441
187,5,"(2, 3)",7.89619779586792,6,1.89619779586792
187,5,"(3, 4)",9.780264854431152,8,1.7802648544311523
187,6,"(2, 3)",7.626901626586914,7,0.6269016265869141
187,6,"(1, 2)",7.555611610412598,11,3.4443883895874023
187,10,"(2, 3)",8.558663368225098,8,0.5586633682250977
187,10,"(1, 2)",8.27429485321045,8,0.2742948532104492
187,10,"(3, 4)",5.927349090576172,7,1.0726509094238281
187,10,"(0, 1)",5.916754245758057,5,0.9167542457580566
187,11,"(2, 3)",5.355978965759277,5,0.35597896575927734
187,11,"(1, 2)",5.258388519287109,5,0.2583885192871094
187,11,"(3, 4)",3.9405899047851562,5,1.0594100952148438
187,11,"(0, 1)",4.071536540985107,3,1.0715365409851074
187,12,"(2, 3)",2.019472122192383,2,0.019472122192382812
187,12,"(1, 2)",3.068838596343994,2,1.0688385963439941
187,12,"(0, 1)",1.9996460676193237,1,0.9996460676193237
188,1,"(2, 3)",12.49699878692627,7,5.4969987869262695
188,1,"(1, 2)",12.461409568786621,8,4.461409568786621
188,1,"(3, 4)",13.735321044921875,10,3.735321044921875
188,1,"(0, 1)",13.75696849822998,9,4.7569684982299805
188,5,"(0, 1)",9.19653606414795,11,1.8034639358520508
188,5,"(1, 2)",9.879130363464355,6,3.8791303634643555
188,5,"(2, 3)",8.728758811950684,3,5.728758811950684
188,6,"(2, 3)",9.066368103027344,4,5.066368103027344
188,6,"(1, 2)",7.938305854797363,4,3.9383058547973633
188,6,"(3, 4)",7.763460159301758,8,0.2365398406982422
188,7,"(2, 3)",5.9912428855896,5,0.9912428855895996
188,7,"(1, 2)",6.040003776550293,6,0.04000377655029297
188,8,"(2, 3)",5.927846431732178,5,0.9278464317321777
188,8,"(1, 2)",6.031947135925293,6,0.03194713592529297
188,9,"(2, 3)",5.819095611572266,5,0.8190956115722656
188,9,"(1, 2)",5.978894233703613,6,0.02110576629638672
188,11,"(2, 3)",2.574544906616211,5,2.425455093383789
188,11,"(3, 4)",1.6501250267028809,3,1.3498749732971191
188,12,"(0, 1)",0.7528142333030701,2,1.24718576669693
188,12,"(1, 2)",1.4788423776626587,3,1.5211576223373413
188,13,"(2, 3)",3.22540283203125,3,0.22540283203125
188,13,"(1, 2)",3.1362929344177246,3,0.1362929344177246
188,13,"(3, 4)",2.1646342277526855,2,0.16463422775268555
188,13,"(0, 1)",2.1921372413635254,2,0.1921372413635254
189,2,"(2, 3)",6.616039276123047,8,1.3839607238769531
189,2,"(1, 2)",6.49327278137207,3,3.4932727813720703
189,2,"(3, 4)",4.943807601928711,4,0.9438076019287109
189,2,"(0, 1)",5.071779251098633,2,3.071779251098633
189,3,"(0, 1)",1.659016728401184,0,1.659016728401184
189,3,"(1, 2)",2.556338310241699,0,2.556338310241699
189,4,"(0, 1)",1.6105791330337524,0,1.6105791330337524
189,4,"(1, 2)",0.5627011060714722,0,0.5627011060714722
190,1,"(2, 3)",14.750393867492676,5,9.750393867492676
190,1,"(1, 2)",13.723499298095703,7,6.723499298095703
190,1,"(3, 4)",14.294829368591309,3,11.294829368591309
190,3,"(0, 1)",10.189484596252441,5,5.189484596252441
190,3,"(1, 2)",11.85253620147705,7,4.852536201477051
190,4,"(2, 3)",10.285775184631348,5,5.285775184631348
190,4,"(3, 4)",7.680972099304199,3,4.680972099304199
190,5,"(2, 3)",9.708781242370605,8,1.7087812423706055
190,5,"(3, 4)",7.858908653259277,5,2.8589086532592773
190,8,"(2, 3)",7.847813129425049,9,1.1521868705749512
190,8,"(1, 2)",6.849764823913574,7,0.15023517608642578
190,8,"(3, 4)",7.642016410827637,5,2.6420164108276367
190,9,"(0, 1)",4.962231636047363,4,0.9622316360473633
190,9,"(1, 2)",5.4134721755981445,6,0.5865278244018555
190,11,"(0, 1)",5.117428779602051,4,1.1174287796020508
190,11,"(1, 2)",4.724847316741943,6,1.2751526832580566
190,11,"(2, 3)",4.605953216552734,4,0.6059532165527344
190,11,"(3, 4)",4.893951416015625,3,1.893951416015625
190,12,"(2, 3)",2.574544906616211,1,1.574544906616211
190,12,"(3, 4)",1.6501250267028809,1,0.6501250267028809
191,1,"(2, 3)",9.344697952270508,7,2.344697952270508
191,1,"(1, 2)",9.35531997680664,6,3.3553199768066406
191,2,"(2, 3)",9.8687105178833,9,0.8687105178833008
191,2,"(1, 2)",8.78823184967041,6,2.78823184967041
191,2,"(3, 4)",9.250162124633789,5,4.250162124633789
191,4,"(0, 1)",7.890215873718262,5,2.8902158737182617
191,4,"(1, 2)",9.154576301574707,6,3.154576301574707
191,4,"(2, 3)",9.25870418548584,9,0.25870418548583984
191,4,"(3, 4)",7.865631103515625,5,2.865631103515625
191,8,"(0, 1)",2.4844322204589844,3,0.5155677795410156
191,8,"(1, 2)",1.9441417455673218,2,0.05585825443267822
191,10,"(2, 3)",2.0406453609466553,2,0.04064536094665527
191,10,"(1, 2)",1.0231412649154663,1,0.02314126491546631
191,10,"(3, 4)",1.119098424911499,1,0.11909842491149902
192,1,"(2, 3)",5.990292072296143,7,1.0097079277038574
192,1,"(1, 2)",6.8683061599731445,3,3.8683061599731445
192,1,"(0, 1)",6.862070560455322,3,3.8620705604553223
192,2,"(0, 1)",2.376117706298828,2,0.3761177062988281
192,2,"(1, 2)",4.327827453613281,1,3.3278274536132812
192,5,"(0, 1)",0.7528142333030701,1,0.24718576669692993
192,5,"(1, 2)",1.4788423776626587,0,1.4788423776626587
193,2,"(2, 3)",10.904025077819824,12,1.0959749221801758
193,2,"(1, 2)",9.765471458435059,8,1.7654714584350586
193,2,"(3, 4)",8.090858459472656,8,0.09085845947265625
193,3,"(0, 1)",8.956473350524902,9,0.043526649475097656
193,3,"(1, 2)",10.404982566833496,8,2.404982566833496
193,3,"(2, 3)",10.475323677062988,10,0.4753236770629883
193,3,"(3, 4)",8.953150749206543,7,1.953150749206543
193,5,"(2, 3)",7.198782920837402,6,1.1987829208374023
193,5,"(1, 2)",6.104657173156738,5,1.1046571731567383
193,5,"(3, 4)",5.475449085235596,7,1.5245509147644043
193,7,"(2, 3)",2.7121200561523438,3,0.28787994384765625
193,7,"(1, 2)",2.749825954437256,4,1.2501740455627441
193,8,"(2, 3)",4.408070087432861,3,1.4080700874328613
193,8,"(1, 2)",4.383500099182129,4,0.3835000991821289
193,8,"(3, 4)",3.941653251647949,4,0.05834674835205078
193,8,"(0, 1)",4.1311116218566895,4,0.13111162185668945
193,10,"(2, 3)",0.1495564579963684,0,0.1495564579963684
193,10,"(1, 2)",0.1323675811290741,0,0.1323675811290741
194,1,"(0, 1)",8.51477336883545,9,0.4852266311645508
194,1,"(1, 2)",10.479328155517578,8,2.479328155517578
194,1,"(2, 3)",9.198291778564453,10,0.8017082214355469
194,2,"(0, 1)",9.498099327087402,8,1.4980993270874023
194,2,"(1, 2)",5.625782012939453,7,1.3742179870605469
194,3,"(2, 3)",8.06418228149414,8,0.06418228149414062
194,3,"(1, 2)",6.806275844573975,7,0.1937241554260254
194,3,"(3, 4)",6.8175859451293945,8,1.1824140548706055
194,5,"(2, 3)",4.144089698791504,5,0.8559103012084961
194,5,"(1, 2)",4.213046550750732,6,1.7869534492492676
194,6,"(2, 3)",6.616039276123047,5,1.6160392761230469
194,6,"(1, 2)",6.49327278137207,6,0.4932727813720703
194,6,"(3, 4)",4.943807601928711,5,0.05619239807128906
194,6,"(0, 1)",5.071779251098633,3,2.071779251098633
194,7,"(0, 1)",2.7790517807006836,1,1.7790517807006836
194,7,"(1, 2)",3.918628215789795,3,0.9186282157897949
194,7,"(2, 3)",2.905128002166748,2,0.905128002166748
195,2,"(2, 3)",9.08393383026123,8,1.0839338302612305
195,2,"(3, 4)",10.463968276977539,11,0.5360317230224609
195,3,"(2, 3)",9.86014175415039,11,1.1398582458496094
195,3,"(1, 2)",8.655906677246094,11,2.3440933227539062
195,3,"(3, 4)",9.186542510986328,13,3.813457489013672
195,4,"(0, 1)",7.819833755493164,10,2.180166244506836
195,4,"(1, 2)",9.1439847946167,10,0.8560152053833008
195,4,"(2, 3)",7.964008331298828,10,2.035991668701172
195,5,"(0, 1)",7.59408712387085,9,1.4059128761291504
195,5,"(1, 2)",7.882488250732422,8,0.11751174926757812
195,5,"(2, 3)",6.782434940338135,10,3.2175650596618652
195,7,"(2, 3)",5.90122127532959,8,2.09877872467041
195,7,"(1, 2)",4.83376932144165,6,1.1662306785583496
195,7,"(3, 4)",5.062163352966309,6,0.9378366470336914
195,8,"(0, 1)",4.40496826171875,4,0.40496826171875
195,8,"(1, 2)",5.0383148193359375,5,0.0383148193359375
195,8,"(2, 3)",3.969909191131592,6,2.030090808868408
195,9,"(2, 3)",4.408070087432861,5,0.5919299125671387
195,9,"(1, 2)",4.383500099182129,3,1.383500099182129
195,9,"(3, 4)",3.941653251647949,2,1.9416532516479492
195,9,"(0, 1)",4.1311116218566895,3,1.1311116218566895
196,1,"(0, 1)",6.989030838012695,9,2.0109691619873047
196,1,"(1, 2)",9.645514488220215,11,1.3544855117797852
196,1,"(2, 3)",9.60579776763916,9,0.6057977676391602
196,1,"(3, 4)",6.905919551849365,8,1.0940804481506348
196,2,"(2, 3)",6.616039276123047,6,0.6160392761230469
196,2,"(1, 2)",6.49327278137207,8,1.5067272186279297
196,2,"(3, 4)",4.943807601928711,6,1.056192398071289
196,2,"(0, 1)",5.071779251098633,7,1.9282207489013672
196,3,"(2, 3)",2.0529932975769043,3,0.9470067024230957
196,3,"(3, 4)",2.7633562088012695,4,1.2366437911987305
196,4,"(2, 3)",3.05509090423584,3,0.055090904235839844
196,4,"(1, 2)",2.122331142425537,3,0.8776688575744629
196,4,"(3, 4)",2.7673211097717285,4,1.2326788902282715
196,5,"(2, 3)",1.2012345790863037,1,0.2012345790863037
196,5,"(1, 2)",2.191760540008545,2,0.19176054000854492
196,5,"(0, 1)",1.261260986328125,1,0.261260986328125
197,1,"(0, 1)",14.537299156188965,6,8.537299156188965
197,1,"(1, 2)",16.51792335510254,11,5.517923355102539
197,1,"(2, 3)",16.575254440307617,8,8.575254440307617
197,1,"(3, 4)",14.44359016418457,7,7.44359016418457
197,2,"(2, 3)",11.115395545959473,8,3.1153955459594727
197,2,"(3, 4)",8.732257843017578,7,1.7322578430175781
197,3,"(0, 1)",8.817593574523926,7,1.8175935745239258
197,3,"(1, 2)",10.788406372070312,12,1.2115936279296875
197,4,"(2, 3)",9.69913387298584,9,0.6991338729858398
197,4,"(3, 4)",7.77989387512207,9,1.2201061248779297
197,5,"(0, 1)",9.924004554748535,7,2.924004554748535
197,5,"(1, 2)",9.560345649719238,11,1.4396543502807617
197,5,"(2, 3)",8.713208198547363,10,1.2867918014526367
197,6,"(0, 1)",6.77054500579834,6,0.7705450057983398
197,6,"(1, 2)",7.545266628265381,9,1.4547333717346191
197,7,"(2, 3)",6.644924640655518,9,2.3550753593444824
197,7,"(3, 4)",5.187645435333252,5,0.18764543533325195
197,8,"(2, 3)",6.9593377113342285,9,2.0406622886657715
197,8,"(1, 2)",6.913422107696533,7,0.0865778923034668
197,8,"(3, 4)",6.881433486938477,5,1.8814334869384766
197,8,"(0, 1)",6.8323163986206055,6,0.8323163986206055
197,9,"(2, 3)",5.268227577209473,6,0.7317724227905273
197,9,"(1, 2)",5.050238609313965,4,1.0502386093139648
197,9,"(3, 4)",6.274670600891113,3,3.2746706008911133
197,9,"(0, 1)",5.925633430480957,4,1.925633430480957
198,2,"(0, 1)",2.626826286315918,0,2.626826286315918
198,2,"(1, 2)",3.654888153076172,1,2.654888153076172
198,3,"(0, 1)",2.4844322204589844,0,2.4844322204589844
198,3,"(1, 2)",1.9441417455673218,1,0.9441417455673218
199,2,"(0, 1)",12.443079948425293,7,5.443079948425293
199,2,"(1, 2)",12.634772300720215,9,3.634772300720215
199,2,"(2, 3)",11.731491088867188,5,6.7314910888671875
199,3,"(2, 3)",11.680710792541504,6,5.680710792541504
199,3,"(1, 2)",10.837235450744629,8,2.837235450744629
199,3,"(3, 4)",11.897063255310059,6,5.897063255310059
199,6,"(2, 3)",7.5737409591674805,8,0.42625904083251953
199,6,"(3, 4)",6.7910895347595215,9,2.2089104652404785
199,7,"(2, 3)",7.011654376983643,9,1.9883456230163574
199,7,"(1, 2)",8.066770553588867,8,0.06677055358886719
199,7,"(0, 1)",6.903061389923096,6,0.9030613899230957
199,9,"(2, 3)",5.794177055358887,8,2.2058229446411133
199,9,"(1, 2)",4.926222801208496,5,0.0737771987915039
199,9,"(3, 4)",6.0222344398498535,5,1.0222344398498535
199,10,"(0, 1)",3.6277332305908203,2,1.6277332305908203
199,10,"(1, 2)",3.22183895111084,4,0.7781610488891602
199,12,"(0, 1)",3.060983180999756,2,1.0609831809997559
199,12,"(1, 2)",4.071023464202881,3,1.0710234642028809
199,12,"(2, 3)",4.199753284454346,4,0.1997532844543457
199,12,"(3, 4)",3.0778069496154785,2,1.0778069496154785
200,1,"(2, 3)",11.600547790527344,8,3.6005477905273438
200,1,"(1, 2)",12.688027381896973,8,4.688027381896973
200,1,"(0, 1)",10.41307544708252,6,4.4130754470825195
200,2,"(0, 1)",7.2113189697265625,5,2.2113189697265625
200,2,"(1, 2)",9.353455543518066,6,3.3534555435180664
200,3,"(2, 3)",7.89619779586792,8,0.10380220413208008
200,3,"(3, 4)",9.780264854431152,10,0.21973514556884766
200,4,"(0, 1)",8.945183753967285,5,3.945183753967285
200,4,"(1, 2)",8.396108627319336,6,2.396108627319336
200,4,"(2, 3)",8.304595947265625,10,1.695404052734375
200,4,"(3, 4)",8.800240516662598,11,2.1997594833374023
200,5,"(2, 3)",6.77079963684082,7,0.2292003631591797
200,5,"(1, 2)",6.837125778198242,3,3.837125778198242
200,6,"(0, 1)",3.1838622093200684,3,0.18386220932006836
200,6,"(1, 2)",5.222713947296143,3,2.2227139472961426
200,8,"(0, 1)",2.626826286315918,3,0.37317371368408203
200,8,"(1, 2)",3.654888153076172,2,1.6548881530761719
200,9,"(0, 1)",2.7790517807006836,3,0.2209482192993164
200,9,"(1, 2)",3.918628215789795,2,1.918628215789795
200,9,"(2, 3)",2.905128002166748,3,0.09487199783325195
200,10,"(0, 1)",1.6105791330337524,2,0.38942086696624756
200,10,"(1, 2)",0.5627011060714722,0,0.5627011060714722
200,11,"(2, 3)",0.1495564579963684,0,0.1495564579963684
200,11,"(1, 2)",0.1323675811290741,0,0.1323675811290741
201,1,"(0, 1)",5.886614799499512,10,4.113385200500488
201,1,"(1, 2)",6.731570243835449,7,0.2684297561645508
201,1,"(2, 3)",6.736943244934082,9,2.263056755065918
201,1,"(3, 4)",5.840493679046631,7,1.1595063209533691
201,2,"(0, 1)",5.117428779602051,8,2.882571220397949
201,2,"(1, 2)",4.724847316741943,4,0.7248473167419434
201,2,"(2, 3)",4.605953216552734,6,1.3940467834472656
201,2,"(3, 4)",4.893951416015625,5,0.106048583984375
201,3,"(2, 3)",1.913079857826233,3,1.086920142173767
201,3,"(1, 2)",1.9551371335983276,1,0.9551371335983276
201,4,"(2, 3)",3.037886142730713,3,0.03788614273071289
201,4,"(1, 2)",1.9371215105056763,1,0.9371215105056763
201,4,"(3, 4)",1.8792953491210938,1,0.8792953491210938
202,2,"(2, 3)",8.509018898010254,11,2.490981101989746
202,2,"(1, 2)",8.48706340789795,2,6.487063407897949
202,4,"(0, 1)",4.323591232299805,6,1.6764087677001953
202,4,"(1, 2)",5.683311462402344,3,2.6833114624023438
202,5,"(0, 1)",4.343130588531494,6,1.6568694114685059
202,5,"(1, 2)",4.413381099700928,3,1.4133810997009277
202,6,"(2, 3)",4.883207321166992,6,1.1167926788330078
202,6,"(1, 2)",3.917814254760742,3,0.9178142547607422
202,6,"(3, 4)",4.27088737487793,4,0.2708873748779297
202,7,"(0, 1)",2.821312427520752,3,0.17868757247924805
202,7,"(1, 2)",2.0877273082733154,2,0.08772730827331543
202,8,"(2, 3)",3.05509090423584,2,1.0550909042358398
202,8,"(1, 2)",2.122331142425537,2,0.12233114242553711
202,8,"(3, 4)",2.7673211097717285,2,0.7673211097717285
203,1,"(2, 3)",10.512822151184082,10,0.512822151184082
203,1,"(1, 2)",10.255776405334473,10,0.25577640533447266
203,1,"(3, 4)",8.273368835449219,10,1.7266311645507812
203,1,"(0, 1)",8.3598051071167,8,0.3598051071166992
203,2,"(2, 3)",8.005093574523926,7,1.0050935745239258
203,2,"(1, 2)",7.888915061950684,7,0.8889150619506836
203,2,"(3, 4)",6.841529846191406,8,1.1584701538085938
203,2,"(0, 1)",6.860729217529297,6,0.8607292175292969
203,3,"(2, 3)",4.951986312866211,4,0.9519863128662109
203,3,"(1, 2)",5.944182395935059,4,1.9441823959350586
203,3,"(0, 1)",5.159946441650391,4,1.1599464416503906
203,4,"(2, 3)",3.1012210845947266,3,0.10122108459472656
203,4,"(3, 4)",3.295417308807373,3,0.29541730880737305
203,5,"(0, 1)",3.6433000564575195,2,1.6433000564575195
203,5,"(1, 2)",0.9538841843605042,0,0.9538841843605042
203,7,"(2, 3)",0.1495564579963684,0,0.1495564579963684
203,7,"(1, 2)",0.1323675811290741,0,0.1323675811290741
204,2,"(0, 1)",10.49146556854248,6,4.4914655685424805
204,2,"(1, 2)",9.136385917663574,5,4.136385917663574
204,5,"(2, 3)",5.971348762512207,7,1.028651237487793
204,5,"(1, 2)",6.013814926147461,6,0.013814926147460938
204,6,"(2, 3)",5.976040363311768,7,1.0239596366882324
204,6,"(1, 2)",5.8882904052734375,6,0.1117095947265625
204,8,"(2, 3)",6.616039276123047,7,0.3839607238769531
204,8,"(1, 2)",6.49327278137207,5,1.4932727813720703
204,8,"(3, 4)",4.943807601928711,6,1.056192398071289
204,8,"(0, 1)",5.071779251098633,3,2.071779251098633
204,10,"(0, 1)",1.049493670463562,1,0.04949367046356201
204,10,"(1, 2)",1.4799233675003052,2,0.5200766324996948
204,11,"(2, 3)",1.2012345790863037,1,0.2012345790863037
204,11,"(1, 2)",2.191760540008545,2,0.19176054000854492
204,11,"(0, 1)",1.261260986328125,1,0.261260986328125
205,1,"(0, 1)",6.912717819213867,6,0.9127178192138672
205,1,"(1, 2)",5.671051025390625,6,0.328948974609375
205,1,"(2, 3)",5.020739555358887,4,1.0207395553588867
205,3,"(2, 3)",4.0126471519470215,3,1.0126471519470215
205,3,"(1, 2)",2.883108615875244,3,0.11689138412475586
205,3,"(3, 4)",2.704106330871582,1,1.704106330871582
205,5,"(2, 3)",0.08881738781929016,0,0.08881738781929016
205,5,"(3, 4)",0.03796178102493286,0,0.03796178102493286
206,1,"(0, 1)",6.53023624420166,5,1.5302362442016602
206,1,"(1, 2)",8.280953407287598,5,3.2809534072875977
206,1,"(2, 3)",6.990511894226074,10,3.009488105773926
206,2,"(2, 3)",6.7038164138793945,9,2.2961835861206055
206,2,"(1, 2)",6.871859073638916,3,3.871859073638916
206,3,"(2, 3)",7.927216053009033,9,1.0727839469909668
206,3,"(1, 2)",7.748072624206543,3,4.748072624206543
206,3,"(3, 4)",6.005937576293945,4,2.0059375762939453
206,3,"(0, 1)",6.148686408996582,2,4.148686408996582
206,5,"(0, 1)",1.815494179725647,0,1.815494179725647
206,5,"(1, 2)",2.5871615409851074,0,2.5871615409851074
206,7,"(0, 1)",0.2059890180826187,0,0.2059890180826187
206,7,"(1, 2)",0.17118015885353088,0,0.17118015885353088
207,1,"(0, 1)",15.951879501342773,9,6.951879501342773
207,1,"(1, 2)",13.530922889709473,3,10.530922889709473
207,2,"(2, 3)",12.336134910583496,7,5.336134910583496
207,2,"(3, 4)",15.326279640197754,7,8.326279640197754
207,3,"(2, 3)",10.611296653747559,10,0.6112966537475586
207,3,"(1, 2)",10.925141334533691,5,5.925141334533691
207,4,"(2, 3)",12.991524696350098,11,1.9915246963500977
207,4,"(1, 2)",11.965176582336426,5,6.965176582336426
207,4,"(3, 4)",11.970527648925781,7,4.970527648925781
207,5,"(2, 3)",9.679526329040527,9,0.6795263290405273
207,5,"(1, 2)",9.42375659942627,4,5.4237565994262695
207,6,"(0, 1)",10.235922813415527,9,1.2359228134155273
207,6,"(1, 2)",8.98432445526123,4,4.9843244552612305
207,8,"(2, 3)",8.829998970031738,9,0.17000102996826172
207,8,"(1, 2)",7.819191932678223,4,3.8191919326782227
207,8,"(3, 4)",8.464743614196777,8,0.46474361419677734
207,9,"(0, 1)",8.052019119262695,8,0.05201911926269531
207,9,"(1, 2)",7.334144592285156,5,2.3341445922851562
207,9,"(2, 3)",7.109318733215332,8,0.890681266784668
207,9,"(3, 4)",7.815290451049805,10,2.1847095489501953
207,11,"(2, 3)",3.623216152191162,4,0.3767838478088379
207,11,"(1, 2)",3.770775318145752,2,1.770775318145752
207,13,"(2, 3)",2.590366840362549,3,0.40963315963745117
207,13,"(1, 2)",2.6934518814086914,2,0.6934518814086914
207,14,"(0, 1)",1.049493670463562,1,0.04949367046356201
207,14,"(1, 2)",1.4799233675003052,2,0.5200766324996948
207,15,"(2, 3)",1.2012345790863037,1,0.2012345790863037
207,15,"(1, 2)",2.191760540008545,2,0.19176054000854492
207,15,"(0, 1)",1.261260986328125,1,0.261260986328125
208,3,"(2, 3)",8.508708000183105,10,1.4912919998168945
208,3,"(1, 2)",7.670305252075195,8,0.3296947479248047
208,3,"(3, 4)",9.07496166229248,12,2.9250383377075195
208,5,"(2, 3)",5.976040363311768,8,2.0239596366882324
208,5,"(1, 2)",5.8882904052734375,7,1.1117095947265625
208,6,"(0, 1)",4.343130588531494,4,0.34313058853149414
208,6,"(1, 2)",4.413381099700928,7,2.5866189002990723
208,7,"(0, 1)",3.3727149963378906,4,0.6272850036621094
208,7,"(1, 2)",5.5381879806518555,7,1.4618120193481445
208,7,"(2, 3)",4.222002983093262,6,1.7779970169067383
208,8,"(0, 1)",3.9896340370178223,3,0.9896340370178223
208,8,"(1, 2)",5.229698657989502,5,0.22969865798950195
208,8,"(2, 3)",5.357064247131348,5,0.35706424713134766
208,8,"(3, 4)",4.013250827789307,5,0.9867491722106934
208,9,"(2, 3)",2.019472122192383,2,0.019472122192382812
208,9,"(1, 2)",3.068838596343994,2,1.0688385963439941
208,9,"(0, 1)",1.9996460676193237,1,0.9996460676193237
209,1,"(2, 3)",5.260498046875,5,0.260498046875
209,1,"(1, 2)",5.197423458099365,5,0.19742345809936523
209,5,"(2, 3)",3.390082836151123,4,0.609917163848877
209,5,"(1, 2)",3.84175968170166,3,0.8417596817016602
209,5,"(0, 1)",4.48633337020874,5,0.5136666297912598
209,6,"(2, 3)",3.037886142730713,3,0.03788614273071289
209,6,"(1, 2)",1.9371215105056763,1,0.9371215105056763
209,6,"(3, 4)",1.8792953491210938,1,0.8792953491210938
210,1,"(2, 3)",10.92743968963623,7,3.9274396896362305
210,1,"(1, 2)",9.72971248626709,7,2.72971248626709
210,1,"(3, 4)",10.105767250061035,11,0.8942327499389648
210,2,"(2, 3)",8.487187385559082,8,0.48718738555908203
210,2,"(1, 2)",8.533904075622559,9,0.4660959243774414
210,3,"(0, 1)",7.819833755493164,10,2.180166244506836
210,3,"(1, 2)",9.1439847946167,10,0.8560152053833008
210,3,"(2, 3)",7.964008331298828,10,2.035991668701172
210,6,"(2, 3)",5.874373435974121,10,4.125626564025879
210,6,"(1, 2)",5.841843605041504,7,1.158156394958496
210,7,"(2, 3)",8.558663368225098,10,1.4413366317749023
210,7,"(1, 2)",8.27429485321045,7,1.2742948532104492
210,7,"(3, 4)",5.927349090576172,6,0.07265090942382812
210,7,"(0, 1)",5.916754245758057,7,1.0832457542419434
210,8,"(2, 3)",5.355978965759277,7,1.6440210342407227
210,8,"(1, 2)",5.258388519287109,4,1.2583885192871094
210,8,"(3, 4)",3.9405899047851562,4,0.05941009521484375
210,8,"(0, 1)",4.071536540985107,5,0.9284634590148926
210,9,"(2, 3)",3.0361132621765137,4,0.9638867378234863
210,9,"(1, 2)",2.050348997116089,1,1.0503489971160889
210,9,"(3, 4)",2.8007616996765137,2,0.8007616996765137
210,10,"(0, 1)",0.06365779042243958,0,0.06365779042243958
210,10,"(1, 2)",0.05576014518737793,0,0.05576014518737793
211,3,"(2, 3)",12.616443634033203,6,6.616443634033203
211,3,"(1, 2)",11.263336181640625,5,6.263336181640625
211,3,"(3, 4)",10.519949913024902,4,6.519949913024902
211,7,"(2, 3)",8.252654075622559,9,0.7473459243774414
211,7,"(1, 2)",7.180808067321777,7,0.18080806732177734
211,7,"(3, 4)",6.393047332763672,5,1.3930473327636719
211,10,"(0, 1)",4.989403247833252,5,0.010596752166748047
211,10,"(1, 2)",6.492134094238281,5,1.4921340942382812
211,10,"(2, 3)",6.622872352600098,6,0.6228723526000977
211,10,"(3, 4)",5.017249584197998,3,2.017249584197998
211,11,"(2, 3)",3.9289016723632812,3,0.9289016723632812
211,11,"(1, 2)",2.8324618339538574,2,0.8324618339538574
211,11,"(3, 4)",2.746033191680908,1,1.7460331916809082
212,1,"(0, 1)",8.030320167541504,4,4.030320167541504
212,1,"(1, 2)",10.27943229675293,4,6.27943229675293
212,3,"(0, 1)",6.057669639587402,6,0.057669639587402344
212,3,"(1, 2)",8.29946517944336,8,0.2994651794433594
212,6,"(2, 3)",4.987273216247559,5,0.012726783752441406
212,6,"(3, 4)",6.11297607421875,10,3.88702392578125
212,7,"(2, 3)",5.711905479431152,5,0.7119054794311523
212,7,"(1, 2)",6.823133945465088,8,1.176866054534912
212,7,"(0, 1)",4.266684055328369,4,0.26668405532836914
212,8,"(2, 3)",2.292062759399414,4,1.707937240600586
212,8,"(3, 4)",4.444754600524902,7,2.5552453994750977
212,9,"(0, 1)",2.2897186279296875,2,0.2897186279296875
212,9,"(1, 2)",4.428794860839844,4,0.42879486083984375
212,9,"(2, 3)",3.1496291160583496,4,0.8503708839416504
212,10,"(0, 1)",1.852382779121399,1,0.8523827791213989
212,10,"(1, 2)",2.7951579093933105,2,0.7951579093933105
212,10,"(2, 3)",1.9468495845794678,3,1.0531504154205322
212,11,"(0, 1)",0.2059890180826187,0,0.2059890180826187
212,11,"(1, 2)",0.17118015885353088,0,0.17118015885353088
213,1,"(2, 3)",14.95168399810791,7,7.95168399810791
213,1,"(1, 2)",14.971513748168945,5,9.971513748168945
213,2,"(0, 1)",10.618844032287598,3,7.618844032287598
213,2,"(1, 2)",12.67172908782959,5,7.67172908782959
213,3,"(0, 1)",12.081759452819824,3,9.081759452819824
213,3,"(1, 2)",13.081533432006836,5,8.081533432006836
213,3,"(2, 3)",12.045172691345215,7,5.045172691345215
213,4,"(0, 1)",11.608518600463867,3,8.608518600463867
213,4,"(1, 2)",11.612065315246582,5,6.612065315246582
213,4,"(2, 3)",10.701244354248047,6,4.701244354248047
213,7,"(0, 1)",6.77054500579834,1,5.77054500579834
213,7,"(1, 2)",7.545266628265381,3,4.545266628265381
213,10,"(2, 3)",4.590634822845459,6,1.409365177154541
213,10,"(3, 4)",3.419203758239746,4,0.5807962417602539
213,12,"(0, 1)",1.659016728401184,3,1.340983271598816
213,12,"(1, 2)",2.556338310241699,1,1.5563383102416992
213,13,"(0, 1)",2.063231945037842,3,0.9367680549621582
213,13,"(1, 2)",0.7124311327934265,1,0.2875688672065735
213,14,"(2, 3)",2.1914608478546143,2,0.19146084785461426
213,14,"(1, 2)",1.118086814880371,1,0.1180868148803711
213,14,"(3, 4)",1.1697611808776855,1,0.16976118087768555
214,1,"(0, 1)",16.060413360595703,4,12.060413360595703
214,1,"(1, 2)",11.821257591247559,5,6.821257591247559
214,3,"(2, 3)",14.180354118347168,8,6.180354118347168
214,3,"(1, 2)",14.01186466217041,5,9.01186466217041
214,3,"(3, 4)",12.911532402038574,2,10.911532402038574
214,3,"(0, 1)",12.94896125793457,5,7.94896125793457
214,6,"(2, 3)",8.594204902648926,7,1.5942049026489258
214,6,"(3, 4)",7.60983943939209,6,1.6098394393920898
214,10,"(2, 3)",6.809542179107666,7,0.19045782089233398
214,10,"(1, 2)",6.653924465179443,7,0.34607553482055664
214,10,"(3, 4)",5.84716796875,7,1.15283203125
214,10,"(0, 1)",5.900465965270996,6,0.0995340347290039
214,12,"(2, 3)",3.117187023162842,4,0.8828129768371582
214,12,"(1, 2)",3.953200340270996,3,0.9532003402709961
214,12,"(0, 1)",3.6268301010131836,4,0.3731698989868164
214,13,"(2, 3)",3.037886142730713,3,0.03788614273071289
214,13,"(1, 2)",1.9371215105056763,1,0.9371215105056763
214,13,"(3, 4)",1.8792953491210938,1,0.8792953491210938
215,1,"(0, 1)",12.68372631072998,11,1.6837263107299805
215,1,"(1, 2)",12.955071449279785,7,5.955071449279785
215,1,"(2, 3)",12.995329856872559,11,1.9953298568725586
215,1,"(3, 4)",12.53705883026123,7,5.5370588302612305
215,4,"(2, 3)",8.98044204711914,8,0.9804420471191406
215,4,"(1, 2)",9.568156242370605,7,2.5681562423706055
215,4,"(0, 1)",11.146468162536621,8,3.146468162536621
215,6,"(2, 3)",8.021127700805664,6,2.021127700805664
215,6,"(1, 2)",6.887381553649902,8,1.1126184463500977
215,6,"(3, 4)",6.811936855316162,4,2.811936855316162
215,7,"(2, 3)",6.8131914138793945,4,2.8131914138793945
215,7,"(1, 2)",5.930126190185547,7,1.0698738098144531
215,7,"(3, 4)",6.817816734313965,3,3.817816734313965
215,9,"(0, 1)",2.626826286315918,2,0.626826286315918
215,9,"(1, 2)",3.654888153076172,5,1.3451118469238281
215,10,"(2, 3)",1.9670578241348267,0,1.9670578241348267
215,10,"(3, 4)",0.5920880436897278,1,0.4079119563102722
215,12,"(2, 3)",0.11587792634963989,0,0.11587792634963989
215,12,"(3, 4)",0.1558062583208084,0,0.1558062583208084
216,1,"(0, 1)",11.777409553527832,11,0.777409553527832
216,1,"(1, 2)",13.437531471252441,12,1.4375314712524414
216,1,"(2, 3)",12.224200248718262,9,3.2242002487182617
216,2,"(2, 3)",12.993351936340332,8,4.993351936340332
216,2,"(1, 2)",12.827874183654785,10,2.827874183654785
216,2,"(3, 4)",11.833296775817871,10,1.833296775817871
216,2,"(0, 1)",11.853761672973633,12,0.1462383270263672
216,3,"(2, 3)",9.371731758117676,7,2.371731758117676
216,3,"(1, 2)",9.406781196594238,7,2.4067811965942383
216,5,"(2, 3)",10.495635032653809,10,0.4956350326538086
216,5,"(1, 2)",10.346988677978516,9,1.3469886779785156
216,5,"(3, 4)",8.928858757019043,10,1.071141242980957
216,5,"(0, 1)",9.004376411437988,12,2.9956235885620117
216,6,"(2, 3)",5.254761695861816,8,2.7452383041381836
216,6,"(3, 4)",8.090227127075195,11,2.9097728729248047
216,7,"(2, 3)",6.798985958099365,8,1.2010140419006348
216,7,"(1, 2)",5.805508613586426,6,0.19449138641357422
216,7,"(3, 4)",6.783463954925537,11,4.216536045074463
216,8,"(2, 3)",4.144089698791504,6,1.855910301208496
216,8,"(1, 2)",4.213046550750732,5,0.7869534492492676
216,9,"(0, 1)",3.335144519805908,5,1.6648554801940918
216,9,"(1, 2)",3.102208137512207,5,1.897791862487793
216,10,"(2, 3)",4.408070087432861,4,0.40807008743286133
216,10,"(1, 2)",4.383500099182129,5,0.6164999008178711
216,10,"(3, 4)",3.941653251647949,7,3.058346748352051
216,10,"(0, 1)",4.1311116218566895,5,0.8688883781433105
216,11,"(2, 3)",1.1089022159576416,1,0.1089022159576416
216,11,"(1, 2)",1.0875858068466187,2,0.9124141931533813
216,12,"(0, 1)",1.1439096927642822,1,0.14390969276428223
216,12,"(1, 2)",2.0451745986938477,2,0.045174598693847656
216,12,"(2, 3)",1.0560410022735596,1,0.05604100227355957
217,1,"(2, 3)",15.790693283081055,5,10.790693283081055
217,1,"(1, 2)",14.786087989807129,5,9.786087989807129
217,1,"(3, 4)",15.280160903930664,11,4.280160903930664
217,2,"(2, 3)",13.053094863891602,3,10.053094863891602
217,2,"(1, 2)",13.08495044708252,5,8.08495044708252
217,2,"(3, 4)",14.435510635375977,11,3.4355106353759766
217,2,"(0, 1)",14.524529457092285,10,4.524529457092285
217,4,"(2, 3)",10.574819564819336,2,8.574819564819336
217,4,"(1, 2)",10.31984806060791,1,9.31984806060791
217,5,"(2, 3)",10.29889965057373,2,8.29889965057373
217,5,"(1, 2)",10.261883735656738,3,7.261883735656738
217,6,"(2, 3)",10.201977729797363,2,8.201977729797363
217,6,"(1, 2)",10.2114896774292,5,5.211489677429199
217,7,"(2, 3)",10.016451835632324,5,5.016451835632324
217,7,"(1, 2)",10.103320121765137,8,2.1033201217651367
217,11,"(2, 3)",4.323509216308594,5,0.6764907836914062
217,11,"(3, 4)",2.3213210105895996,4,1.6786789894104004
217,12,"(2, 3)",3.5960144996643066,5,1.4039855003356934
217,12,"(3, 4)",2.552830696105957,4,1.447169303894043
217,13,"(2, 3)",4.408070087432861,5,0.5919299125671387
217,13,"(1, 2)",4.383500099182129,4,0.3835000991821289
217,13,"(3, 4)",3.941653251647949,4,0.05834674835205078
217,13,"(0, 1)",4.1311116218566895,2,2.1311116218566895
217,15,"(0, 1)",0.2059890180826187,0,0.2059890180826187
217,15,"(1, 2)",0.17118015885353088,0,0.17118015885353088
218,2,"(2, 3)",7.744956970214844,4,3.7449569702148438
218,2,"(1, 2)",7.9580488204956055,5,2.9580488204956055
218,3,"(2, 3)",7.626901626586914,6,1.626901626586914
218,3,"(1, 2)",7.555611610412598,5,2.5556116104125977
218,5,"(2, 3)",8.005093574523926,8,0.005093574523925781
218,5,"(1, 2)",7.888915061950684,8,0.1110849380493164
218,5,"(3, 4)",6.841529846191406,9,2.1584701538085938
218,5,"(0, 1)",6.860729217529297,9,2.139270782470703
218,6,"(2, 3)",5.095266342163086,5,0.09526634216308594
218,6,"(1, 2)",5.255784511566162,5,0.2557845115661621
218,7,"(2, 3)",3.168769359588623,5,1.831230640411377
218,7,"(3, 4)",3.567265033721924,5,1.4327349662780762
218,8,"(2, 3)",3.469104290008545,5,1.530895709991455
218,8,"(1, 2)",3.7762508392333984,3,0.7762508392333984
218,9,"(0, 1)",1.049493670463562,2,0.950506329536438
218,9,"(1, 2)",1.4799233675003052,3,1.5200766324996948
218,10,"(2, 3)",3.22540283203125,3,0.22540283203125
218,10,"(1, 2)",3.1362929344177246,3,0.1362929344177246
218,10,"(3, 4)",2.1646342277526855,2,0.16463422775268555
218,10,"(0, 1)",2.1921372413635254,2,0.1921372413635254
219,1,"(2, 3)",10.668780326843262,13,2.3312196731567383
219,1,"(1, 2)",9.868546485900879,14,4.131453514099121
219,1,"(3, 4)",11.099587440490723,8,3.0995874404907227
219,2,"(0, 1)",12.537013053894043,9,3.537013053894043
219,2,"(1, 2)",16.01940155029297,15,1.0194015502929688
219,2,"(2, 3)",15.852444648742676,11,4.852444648742676
219,2,"(3, 4)",11.897525787353516,7,4.897525787353516
219,3,"(0, 1)",10.248372077941895,8,2.2483720779418945
219,3,"(1, 2)",13.144759178161621,14,0.8552408218383789
219,3,"(2, 3)",13.20525074005127,9,4.2052507400512695
219,3,"(3, 4)",9.948241233825684,8,1.9482412338256836
219,4,"(2, 3)",6.343412399291992,8,1.6565876007080078
219,4,"(3, 4)",4.185436248779297,7,2.814563751220703
219,5,"(0, 1)",3.3792853355407715,5,1.6207146644592285
219,5,"(1, 2)",5.550044536590576,9,3.449955463409424
219,6,"(2, 3)",4.590634822845459,6,1.409365177154541
219,6,"(3, 4)",3.419203758239746,6,2.580796241760254
219,7,"(2, 3)",6.616039276123047,6,0.6160392761230469
219,7,"(1, 2)",6.49327278137207,7,0.5067272186279297
219,7,"(3, 4)",4.943807601928711,6,1.056192398071289
219,7,"(0, 1)",5.071779251098633,4,1.0717792510986328
219,8,"(2, 3)",2.0529932975769043,3,0.9470067024230957
219,8,"(3, 4)",2.7633562088012695,4,1.2366437911987305
219,9,"(0, 1)",1.852382779121399,1,0.8523827791213989
219,9,"(1, 2)",2.7951579093933105,2,0.7951579093933105
219,9,"(2, 3)",1.9468495845794678,3,1.0531504154205322
219,10,"(0, 1)",0.2059890180826187,0,0.2059890180826187
219,10,"(1, 2)",0.17118015885353088,0,0.17118015885353088
220,1,"(2, 3)",12.600550651550293,5,7.600550651550293
220,1,"(1, 2)",12.646839141845703,7,5.646839141845703
220,2,"(2, 3)",11.033614158630371,5,6.033614158630371
220,2,"(1, 2)",10.9611177444458,9,1.9611177444458008
220,2,"(3, 4)",11.846900939941406,3,8.846900939941406
220,2,"(0, 1)",11.781476974487305,5,6.781476974487305
220,7,"(2, 3)",4.7567644119262695,1,3.7567644119262695
220,7,"(3, 4)",2.453990936279297,2,0.4539909362792969
220,8,"(2, 3)",4.067645072937012,1,3.0676450729370117
220,8,"(3, 4)",2.181459426879883,2,0.1814594268798828
220,12,"(2, 3)",0.08881738781929016,0,0.08881738781929016
220,12,"(3, 4)",0.03796178102493286,0,0.03796178102493286
221,1,"(0, 1)",12.961955070495605,9,3.9619550704956055
221,1,"(1, 2)",14.081643104553223,8,6.081643104553223
221,1,"(2, 3)",14.137887001037598,12,2.1378870010375977
221,1,"(3, 4)",12.873916625976562,9,3.8739166259765625
221,3,"(2, 3)",10.540793418884277,10,0.5407934188842773
221,3,"(1, 2)",9.635697364807129,6,3.635697364807129
221,3,"(3, 4)",10.74831771850586,12,1.2516822814941406
221,4,"(2, 3)",8.45491886138916,10,1.5450811386108398
221,4,"(1, 2)",8.413052558898926,6,2.413052558898926
221,5,"(2, 3)",9.317280769348145,11,1.6827192306518555
221,5,"(1, 2)",9.241301536560059,8,1.2413015365600586
221,5,"(3, 4)",8.749061584472656,13,4.250938415527344
221,5,"(0, 1)",8.717209815979004,9,0.2827901840209961
221,6,"(0, 1)",5.8546295166015625,8,2.1453704833984375
221,6,"(1, 2)",6.499731063842773,5,1.4997310638427734
221,7,"(0, 1)",6.169737815856934,8,1.8302621841430664
221,7,"(1, 2)",5.048886299133301,5,0.04888629913330078
221,8,"(2, 3)",4.951986312866211,5,0.04801368713378906
221,8,"(1, 2)",5.944182395935059,5,0.9441823959350586
221,8,"(0, 1)",5.159946441650391,8,2.8400535583496094
221,9,"(2, 3)",2.7121200561523438,4,1.2878799438476562
221,9,"(1, 2)",2.749825954437256,3,0.25017404556274414
221,10,"(2, 3)",4.026495933532715,4,0.026495933532714844
221,10,"(1, 2)",3.0550689697265625,3,0.0550689697265625
221,10,"(3, 4)",3.5674338340759277,4,0.43256616592407227
221,11,"(0, 1)",2.8196921348571777,2,0.8196921348571777
221,11,"(1, 2)",3.029188632965088,2,1.029188632965088
221,11,"(2, 3)",2.0920777320861816,2,0.09207773208618164
222,3,"(0, 1)",4.343130588531494,5,0.6568694114685059
222,3,"(1, 2)",4.413381099700928,6,1.5866189002990723
222,4,"(2, 3)",4.7395524978637695,3,1.7395524978637695
222,4,"(1, 2)",4.200104236602783,6,1.7998957633972168
222,4,"(3, 4)",5.178900241851807,5,0.17890024185180664
222,6,"(0, 1)",2.8196921348571777,2,0.8196921348571777
222,6,"(1, 2)",3.029188632965088,4,0.9708113670349121
222,6,"(2, 3)",2.0920777320861816,1,1.0920777320861816
222,7,"(2, 3)",0.08881738781929016,0,0.08881738781929016
222,7,"(3, 4)",0.03796178102493286,0,0.03796178102493286
223,1,"(2, 3)",16.562734603881836,10,6.562734603881836
223,1,"(1, 2)",16.39019203186035,9,7.390192031860352
223,1,"(3, 4)",15.141079902648926,6,9.141079902648926
223,1,"(0, 1)",15.165719032287598,9,6.165719032287598
223,3,"(2, 3)",13.031515121459961,7,6.031515121459961
223,3,"(1, 2)",12.925518989562988,6,6.925518989562988
223,3,"(3, 4)",12.626622200012207,7,5.626622200012207
223,3,"(0, 1)",12.603303909301758,9,3.603303909301758
223,6,"(2, 3)",9.8687105178833,9,0.8687105178833008
223,6,"(1, 2)",8.78823184967041,9,0.21176815032958984
223,6,"(3, 4)",9.250162124633789,9,0.25016212463378906
223,9,"(2, 3)",7.215693473815918,10,2.784306526184082
223,9,"(1, 2)",7.339657783508301,11,3.660342216491699
223,10,"(0, 1)",6.989030838012695,8,1.0109691619873047
223,10,"(1, 2)",9.645514488220215,11,1.3544855117797852
223,10,"(2, 3)",9.60579776763916,10,0.39420223236083984
223,10,"(3, 4)",6.905919551849365,6,0.9059195518493652
223,11,"(0, 1)",4.989403247833252,6,1.010596752166748
223,11,"(1, 2)",6.492134094238281,8,1.5078659057617188
223,11,"(2, 3)",6.622872352600098,7,0.37712764739990234
223,11,"(3, 4)",5.017249584197998,4,1.017249584197998
223,13,"(2, 3)",1.47701096534729,3,1.52298903465271
223,13,"(3, 4)",0.6959632039070129,2,1.304036796092987
223,14,"(0, 1)",2.1755566596984863,2,0.17555665969848633
223,14,"(1, 2)",3.114978790283203,3,0.11497879028320312
223,14,"(2, 3)",3.1592864990234375,3,0.1592864990234375
223,14,"(3, 4)",2.1576647758483887,2,0.15766477584838867
224,2,"(2, 3)",14.23031234741211,8,6.230312347412109
224,2,"(1, 2)",14.123595237731934,8,6.123595237731934
224,2,"(3, 4)",13.670451164245605,9,4.6704511642456055
224,2,"(0, 1)",13.639293670654297,5,8.639293670654297
224,4,"(2, 3)",12.04510498046875,6,6.04510498046875
224,4,"(1, 2)",13.231870651245117,6,7.231870651245117
224,4,"(0, 1)",10.453327178955078,2,8.453327178955078
224,7,"(0, 1)",7.519529342651367,4,3.519529342651367
224,7,"(1, 2)",9.366490364074707,6,3.366490364074707
224,7,"(2, 3)",8.089508056640625,10,1.910491943359375
224,9,"(0, 1)",3.3792853355407715,4,0.6207146644592285
224,9,"(1, 2)",5.550044536590576,6,0.44995546340942383
224,12,"(0, 1)",3.9896340370178223,3,0.9896340370178223
224,12,"(1, 2)",5.229698657989502,5,0.22969865798950195
224,12,"(2, 3)",5.357064247131348,6,0.6429357528686523
224,12,"(3, 4)",4.013250827789307,6,1.9867491722106934
224,13,"(0, 1)",0.7528142333030701,1,0.24718576669692993
224,13,"(1, 2)",1.4788423776626587,2,0.5211576223373413
224,14,"(0, 1)",1.1439096927642822,1,0.14390969276428223
224,14,"(1, 2)",2.0451745986938477,2,0.045174598693847656
224,14,"(2, 3)",1.0560410022735596,1,0.05604100227355957
225,1,"(2, 3)",11.299738883972168,13,1.700261116027832
225,1,"(1, 2)",9.989995002746582,9,0.989995002746582
225,1,"(3, 4)",9.737260818481445,7,2.7372608184814453
225,2,"(0, 1)",10.043898582458496,11,0.9561014175415039
225,2,"(1, 2)",11.620284080505371,9,2.620284080505371
225,2,"(2, 3)",11.672762870788574,13,1.3272371292114258
225,2,"(3, 4)",10.045903205871582,7,3.045903205871582
225,3,"(0, 1)",8.77999496459961,10,1.2200050354003906
225,3,"(1, 2)",9.211249351501465,8,1.2112493515014648
225,3,"(2, 3)",9.303242683410645,11,1.6967573165893555
225,3,"(3, 4)",8.651738166809082,8,0.651738166809082
225,4,"(0, 1)",6.685511589050293,8,1.314488410949707
225,4,"(1, 2)",6.154703617095947,6,0.15470361709594727
225,7,"(2, 3)",5.079068660736084,5,0.07906866073608398
225,7,"(1, 2)",3.8952536582946777,5,1.1047463417053223
225,7,"(3, 4)",4.378726959228516,6,1.6212730407714844
225,8,"(2, 3)",3.8154163360595703,3,0.8154163360595703
225,8,"(1, 2)",3.1549253463745117,4,0.8450746536254883
225,8,"(3, 4)",4.418444633483887,5,0.5815553665161133
225,9,"(2, 3)",2.019472122192383,1,1.0194721221923828
225,9,"(1, 2)",3.068838596343994,3,0.06883859634399414
225,9,"(0, 1)",1.9996460676193237,1,0.9996460676193237
226,2,"(2, 3)",10.540793418884277,7,3.5407934188842773
226,2,"(1, 2)",9.635697364807129,7,2.635697364807129
226,2,"(3, 4)",10.74831771850586,7,3.7483177185058594
226,3,"(0, 1)",8.262502670288086,4,4.262502670288086
226,3,"(1, 2)",8.369921684265137,6,2.3699216842651367
226,6,"(2, 3)",5.104586601257324,5,0.10458660125732422
226,6,"(1, 2)",5.115095138549805,7,1.8849048614501953
226,8,"(2, 3)",6.616039276123047,5,1.6160392761230469
226,8,"(1, 2)",6.49327278137207,6,0.4932727813720703
226,8,"(3, 4)",4.943807601928711,5,0.05619239807128906
226,8,"(0, 1)",5.071779251098633,3,2.071779251098633
226,10,"(2, 3)",2.019472122192383,1,1.0194721221923828
226,10,"(1, 2)",3.068838596343994,3,0.06883859634399414
226,10,"(0, 1)",1.9996460676193237,1,0.9996460676193237
227,4,"(0, 1)",11.874101638793945,9,2.8741016387939453
227,4,"(1, 2)",12.899027824401855,10,2.8990278244018555
227,4,"(2, 3)",12.953959465026855,5,7.9539594650268555
227,4,"(3, 4)",11.790650367736816,6,5.790650367736816
227,6,"(2, 3)",7.89619779586792,2,5.89619779586792
227,6,"(3, 4)",9.780264854431152,3,6.780264854431152
227,7,"(2, 3)",5.604779243469238,3,2.6047792434692383
227,7,"(3, 4)",9.478301048278809,6,3.4783010482788086
227,9,"(2, 3)",7.005364418029785,3,4.005364418029785
227,9,"(1, 2)",5.769587993621826,7,1.2304120063781738
227,9,"(3, 4)",5.937328338623047,6,0.06267166137695312
227,10,"(2, 3)",4.144089698791504,1,3.144089698791504
227,10,"(1, 2)",4.213046550750732,6,1.7869534492492676
227,11,"(2, 3)",0.8406380414962769,1,0.15936195850372314
227,11,"(3, 4)",5.145859718322754,3,2.145859718322754
227,13,"(2, 3)",2.019472122192383,1,1.0194721221923828
227,13,"(1, 2)",3.068838596343994,3,0.06883859634399414
227,13,"(0, 1)",1.9996460676193237,1,0.9996460676193237
228,1,"(0, 1)",12.245743751525879,7,5.245743751525879
228,1,"(1, 2)",11.315688133239746,4,7.315688133239746
228,1,"(2, 3)",10.57601261138916,7,3.57601261138916
228,5,"(2, 3)",7.847813129425049,8,0.15218687057495117
228,5,"(1, 2)",6.849764823913574,5,1.8497648239135742
228,5,"(3, 4)",7.642016410827637,7,0.6420164108276367
228,6,"(0, 1)",5.143353462219238,6,0.8566465377807617
228,6,"(1, 2)",5.540412902832031,4,1.5404129028320312
228,7,"(2, 3)",5.095266342163086,4,1.095266342163086
228,7,"(1, 2)",5.255784511566162,4,1.255784511566162
228,8,"(2, 3)",4.7395524978637695,4,0.7395524978637695
228,8,"(1, 2)",4.200104236602783,4,0.2001042366027832
228,8,"(3, 4)",5.178900241851807,3,2.1789002418518066
228,10,"(0, 1)",0.7528142333030701,1,0.24718576669692993
228,10,"(1, 2)",1.4788423776626587,2,0.5211576223373413
228,11,"(2, 3)",0.08881738781929016,0,0.08881738781929016
228,11,"(3, 4)",0.03796178102493286,0,0.03796178102493286
229,1,"(2, 3)",11.830348014831543,4,7.830348014831543
229,1,"(3, 4)",16.031824111938477,9,7.031824111938477
229,3,"(2, 3)",9.718832015991211,4,5.718832015991211
229,3,"(1, 2)",9.687912940979004,7,2.687912940979004
229,4,"(2, 3)",11.303929328918457,5,6.303929328918457
229,4,"(1, 2)",10.520129203796387,9,1.5201292037963867
229,4,"(3, 4)",12.230687141418457,13,0.769312858581543
229,6,"(2, 3)",7.849440574645996,5,2.849440574645996
229,6,"(1, 2)",7.757013320922852,10,2.2429866790771484
229,7,"(2, 3)",8.427597999572754,6,2.427597999572754
229,7,"(1, 2)",9.375462532043457,12,2.624537467956543
229,7,"(0, 1)",7.441987037658691,8,0.5580129623413086
229,9,"(0, 1)",5.971114158630371,8,2.028885841369629
229,9,"(1, 2)",6.997838020324707,9,2.002161979675293
229,9,"(2, 3)",5.842552185058594,6,0.15744781494140625
229,10,"(2, 3)",5.099554061889648,5,0.09955406188964844
229,10,"(1, 2)",5.800661563873291,7,1.199338436126709
229,10,"(0, 1)",6.0358662605285645,7,0.9641337394714355
229,11,"(2, 3)",3.1012210845947266,4,0.8987789154052734
229,11,"(3, 4)",3.295417308807373,4,0.704582691192627
229,12,"(2, 3)",3.9445252418518066,4,0.05547475814819336
229,12,"(1, 2)",3.0378684997558594,3,0.037868499755859375
229,12,"(3, 4)",3.5288376808166504,4,0.4711623191833496
229,13,"(0, 1)",2.8196921348571777,2,0.8196921348571777
229,13,"(1, 2)",3.029188632965088,2,1.029188632965088
229,13,"(2, 3)",2.0920777320861816,2,0.09207773208618164
230,1,"(2, 3)",12.004712104797363,3,9.004712104797363
230,1,"(1, 2)",10.827807426452637,5,5.827807426452637
230,1,"(3, 4)",11.07515811920166,10,1.0751581192016602
230,2,"(2, 3)",10.519709587097168,1,9.519709587097168
230,2,"(1, 2)",11.551892280578613,4,7.551892280578613
230,2,"(0, 1)",9.398436546325684,9,0.3984365463256836
230,3,"(2, 3)",5.1386942863464355,3,2.1386942863464355
230,3,"(1, 2)",5.213435649871826,5,0.21343564987182617
230,5,"(2, 3)",3.9307332038879395,3,0.9307332038879395
230,5,"(1, 2)",3.9869208335876465,5,1.0130791664123535
230,7,"(2, 3)",2.7037439346313477,3,0.29625606536865234
230,7,"(1, 2)",2.775385856628418,4,1.224614143371582
230,8,"(2, 3)",2.7121200561523438,3,0.28787994384765625
230,8,"(1, 2)",2.749825954437256,4,1.2501740455627441
230,9,"(0, 1)",4.25963830947876,4,0.25963830947875977
230,9,"(1, 2)",3.75758695602417,4,0.24241304397583008
230,9,"(2, 3)",3.5557994842529297,3,0.5557994842529297
230,9,"(3, 4)",3.9494733810424805,5,1.0505266189575195
230,11,"(2, 3)",0.10538852214813232,0,0.10538852214813232
230,11,"(1, 2)",0.07311448454856873,0,0.07311448454856873
231,2,"(2, 3)",5.639045238494873,6,0.36095476150512695
231,2,"(3, 4)",4.272147178649902,5,0.7278528213500977
231,3,"(2, 3)",5.754549026489258,6,0.2454509735107422
231,3,"(1, 2)",5.044857978820801,3,2.044857978820801
231,3,"(3, 4)",5.985367774963379,5,0.9853677749633789
231,4,"(0, 1)",2.421248435974121,3,0.5787515640258789
231,4,"(1, 2)",3.639105796813965,2,1.6391057968139648
231,5,"(2, 3)",3.469104290008545,2,1.469104290008545
231,5,"(1, 2)",3.7762508392333984,2,1.7762508392333984
231,6,"(2, 3)",1.47701096534729,2,0.52298903465271
231,6,"(3, 4)",0.6959632039070129,1,0.30403679609298706
231,7,"(0, 1)",0.06365779042243958,0,0.06365779042243958
231,7,"(1, 2)",0.05576014518737793,0,0.05576014518737793
232,1,"(2, 3)",14.884814262390137,8,6.884814262390137
232,1,"(1, 2)",14.956595420837402,8,6.956595420837402
232,3,"(0, 1)",10.40075969696045,6,4.400759696960449
232,3,"(1, 2)",11.882495880126953,12,0.11750411987304688
232,5,"(0, 1)",13.615409851074219,10,3.6154098510742188
232,5,"(1, 2)",17.205524444580078,14,3.205524444580078
232,5,"(2, 3)",17.059919357299805,11,6.059919357299805
232,5,"(3, 4)",13.009032249450684,14,0.9909677505493164
232,6,"(0, 1)",8.425436973571777,10,1.5745630264282227
232,6,"(1, 2)",10.99317741394043,14,3.0068225860595703
232,6,"(2, 3)",9.673148155212402,11,1.3268518447875977
232,7,"(2, 3)",8.427597999572754,11,2.572402000427246
232,7,"(1, 2)",9.375462532043457,14,4.624537467956543
232,7,"(0, 1)",7.441987037658691,10,2.5580129623413086
232,8,"(0, 1)",9.162861824035645,10,0.8371381759643555
232,8,"(1, 2)",11.98027515411377,14,2.0197248458862305
232,8,"(2, 3)",12.049901008605957,10,2.049901008605957
232,8,"(3, 4)",8.944439888000488,11,2.0555601119995117
232,10,"(0, 1)",5.169559955596924,8,2.830440044403076
232,10,"(1, 2)",6.001550674438477,10,3.9984493255615234
232,10,"(2, 3)",4.891482353210449,7,2.108517646789551
232,11,"(2, 3)",5.079068660736084,6,0.920931339263916
232,11,"(1, 2)",3.8952536582946777,8,4.104746341705322
232,11,"(3, 4)",4.378726959228516,6,1.6212730407714844
232,12,"(0, 1)",3.9896340370178223,4,0.010365962982177734
232,12,"(1, 2)",5.229698657989502,7,1.770301342010498
232,12,"(2, 3)",5.357064247131348,4,1.3570642471313477
232,12,"(3, 4)",4.013250827789307,5,0.9867491722106934
232,13,"(0, 1)",2.8196921348571777,2,0.8196921348571777
232,13,"(1, 2)",3.029188632965088,4,0.9708113670349121
232,13,"(2, 3)",2.0920777320861816,1,1.0920777320861816
232,14,"(2, 3)",0.11587792634963989,0,0.11587792634963989
232,14,"(3, 4)",0.1558062583208084,0,0.1558062583208084
233,1,"(2, 3)",11.83542537689209,10,1.8354253768920898
233,1,"(3, 4)",10.3427095413208,5,5.342709541320801
233,2,"(0, 1)",12.890942573547363,6,6.890942573547363
233,2,"(1, 2)",15.445535659790039,5,10.445535659790039
233,2,"(2, 3)",15.455682754516602,11,4.455682754516602
233,2,"(3, 4)",12.6957426071167,5,7.695742607116699
233,3,"(0, 1)",7.813627243041992,4,3.813627243041992
233,3,"(1, 2)",9.718737602233887,3,6.718737602233887
233,5,"(0, 1)",6.77054500579834,5,1.7705450057983398
233,5,"(1, 2)",7.545266628265381,6,1.5452666282653809
233,6,"(2, 3)",7.843552589416504,11,3.156447410583496
233,6,"(1, 2)",6.707162857055664,9,2.292837142944336
233,6,"(3, 4)",7.576225280761719,7,0.5762252807617188
233,10,"(2, 3)",7.30190372467041,8,0.6980962753295898
233,10,"(1, 2)",7.03289794921875,6,1.03289794921875
233,10,"(3, 4)",4.9195780754089355,5,0.08042192459106445
233,10,"(0, 1)",4.90378475189209,4,0.9037847518920898
233,11,"(0, 1)",1.049493670463562,2,0.950506329536438
233,11,"(1, 2)",1.4799233675003052,3,1.5200766324996948
233,12,"(0, 1)",2.1755566596984863,2,0.17555665969848633
233,12,"(1, 2)",3.114978790283203,3,0.11497879028320312
233,12,"(2, 3)",3.1592864990234375,3,0.1592864990234375
233,12,"(3, 4)",2.1576647758483887,2,0.15766477584838867
234,1,"(2, 3)",6.809542179107666,6,0.809542179107666
234,1,"(1, 2)",6.653924465179443,7,0.34607553482055664
234,1,"(3, 4)",5.84716796875,5,0.84716796875
234,1,"(0, 1)",5.900465965270996,5,0.9004659652709961
234,4,"(2, 3)",0.6738706827163696,1,0.32612931728363037
234,4,"(3, 4)",2.021514892578125,3,0.978485107421875
234,5,"(0, 1)",1.1439096927642822,1,0.14390969276428223
234,5,"(1, 2)",2.0451745986938477,2,0.045174598693847656
234,5,"(2, 3)",1.0560410022735596,1,0.05604100227355957
235,1,"(2, 3)",8.677393913269043,10,1.322606086730957
235,1,"(3, 4)",6.99211311340332,4,2.9921131134033203
235,3,"(2, 3)",8.021127700805664,13,4.978872299194336
235,3,"(1, 2)",6.887381553649902,5,1.8873815536499023
235,3,"(3, 4)",6.811936855316162,6,0.8119368553161621
235,5,"(2, 3)",5.754549026489258,10,4.245450973510742
235,5,"(1, 2)",5.044857978820801,4,1.0448579788208008
235,5,"(3, 4)",5.985367774963379,5,0.9853677749633789
235,7,"(0, 1)",3.9896340370178223,2,1.9896340370178223
235,7,"(1, 2)",5.229698657989502,3,2.229698657989502
235,7,"(2, 3)",5.357064247131348,7,1.6429357528686523
235,7,"(3, 4)",4.013250827789307,4,0.01325082778930664
235,8,"(0, 1)",0.1581469476222992,0,0.1581469476222992
235,8,"(1, 2)",0.4779239892959595,0,0.4779239892959595
235,9,"(0, 1)",0.2059890180826187,0,0.2059890180826187
235,9,"(1, 2)",0.17118015885353088,0,0.17118015885353088
236,1,"(2, 3)",14.180354118347168,9,5.180354118347168
236,1,"(1, 2)",14.01186466217041,9,5.01186466217041
236,1,"(3, 4)",12.911532402038574,7,5.911532402038574
236,1,"(0, 1)",12.94896125793457,12,0.9489612579345703
236,2,"(2, 3)",11.583756446838379,7,4.583756446838379
236,2,"(1, 2)",10.632095336914062,6,4.6320953369140625
236,2,"(3, 4)",11.59935474395752,5,6.5993547439575195
236,3,"(2, 3)",11.558796882629395,6,5.5587968826293945
236,3,"(1, 2)",11.592865943908691,7,4.592865943908691
236,4,"(2, 3)",9.447712898254395,8,1.4477128982543945
236,4,"(1, 2)",8.809741973876953,7,1.8097419738769531
236,4,"(3, 4)",10.839802742004395,6,4.8398027420043945
236,5,"(0, 1)",5.167829513549805,5,0.1678295135498047
236,5,"(1, 2)",7.34254264831543,8,0.6574573516845703
236,6,"(2, 3)",6.621945381164551,5,1.6219453811645508
236,6,"(3, 4)",5.131742477416992,7,1.8682575225830078
236,7,"(2, 3)",5.504420280456543,5,0.504420280456543
236,7,"(3, 4)",5.089160919189453,7,1.9108390808105469
236,9,"(0, 1)",3.7218189239501953,3,0.7218189239501953
236,9,"(1, 2)",5.015313625335693,6,0.9846863746643066
236,9,"(2, 3)",3.8918075561523438,4,0.10819244384765625
236,10,"(0, 1)",1.815494179725647,2,0.18450582027435303
236,10,"(1, 2)",2.5871615409851074,4,1.4128384590148926
236,11,"(0, 1)",2.8196921348571777,2,0.8196921348571777
236,11,"(1, 2)",3.029188632965088,4,0.9708113670349121
236,11,"(2, 3)",2.0920777320861816,1,1.0920777320861816
236,12,"(2, 3)",0.08881738781929016,0,0.08881738781929016
236,12,"(3, 4)",0.03796178102493286,0,0.03796178102493286
237,1,"(2, 3)",9.344697952270508,9,0.3446979522705078
237,1,"(1, 2)",9.35531997680664,10,0.6446800231933594
237,2,"(2, 3)",9.511183738708496,10,0.4888162612915039
237,2,"(1, 2)",9.48505687713623,10,0.5149431228637695
237,2,"(3, 4)",9.805671691894531,7,2.8056716918945312
237,2,"(0, 1)",9.78156852722168,8,1.7815685272216797
237,3,"(2, 3)",7.792346954345703,7,0.7923469543457031
237,3,"(1, 2)",7.609991073608398,7,0.6099910736083984
237,3,"(3, 4)",9.136778831481934,7,2.1367788314819336
237,3,"(0, 1)",8.91907024383545,8,0.9190702438354492
237,4,"(2, 3)",6.139801025390625,4,2.139801025390625
237,4,"(3, 4)",6.646480560302734,6,0.6464805603027344
237,6,"(2, 3)",5.099554061889648,3,2.0995540618896484
237,6,"(1, 2)",5.800661563873291,3,2.800661563873291
237,6,"(0, 1)",6.0358662605285645,5,1.0358662605285645
237,9,"(2, 3)",1.1089022159576416,0,1.1089022159576416
237,9,"(1, 2)",1.0875858068466187,1,0.08758580684661865
238,1,"(2, 3)",7.626321315765381,10,2.373678684234619
238,1,"(1, 2)",7.677556037902832,9,1.322443962097168
238,2,"(0, 1)",7.59408712387085,11,3.4059128761291504
238,2,"(1, 2)",7.882488250732422,9,1.1175117492675781
238,2,"(2, 3)",6.782434940338135,12,5.217565059661865
238,3,"(2, 3)",6.7664031982421875,11,4.2335968017578125
238,3,"(1, 2)",6.736879825592041,7,0.263120174407959
238,4,"(0, 1)",6.049228668212891,8,1.9507713317871094
238,4,"(1, 2)",7.830130577087402,7,0.8301305770874023
238,4,"(2, 3)",7.872501850128174,11,3.127498149871826
238,4,"(3, 4)",6.1028947830200195,6,0.10289478302001953
238,5,"(2, 3)",5.079068660736084,8,2.920931339263916
238,5,"(1, 2)",3.8952536582946777,4,0.10474634170532227
238,5,"(3, 4)",4.378726959228516,4,0.3787269592285156
238,7,"(0, 1)",3.060983180999756,2,1.0609831809997559
238,7,"(1, 2)",4.071023464202881,3,1.0710234642028809
238,7,"(2, 3)",4.199753284454346,5,0.8002467155456543
238,7,"(3, 4)",3.0778069496154785,3,0.07780694961547852
238,8,"(0, 1)",0.06365779042243958,0,0.06365779042243958
238,8,"(1, 2)",0.05576014518737793,0,0.05576014518737793
239,1,"(0, 1)",13.23807144165039,5,8.23807144165039
239,1,"(1, 2)",10.833179473876953,9,1.8331794738769531
239,3,"(2, 3)",10.189513206481934,7,3.1895132064819336
239,3,"(1, 2)",11.218772888183594,9,2.2187728881835938
239,3,"(0, 1)",9.77574634552002,8,1.7757463455200195
239,4,"(0, 1)",10.61628246307373,9,1.6162824630737305
239,4,"(1, 2)",12.897805213928223,10,2.8978052139282227
239,4,"(2, 3)",12.912802696228027,9,3.9128026962280273
239,4,"(3, 4)",10.529064178466797,9,1.5290641784667969
239,6,"(2, 3)",6.139801025390625,9,2.860198974609375
239,6,"(3, 4)",6.646480560302734,9,2.3535194396972656
239,7,"(0, 1)",5.971114158630371,8,2.028885841369629
239,7,"(1, 2)",6.997838020324707,8,1.002161979675293
239,7,"(2, 3)",5.842552185058594,9,3.1574478149414062
239,9,"(2, 3)",4.327019214630127,7,2.672980785369873
239,9,"(1, 2)",4.505928039550781,6,1.4940719604492188
239,10,"(2, 3)",7.30190372467041,7,0.30190372467041016
239,10,"(1, 2)",7.03289794921875,6,1.03289794921875
239,10,"(3, 4)",4.9195780754089355,4,0.9195780754089355
239,10,"(0, 1)",4.90378475189209,4,0.9037847518920898
239,11,"(2, 3)",4.155910968780518,4,0.15591096878051758
239,11,"(1, 2)",4.119858741760254,3,1.119858741760254
239,11,"(3, 4)",3.0174994468688965,2,1.0174994468688965
239,11,"(0, 1)",3.132997989654541,2,1.132997989654541
240,1,"(0, 1)",11.10127067565918,7,4.10127067565918
240,1,"(1, 2)",11.755720138549805,8,3.7557201385498047
240,3,"(0, 1)",10.125009536743164,11,0.8749904632568359
240,3,"(1, 2)",10.964224815368652,11,0.035775184631347656
240,3,"(2, 3)",9.831902503967285,11,1.1680974960327148
240,4,"(0, 1)",10.61628246307373,10,0.6162824630737305
240,4,"(1, 2)",12.897805213928223,9,3.8978052139282227
240,4,"(2, 3)",12.912802696228027,11,1.9128026962280273
240,4,"(3, 4)",10.529064178466797,8,2.529064178466797
240,5,"(2, 3)",7.339510917663574,8,0.6604890823364258
240,5,"(3, 4)",7.6695237159729,6,1.6695237159729004
240,6,"(0, 1)",6.685511589050293,7,0.31448841094970703
240,6,"(1, 2)",6.154703617095947,5,1.1547036170959473
240,7,"(2, 3)",7.005364418029785,8,0.9946355819702148
240,7,"(1, 2)",5.769587993621826,5,0.7695879936218262
240,7,"(3, 4)",5.937328338623047,6,0.06267166137695312
240,8,"(2, 3)",5.095266342163086,6,0.9047336578369141
240,8,"(1, 2)",5.255784511566162,4,1.255784511566162
240,9,"(0, 1)",4.989403247833252,2,2.989403247833252
240,9,"(1, 2)",6.492134094238281,4,2.4921340942382812
240,9,"(2, 3)",6.622872352600098,6,0.6228723526000977
240,9,"(3, 4)",5.017249584197998,3,2.017249584197998
240,12,"(0, 1)",0.06365779042243958,0,0.06365779042243958
240,12,"(1, 2)",0.05576014518737793,0,0.05576014518737793
242,2,"(2, 3)",6.809542179107666,8,1.190457820892334
242,2,"(1, 2)",6.653924465179443,4,2.6539244651794434
242,2,"(3, 4)",5.84716796875,3,2.84716796875
242,2,"(0, 1)",5.900465965270996,6,0.0995340347290039
242,6,"(2, 3)",2.0406453609466553,2,0.04064536094665527
242,6,"(1, 2)",1.0231412649154663,1,0.02314126491546631
242,6,"(3, 4)",1.119098424911499,1,0.11909842491149902
243,1,"(2, 3)",13.213150024414062,2,11.213150024414062
243,1,"(1, 2)",12.628865242004395,5,7.6288652420043945
243,1,"(3, 4)",14.577677726745605,8,6.5776777267456055
243,4,"(2, 3)",7.89827299118042,2,5.89827299118042
243,4,"(1, 2)",7.8072357177734375,5,2.8072357177734375
243,7,"(2, 3)",5.971348762512207,2,3.971348762512207
243,7,"(1, 2)",6.013814926147461,5,1.013814926147461
243,9,"(2, 3)",3.6190571784973145,2,1.6190571784973145
243,9,"(3, 4)",5.261085510253906,4,1.2610855102539062
243,10,"(0, 1)",3.6277332305908203,2,1.6277332305908203
243,10,"(1, 2)",3.22183895111084,2,1.2218389511108398
243,13,"(2, 3)",0.1495564579963684,0,0.1495564579963684
243,13,"(1, 2)",0.1323675811290741,0,0.1323675811290741
244,1,"(2, 3)",3.5467090606689453,5,1.4532909393310547
244,1,"(3, 4)",5.048847675323486,5,0.04884767532348633
244,2,"(0, 1)",3.6277332305908203,4,0.3722667694091797
244,2,"(1, 2)",3.22183895111084,4,0.7781610488891602
244,3,"(2, 3)",3.117187023162842,3,0.1171870231628418
244,3,"(1, 2)",3.953200340270996,4,0.046799659729003906
244,3,"(0, 1)",3.6268301010131836,4,0.3731698989868164
244,5,"(2, 3)",2.1914608478546143,2,0.19146084785461426
244,5,"(1, 2)",1.118086814880371,1,0.1180868148803711
244,5,"(3, 4)",1.1697611808776855,1,0.16976118087768555
245,2,"(0, 1)",10.189484596252441,9,1.1894845962524414
245,2,"(1, 2)",11.85253620147705,3,8.85253620147705
245,3,"(0, 1)",12.245743751525879,10,2.245743751525879
245,3,"(1, 2)",11.315688133239746,5,6.315688133239746
245,3,"(2, 3)",10.57601261138916,6,4.57601261138916
245,4,"(0, 1)",9.101771354675293,11,1.898228645324707
245,4,"(1, 2)",9.467589378356934,6,3.4675893783569336
245,5,"(2, 3)",9.315138816833496,6,3.315138816833496
245,5,"(1, 2)",9.38106632232666,7,2.38106632232666
245,7,"(2, 3)",7.843552589416504,7,0.8435525894165039
245,7,"(1, 2)",6.707162857055664,9,2.292837142944336
245,7,"(3, 4)",7.576225280761719,7,0.5762252807617188
245,8,"(2, 3)",7.215693473815918,5,2.215693473815918
245,8,"(1, 2)",7.339657783508301,8,0.6603422164916992
245,9,"(2, 3)",4.067645072937012,5,0.9323549270629883
245,9,"(3, 4)",2.181459426879883,4,1.8185405731201172
245,10,"(2, 3)",5.624784469604492,5,0.6247844696044922
245,10,"(1, 2)",5.460466384887695,6,0.5395336151123047
245,10,"(3, 4)",4.889527797698975,4,0.8895277976989746
245,10,"(0, 1)",5.005620002746582,3,2.005620002746582
245,12,"(2, 3)",1.423596739768982,2,0.5764032602310181
245,12,"(3, 4)",0.899305522441864,1,0.10069447755813599
245,13,"(0, 1)",0.2059890180826187,0,0.2059890180826187
245,13,"(1, 2)",0.17118015885353088,0,0.17118015885353088
246,1,"(2, 3)",13.615082740783691,4,9.615082740783691
246,1,"(3, 4)",13.618681907653809,7,6.618681907653809
246,3,"(2, 3)",12.47004222869873,7,5.4700422286987305
246,3,"(1, 2)",12.018738746643066,8,4.018738746643066
246,3,"(3, 4)",14.60304069519043,10,4.60304069519043
246,5,"(2, 3)",10.519709587097168,8,2.519709587097168
246,5,"(1, 2)",11.551892280578613,6,5.551892280578613
246,5,"(0, 1)",9.398436546325684,5,4.398436546325684
246,6,"(2, 3)",9.31325912475586,8,1.3132591247558594
246,6,"(1, 2)",9.284018516540527,4,5.284018516540527
246,9,"(2, 3)",8.005093574523926,9,0.9949064254760742
246,9,"(1, 2)",7.888915061950684,4,3.8889150619506836
246,9,"(3, 4)",6.841529846191406,5,1.8415298461914062
246,9,"(0, 1)",6.860729217529297,2,4.860729217529297
246,10,"(0, 1)",4.343130588531494,0,4.343130588531494
246,10,"(1, 2)",4.413381099700928,1,3.4133810997009277
246,13,"(0, 1)",1.049493670463562,0,1.049493670463562
246,13,"(1, 2)",1.4799233675003052,1,0.4799233675003052
247,1,"(0, 1)",12.79221248626709,11,1.7922124862670898
247,1,"(1, 2)",12.121140480041504,11,1.121140480041504
247,1,"(2, 3)",12.054023742675781,12,0.05402374267578125
247,1,"(3, 4)",12.64824104309082,10,2.6482410430908203
247,2,"(2, 3)",9.679526329040527,9,0.6795263290405273
247,2,"(1, 2)",9.42375659942627,9,0.42375659942626953
247,3,"(0, 1)",11.010266304016113,7,4.010266304016113
247,3,"(1, 2)",9.9739990234375,10,0.0260009765625
247,3,"(2, 3)",9.793517112731934,9,0.7935171127319336
247,3,"(3, 4)",10.861136436462402,7,3.8611364364624023
247,5,"(2, 3)",7.2286787033081055,5,2.2286787033081055
247,5,"(1, 2)",7.0181474685668945,8,0.9818525314331055
247,5,"(3, 4)",8.611538887023926,8,0.6115388870239258
247,5,"(0, 1)",8.518087387084961,7,1.518087387084961
247,7,"(2, 3)",6.798985958099365,3,3.7989859580993652
247,7,"(1, 2)",5.805508613586426,4,1.8055086135864258
247,7,"(3, 4)",6.783463954925537,5,1.783463954925537
247,10,"(2, 3)",1.913079857826233,1,0.9130798578262329
247,10,"(1, 2)",1.9551371335983276,1,0.9551371335983276
248,2,"(2, 3)",4.622355937957764,9,4.377644062042236
248,2,"(3, 4)",3.2783875465393066,5,1.7216124534606934
248,3,"(0, 1)",5.940126419067383,7,1.0598735809326172
248,3,"(1, 2)",8.460537910461426,7,1.4605379104614258
248,3,"(2, 3)",8.37241268157959,9,0.6275873184204102
248,3,"(3, 4)",5.890993595123291,5,0.890993595123291
248,5,"(2, 3)",3.037886142730713,5,1.962113857269287
248,5,"(1, 2)",1.9371215105056763,4,2.0628784894943237
248,5,"(3, 4)",1.8792953491210938,3,1.1207046508789062
248,6,"(0, 1)",2.1755566596984863,2,0.17555665969848633
248,6,"(1, 2)",3.114978790283203,3,0.11497879028320312
248,6,"(2, 3)",3.1592864990234375,3,0.1592864990234375
248,6,"(3, 4)",2.1576647758483887,2,0.15766477584838867
249,1,"(2, 3)",11.88747501373291,4,7.88747501373291
249,1,"(1, 2)",12.544388771057129,5,7.544388771057129
249,1,"(0, 1)",13.527729988098145,6,7.5277299880981445
249,2,"(2, 3)",10.232075691223145,5,5.2320756912231445
249,2,"(3, 4)",11.20005989074707,3,8.20005989074707
249,5,"(2, 3)",6.894750595092773,6,0.8947505950927734
249,5,"(1, 2)",6.997690200805664,5,1.997690200805664
249,8,"(0, 1)",5.079785346984863,7,1.9202146530151367
249,8,"(1, 2)",3.586015224456787,5,1.413984775543213
249,10,"(2, 3)",3.9289016723632812,5,1.0710983276367188
249,10,"(1, 2)",2.8324618339538574,4,1.1675381660461426
249,10,"(3, 4)",2.746033191680908,5,2.253966808319092
249,11,"(0, 1)",2.8196921348571777,4,1.1803078651428223
249,11,"(1, 2)",3.029188632965088,3,0.02918863296508789
249,11,"(2, 3)",2.0920777320861816,3,0.9079222679138184
249,12,"(2, 3)",2.1914608478546143,2,0.19146084785461426
249,12,"(1, 2)",1.118086814880371,1,0.1180868148803711
249,12,"(3, 4)",1.1697611808776855,1,0.16976118087768555
250,1,"(0, 1)",16.029476165771484,9,7.029476165771484
250,1,"(1, 2)",15.064079284667969,10,5.064079284667969
250,1,"(2, 3)",14.507065773010254,4,10.507065773010254
250,2,"(0, 1)",15.863112449645996,9,6.863112449645996
250,2,"(1, 2)",14.360617637634277,10,4.360617637634277
250,2,"(2, 3)",13.887320518493652,3,10.887320518493652
250,3,"(2, 3)",12.593755722045898,3,9.593755722045898
250,3,"(3, 4)",10.525713920593262,6,4.525713920593262
250,5,"(2, 3)",10.711304664611816,7,3.7113046646118164
250,5,"(3, 4)",8.749608993530273,8,0.7496089935302734
250,6,"(2, 3)",10.151211738586426,8,2.151211738586426
250,6,"(1, 2)",10.121336936950684,8,2.1213369369506836
250,7,"(2, 3)",9.86014175415039,8,1.8601417541503906
250,7,"(1, 2)",8.655906677246094,9,0.34409332275390625
250,7,"(3, 4)",9.186542510986328,7,2.186542510986328
250,8,"(2, 3)",7.638619899749756,7,0.6386198997497559
250,8,"(3, 4)",6.013947486877441,6,0.013947486877441406
250,9,"(0, 1)",8.394577980041504,6,2.394577980041504
250,9,"(1, 2)",7.553671360015869,8,0.44632863998413086
250,9,"(2, 3)",6.798479080200195,7,0.2015209197998047
250,10,"(2, 3)",6.277107238769531,6,0.27710723876953125
250,10,"(1, 2)",6.059927463531494,6,0.05992746353149414
250,10,"(3, 4)",7.1571574211120605,3,4.1571574211120605
250,10,"(0, 1)",6.881566047668457,5,1.881566047668457
250,15,"(2, 3)",0.08881738781929016,0,0.08881738781929016
250,15,"(3, 4)",0.03796178102493286,0,0.03796178102493286
251,1,"(2, 3)",12.028800010681152,9,3.0288000106811523
251,1,"(1, 2)",12.26879596710205,7,5.268795967102051
251,3,"(2, 3)",12.993351936340332,8,4.993351936340332
251,3,"(1, 2)",12.827874183654785,9,3.827874183654785
251,3,"(3, 4)",11.833296775817871,10,1.833296775817871
251,3,"(0, 1)",11.853761672973633,9,2.853761672973633
251,4,"(0, 1)",10.235922813415527,8,2.2359228134155273
251,4,"(1, 2)",8.98432445526123,8,0.9843244552612305
251,5,"(2, 3)",9.517060279846191,5,4.517060279846191
251,5,"(1, 2)",8.93738079071045,10,1.0626192092895508
251,5,"(3, 4)",11.116787910461426,13,1.8832120895385742
251,7,"(2, 3)",7.778267860412598,6,1.7782678604125977
251,7,"(1, 2)",8.985852241516113,11,2.0141477584838867
251,7,"(0, 1)",6.128940582275391,10,3.8710594177246094
251,8,"(2, 3)",5.104586601257324,5,0.10458660125732422
251,8,"(1, 2)",5.115095138549805,9,3.8849048614501953
251,9,"(2, 3)",2.370084762573242,5,2.629915237426758
251,9,"(3, 4)",6.248018264770508,10,3.751981735229492
251,10,"(0, 1)",3.3727149963378906,6,2.6272850036621094
251,10,"(1, 2)",5.5381879806518555,7,1.4618120193481445
251,10,"(2, 3)",4.222002983093262,5,0.7779970169067383
251,11,"(2, 3)",2.997753143310547,4,1.0022468566894531
251,11,"(1, 2)",4.041967391967773,5,0.9580326080322266
251,11,"(0, 1)",2.817103862762451,5,2.182896137237549
251,12,"(2, 3)",3.37453031539917,3,0.3745303153991699
251,12,"(1, 2)",3.2578630447387695,3,0.25786304473876953
251,12,"(3, 4)",3.1704554557800293,4,0.8295445442199707
251,12,"(0, 1)",3.1056132316589355,4,0.8943867683410645
251,13,"(2, 3)",0.10538852214813232,0,0.10538852214813232
251,13,"(1, 2)",0.07311448454856873,0,0.07311448454856873
252,1,"(2, 3)",11.033614158630371,9,2.033614158630371
252,1,"(1, 2)",10.9611177444458,8,2.961117744445801
252,1,"(3, 4)",11.846900939941406,9,2.8469009399414062
252,1,"(0, 1)",11.781476974487305,7,4.781476974487305
252,4,"(0, 1)",6.77054500579834,7,0.22945499420166016
252,4,"(1, 2)",7.545266628265381,8,0.45473337173461914
252,5,"(2, 3)",7.683925628662109,5,2.6839256286621094
252,5,"(1, 2)",7.623595237731934,10,2.3764047622680664
252,7,"(2, 3)",6.809542179107666,5,1.809542179107666
252,7,"(1, 2)",6.653924465179443,9,2.3460755348205566
252,7,"(3, 4)",5.84716796875,5,0.84716796875
252,7,"(0, 1)",5.900465965270996,6,0.0995340347290039
252,8,"(0, 1)",6.122147560119629,4,2.122147560119629
252,8,"(1, 2)",4.823310375213623,6,1.176689624786377
252,8,"(2, 3)",4.217920303344727,2,2.2179203033447266
252,10,"(2, 3)",0.4943672716617584,0,0.4943672716617584
252,10,"(3, 4)",0.1475151777267456,0,0.1475151777267456
252,11,"(2, 3)",0.11587792634963989,0,0.11587792634963989
252,11,"(3, 4)",0.1558062583208084,0,0.1558062583208084
253,1,"(2, 3)",6.938981056213379,4,2.938981056213379
253,1,"(1, 2)",7.275883674621582,4,3.275883674621582
253,7,"(2, 3)",3.117187023162842,3,0.1171870231628418
253,7,"(1, 2)",3.953200340270996,2,1.953200340270996
253,7,"(0, 1)",3.6268301010131836,2,1.6268301010131836
254,1,"(2, 3)",11.395735740661621,8,3.395735740661621
254,1,"(3, 4)",11.959859848022461,6,5.959859848022461
254,2,"(2, 3)",13.331215858459473,10,3.3312158584594727
254,2,"(1, 2)",12.274724006652832,7,5.274724006652832
254,2,"(3, 4)",10.366951942443848,7,3.3669519424438477
254,5,"(2, 3)",9.808804512023926,14,4.191195487976074
254,5,"(1, 2)",8.555889129638672,11,2.444110870361328
254,5,"(3, 4)",7.32176399230957,10,2.6782360076904297
254,6,"(2, 3)",6.77079963684082,12,5.22920036315918
254,6,"(1, 2)",6.837125778198242,10,3.162874221801758
254,7,"(0, 1)",7.170557975769043,12,4.829442024230957
254,7,"(1, 2)",9.160521507263184,10,0.8394784927368164
254,7,"(2, 3)",9.121222496032715,12,2.878777503967285
254,7,"(3, 4)",7.208258152008057,9,1.7917418479919434
254,8,"(2, 3)",6.137328147888184,9,2.8626718521118164
254,8,"(1, 2)",4.961518287658691,7,2.0384817123413086
254,8,"(3, 4)",4.5507965087890625,7,2.4492034912109375
254,9,"(0, 1)",4.920997619628906,7,2.0790023803710938
254,9,"(1, 2)",5.566641807556152,6,0.43335819244384766
254,9,"(2, 3)",5.518790245056152,7,1.4812097549438477
254,9,"(3, 4)",4.9504218101501465,6,1.0495781898498535
254,11,"(0, 1)",3.1936464309692383,4,0.8063535690307617
254,11,"(1, 2)",3.336512565612793,3,0.33651256561279297
254,11,"(2, 3)",3.2583885192871094,3,0.2583885192871094
254,11,"(3, 4)",3.083588123321533,4,0.9164118766784668
254,12,"(2, 3)",0.1495564579963684,0,0.1495564579963684
254,12,"(1, 2)",0.1323675811290741,0,0.1323675811290741
255,2,"(2, 3)",13.251274108886719,6,7.251274108886719
255,2,"(1, 2)",13.341001510620117,8,5.341001510620117
255,4,"(0, 1)",9.778417587280273,5,4.778417587280273
255,4,"(1, 2)",11.311419486999512,10,1.3114194869995117
255,4,"(2, 3)",10.090055465698242,10,0.09005546569824219
255,5,"(0, 1)",7.6364545822143555,4,3.6364545822143555
255,5,"(1, 2)",8.595626831054688,9,0.4043731689453125
255,6,"(0, 1)",9.477838516235352,6,3.4778385162353516
255,6,"(1, 2)",11.632952690124512,12,0.3670473098754883
255,6,"(2, 3)",11.64293384552002,10,1.6429338455200195
255,6,"(3, 4)",9.450324058532715,8,1.4503240585327148
255,10,"(0, 1)",5.940126419067383,5,0.9401264190673828
255,10,"(1, 2)",8.460537910461426,9,0.5394620895385742
255,10,"(2, 3)",8.37241268157959,6,2.37241268157959
255,10,"(3, 4)",5.890993595123291,4,1.890993595123291
255,12,"(0, 1)",3.060983180999756,3,0.06098318099975586
255,12,"(1, 2)",4.071023464202881,5,0.9289765357971191
255,12,"(2, 3)",4.199753284454346,3,1.1997532844543457
255,12,"(3, 4)",3.0778069496154785,2,1.0778069496154785
255,13,"(2, 3)",0.08881738781929016,0,0.08881738781929016
255,13,"(3, 4)",0.03796178102493286,0,0.03796178102493286
256,1,"(0, 1)",12.68372631072998,6,6.6837263107299805
256,1,"(1, 2)",12.955071449279785,9,3.955071449279785
256,1,"(2, 3)",12.995329856872559,10,2.9953298568725586
256,1,"(3, 4)",12.53705883026123,12,0.5370588302612305
256,2,"(2, 3)",11.600547790527344,7,4.600547790527344
256,2,"(1, 2)",12.688027381896973,6,6.688027381896973
256,2,"(0, 1)",10.41307544708252,6,4.4130754470825195
256,4,"(0, 1)",8.51477336883545,4,4.514773368835449
256,4,"(1, 2)",10.479328155517578,4,6.479328155517578
256,4,"(2, 3)",9.198291778564453,9,0.19829177856445312
256,5,"(2, 3)",8.071660995483398,8,0.07166099548339844
256,5,"(1, 2)",9.11317253112793,2,7.11317253112793
256,5,"(0, 1)",7.857630729675293,5,2.857630729675293
256,7,"(0, 1)",5.143353462219238,7,1.8566465377807617
256,7,"(1, 2)",5.540412902832031,1,4.540412902832031
256,8,"(2, 3)",4.250181674957275,6,1.7498183250427246
256,8,"(1, 2)",4.1949028968811035,1,3.1949028968811035
256,9,"(0, 1)",3.6277332305908203,5,1.3722667694091797
256,9,"(1, 2)",3.22183895111084,1,2.22183895111084
256,10,"(0, 1)",3.454214096069336,5,1.545785903930664
256,10,"(1, 2)",0.6695266366004944,1,0.3304733633995056
256,11,"(2, 3)",0.9964230060577393,2,1.0035769939422607
256,11,"(1, 2)",1.0608856678009033,1,0.06088566780090332
256,12,"(2, 3)",2.1914608478546143,2,0.19146084785461426
256,12,"(1, 2)",1.118086814880371,1,0.1180868148803711
256,12,"(3, 4)",1.1697611808776855,1,0.16976118087768555
257,2,"(0, 1)",11.1405611038208,4,7.140561103820801
257,2,"(1, 2)",8.238173484802246,3,5.238173484802246
257,3,"(0, 1)",10.885878562927246,4,6.885878562927246
257,3,"(1, 2)",6.082406520843506,3,3.082406520843506
257,4,"(2, 3)",9.066368103027344,9,0.06636810302734375
257,4,"(1, 2)",7.938305854797363,3,4.938305854797363
257,4,"(3, 4)",7.763460159301758,5,2.763460159301758
257,5,"(0, 1)",6.855902671813965,4,2.855902671813965
257,5,"(1, 2)",8.061217308044434,3,5.061217308044434
257,5,"(2, 3)",6.890990257263184,9,2.1090097427368164
257,6,"(0, 1)",7.401578903198242,3,4.401578903198242
257,6,"(1, 2)",2.416171073913574,1,1.4161710739135742
257,11,"(2, 3)",2.1914608478546143,2,0.19146084785461426
257,11,"(1, 2)",1.118086814880371,1,0.1180868148803711
257,11,"(3, 4)",1.1697611808776855,1,0.16976118087768555
258,2,"(0, 1)",11.575304985046387,3,8.575304985046387
258,2,"(1, 2)",10.368243217468262,6,4.368243217468262
258,2,"(2, 3)",9.668058395385742,5,4.668058395385742
258,4,"(2, 3)",7.5737409591674805,7,0.5737409591674805
258,4,"(3, 4)",6.7910895347595215,4,2.7910895347595215
258,5,"(0, 1)",8.09097671508789,7,1.0909767150878906
258,5,"(1, 2)",5.320644855499268,4,1.3206448554992676
258,9,"(2, 3)",4.597454071044922,5,0.4025459289550781
258,9,"(1, 2)",3.598689556121826,2,1.5986895561218262
258,9,"(3, 4)",2.291966199874878,2,0.29196619987487793
258,10,"(2, 3)",3.037886142730713,3,0.03788614273071289
258,10,"(1, 2)",1.9371215105056763,1,0.9371215105056763
258,10,"(3, 4)",1.8792953491210938,1,0.8792953491210938
259,5,"(2, 3)",16.953996658325195,11,5.953996658325195
259,5,"(1, 2)",16.658315658569336,13,3.658315658569336
259,5,"(3, 4)",13.629944801330566,6,7.629944801330566
259,5,"(0, 1)",13.264679908752441,9,4.264679908752441
259,6,"(2, 3)",8.874846458435059,8,0.8748464584350586
259,6,"(3, 4)",6.027154922485352,4,2.0271549224853516
259,8,"(2, 3)",7.473530292510986,12,4.526469707489014
259,8,"(3, 4)",5.300030708312988,7,1.6999692916870117
259,9,"(0, 1)",9.162861824035645,7,2.1628618240356445
259,9,"(1, 2)",11.98027515411377,12,0.01972484588623047
259,9,"(2, 3)",12.049901008605957,12,0.04990100860595703
259,9,"(3, 4)",8.944439888000488,8,0.9444398880004883
259,10,"(2, 3)",9.261338233947754,9,0.2613382339477539
259,10,"(1, 2)",8.996150016784668,9,0.0038499832153320312
259,10,"(3, 4)",7.126640796661377,6,1.126640796661377
259,10,"(0, 1)",7.2549662590026855,5,2.2549662590026855
259,12,"(2, 3)",3.5960144996643066,5,1.4039855003356934
259,12,"(3, 4)",2.552830696105957,4,1.447169303894043
259,13,"(0, 1)",1.815494179725647,2,0.18450582027435303
259,13,"(1, 2)",2.5871615409851074,4,1.4128384590148926
259,14,"(2, 3)",3.37453031539917,3,0.3745303153991699
259,14,"(1, 2)",3.2578630447387695,4,0.7421369552612305
259,14,"(3, 4)",3.1704554557800293,3,0.1704554557800293
259,14,"(0, 1)",3.1056132316589355,2,1.1056132316589355
260,3,"(2, 3)",7.597212791442871,5,2.597212791442871
260,3,"(1, 2)",7.778948783874512,6,1.7789487838745117
260,5,"(0, 1)",3.2620530128479004,4,0.7379469871520996
260,5,"(1, 2)",4.6276373863220215,6,1.3723626136779785
260,6,"(2, 3)",3.6220531463623047,2,1.6220531463623047
260,6,"(3, 4)",2.423583984375,3,0.576416015625
260,7,"(2, 3)",3.390082836151123,2,1.390082836151123
260,7,"(1, 2)",3.84175968170166,4,0.15824031829833984
260,7,"(0, 1)",4.48633337020874,3,1.4863333702087402
260,8,"(2, 3)",1.423596739768982,1,0.42359673976898193
260,8,"(3, 4)",0.899305522441864,0,0.899305522441864
261,3,"(0, 1)",12.081759452819824,3,9.081759452819824
261,3,"(1, 2)",13.081533432006836,8,5.081533432006836
261,3,"(2, 3)",12.045172691345215,4,8.045172691345215
261,4,"(2, 3)",10.742772102355957,3,7.742772102355957
261,4,"(3, 4)",9.466901779174805,5,4.466901779174805
261,5,"(0, 1)",10.49146556854248,4,6.4914655685424805
261,5,"(1, 2)",9.136385917663574,6,3.136385917663574
261,6,"(2, 3)",8.384963035583496,3,5.384963035583496
261,6,"(3, 4)",8.21608829498291,5,3.21608829498291
261,10,"(2, 3)",4.250181674957275,4,0.2501816749572754
261,10,"(1, 2)",4.1949028968811035,7,2.8050971031188965
261,11,"(2, 3)",2.292062759399414,4,1.707937240600586
261,11,"(3, 4)",4.444754600524902,7,2.5552453994750977
261,12,"(2, 3)",3.8152871131896973,4,0.18471288681030273
261,12,"(1, 2)",3.347799301147461,5,1.652200698852539
261,12,"(3, 4)",4.442571640014648,7,2.5574283599853516
261,13,"(2, 3)",2.688086986541748,2,0.688086986541748
261,13,"(1, 2)",3.631716728210449,4,0.3682832717895508
261,13,"(0, 1)",1.422981858253479,2,0.577018141746521
261,14,"(0, 1)",1.1439096927642822,1,0.14390969276428223
261,14,"(1, 2)",2.0451745986938477,2,0.045174598693847656
261,14,"(2, 3)",1.0560410022735596,1,0.05604100227355957
262,5,"(2, 3)",6.809542179107666,7,0.19045782089233398
262,5,"(1, 2)",6.653924465179443,6,0.6539244651794434
262,5,"(3, 4)",5.84716796875,8,2.15283203125
262,5,"(0, 1)",5.900465965270996,8,2.099534034729004
262,6,"(2, 3)",4.883207321166992,4,0.8832073211669922
262,6,"(1, 2)",3.917814254760742,3,0.9178142547607422
262,6,"(3, 4)",4.27088737487793,6,1.7291126251220703
262,7,"(2, 3)",1.826266884803772,2,0.17373311519622803
262,7,"(1, 2)",1.9026387929916382,2,0.09736120700836182
262,8,"(2, 3)",2.019472122192383,2,0.019472122192382812
262,8,"(1, 2)",3.068838596343994,2,1.0688385963439941
262,8,"(0, 1)",1.9996460676193237,1,0.9996460676193237
263,1,"(2, 3)",13.558201789855957,9,4.558201789855957
263,1,"(1, 2)",13.604849815368652,8,5.604849815368652
263,3,"(2, 3)",14.180354118347168,10,4.180354118347168
263,3,"(1, 2)",14.01186466217041,8,6.01186466217041
263,3,"(3, 4)",12.911532402038574,9,3.911532402038574
263,3,"(0, 1)",12.94896125793457,8,4.94896125793457
263,4,"(2, 3)",10.900678634643555,8,2.9006786346435547
263,4,"(1, 2)",11.556280136108398,5,6.556280136108398
263,4,"(0, 1)",12.71408748626709,7,5.71408748626709
263,5,"(0, 1)",10.755112648010254,6,4.755112648010254
263,5,"(1, 2)",10.56412410736084,3,7.56412410736084
263,5,"(2, 3)",10.636677742004395,9,1.6366777420043945
263,5,"(3, 4)",10.660698890686035,5,5.660698890686035
263,6,"(2, 3)",8.487187385559082,8,0.48718738555908203
263,6,"(1, 2)",8.533904075622559,1,7.533904075622559
263,11,"(0, 1)",3.6277332305908203,4,0.3722667694091797
263,11,"(1, 2)",3.22183895111084,4,0.7781610488891602
263,12,"(2, 3)",3.9289016723632812,2,1.9289016723632812
263,12,"(1, 2)",2.8324618339538574,4,1.1675381660461426
263,12,"(3, 4)",2.746033191680908,1,1.7460331916809082
263,14,"(2, 3)",0.11587792634963989,0,0.11587792634963989
263,14,"(3, 4)",0.1558062583208084,0,0.1558062583208084
264,1,"(0, 1)",9.83615779876709,7,2.83615779876709
264,1,"(1, 2)",9.477389335632324,9,0.4773893356323242
264,1,"(2, 3)",9.478570938110352,7,2.4785709381103516
264,1,"(3, 4)",9.740504264831543,5,4.740504264831543
264,2,"(2, 3)",7.996733665466309,5,2.9967336654663086
264,2,"(1, 2)",8.528055191040039,6,2.528055191040039
264,2,"(0, 1)",10.289685249328613,5,5.289685249328613
264,4,"(2, 3)",5.5231170654296875,3,2.5231170654296875
264,4,"(3, 4)",3.3070998191833496,1,2.3070998191833496
264,6,"(2, 3)",3.6220531463623047,2,1.6220531463623047
264,6,"(3, 4)",2.423583984375,1,1.423583984375
265,3,"(2, 3)",6.959690093994141,3,3.9596900939941406
265,3,"(1, 2)",5.828207015991211,6,0.17179298400878906
265,3,"(3, 4)",5.896261215209961,4,1.896261215209961
265,4,"(2, 3)",4.590634822845459,1,3.590634822845459
265,4,"(3, 4)",3.419203758239746,3,0.4192037582397461
265,6,"(2, 3)",1.92447829246521,0,1.92447829246521
265,6,"(3, 4)",2.454610824584961,3,0.5453891754150391
265,7,"(2, 3)",1.1089022159576416,0,1.1089022159576416
265,7,"(1, 2)",1.0875858068466187,1,0.08758580684661865
266,2,"(2, 3)",3.6144838333129883,3,0.6144838333129883
266,2,"(1, 2)",3.820756435394287,3,0.8207564353942871
266,4,"(2, 3)",2.7410683631896973,3,0.25893163681030273
266,4,"(1, 2)",2.8667397499084473,2,0.8667397499084473
266,5,"(2, 3)",4.0126471519470215,3,1.0126471519470215
266,5,"(1, 2)",2.883108615875244,2,0.8831086158752441
266,5,"(3, 4)",2.704106330871582,1,1.704106330871582
267,2,"(2, 3)",8.588346481323242,7,1.5883464813232422
267,2,"(1, 2)",8.880805969238281,2,6.880805969238281
267,3,"(0, 1)",9.76833438873291,5,4.76833438873291
267,3,"(1, 2)",7.94874382019043,3,4.94874382019043
267,4,"(2, 3)",6.921908378601074,8,1.0780916213989258
267,4,"(1, 2)",6.905810356140137,6,0.9058103561401367
267,5,"(2, 3)",7.53115177154541,8,0.46884822845458984
267,5,"(1, 2)",6.75938606262207,6,0.7593860626220703
267,5,"(3, 4)",8.376522064208984,8,0.3765220642089844
267,6,"(0, 1)",5.892560005187988,4,1.8925600051879883
267,6,"(1, 2)",4.923517227172852,5,0.07648277282714844
267,10,"(0, 1)",3.1936464309692383,4,0.8063535690307617
267,10,"(1, 2)",3.336512565612793,3,0.33651256561279297
267,10,"(2, 3)",3.2583885192871094,3,0.2583885192871094
267,10,"(3, 4)",3.083588123321533,4,0.9164118766784668
267,11,"(2, 3)",0.1495564579963684,0,0.1495564579963684
267,11,"(1, 2)",0.1323675811290741,0,0.1323675811290741
268,2,"(2, 3)",13.558201789855957,10,3.558201789855957
268,2,"(1, 2)",13.604849815368652,8,5.604849815368652
268,3,"(0, 1)",13.723916053771973,10,3.7239160537719727
268,3,"(1, 2)",14.158865928649902,11,3.1588659286499023
268,3,"(2, 3)",14.20767879486084,13,1.2076787948608398
268,3,"(3, 4)",13.561137199401855,7,6.5611371994018555
268,6,"(0, 1)",11.010266304016113,10,1.0102663040161133
268,6,"(1, 2)",9.9739990234375,7,2.9739990234375
268,6,"(2, 3)",9.793517112731934,12,2.2064828872680664
268,6,"(3, 4)",10.861136436462402,8,2.8611364364624023
268,8,"(2, 3)",8.829998970031738,10,1.1700010299682617
268,8,"(1, 2)",7.819191932678223,4,3.8191919326782227
268,8,"(3, 4)",8.464743614196777,6,2.4647436141967773
268,9,"(0, 1)",8.087814331054688,6,2.0878143310546875
268,9,"(1, 2)",6.7118425369262695,4,2.7118425369262695
268,9,"(2, 3)",6.46087646484375,8,1.53912353515625
268,9,"(3, 4)",7.867902755737305,6,1.8679027557373047
268,11,"(0, 1)",4.146764755249023,4,0.14676475524902344
268,11,"(1, 2)",4.319755554199219,1,3.3197555541992188
268,12,"(2, 3)",2.7121200561523438,2,0.7121200561523438
268,12,"(1, 2)",2.749825954437256,1,1.7498259544372559
269,1,"(2, 3)",10.975760459899902,8,2.9757604598999023
269,1,"(1, 2)",10.957927703857422,3,7.957927703857422
269,2,"(0, 1)",10.49146556854248,7,3.4914655685424805
269,2,"(1, 2)",9.136385917663574,4,5.136385917663574
269,4,"(2, 3)",9.066368103027344,9,0.06636810302734375
269,4,"(1, 2)",7.938305854797363,7,0.9383058547973633
269,4,"(3, 4)",7.763460159301758,5,2.763460159301758
269,7,"(2, 3)",6.036665916442871,8,1.963334083557129
269,7,"(1, 2)",4.805319786071777,5,0.19468021392822266
269,7,"(3, 4)",5.151089668273926,4,1.1510896682739258
269,9,"(0, 1)",3.9896340370178223,2,1.9896340370178223
269,9,"(1, 2)",5.229698657989502,3,2.229698657989502
269,9,"(2, 3)",5.357064247131348,6,0.6429357528686523
269,9,"(3, 4)",4.013250827789307,3,1.0132508277893066
269,11,"(0, 1)",0.2059890180826187,0,0.2059890180826187
269,11,"(1, 2)",0.17118015885353088,0,0.17118015885353088
270,4,"(2, 3)",1.7980268001556396,0,1.7980268001556396
270,4,"(1, 2)",1.9640203714370728,2,0.035979628562927246
270,5,"(2, 3)",1.826266884803772,0,1.826266884803772
270,5,"(1, 2)",1.9026387929916382,2,0.09736120700836182
271,1,"(0, 1)",10.885878562927246,7,3.885878562927246
271,1,"(1, 2)",6.082406520843506,6,0.08240652084350586
271,2,"(2, 3)",5.380751609802246,5,0.3807516098022461
271,2,"(1, 2)",5.313582420349121,6,0.6864175796508789
271,3,"(0, 1)",7.835050582885742,10,2.164949417114258
271,3,"(1, 2)",8.05457878112793,7,1.0545787811279297
271,3,"(2, 3)",8.109589576721191,7,1.1095895767211914
271,3,"(3, 4)",7.700558662414551,10,2.299441337585449
271,4,"(0, 1)",5.971114158630371,8,2.028885841369629
271,4,"(1, 2)",6.997838020324707,4,2.997838020324707
271,4,"(2, 3)",5.842552185058594,4,1.8425521850585938
271,5,"(2, 3)",2.800448417663574,3,0.19955158233642578
271,5,"(1, 2)",2.900038719177246,2,0.9000387191772461
271,8,"(2, 3)",1.1089022159576416,2,0.8910977840423584
271,8,"(1, 2)",1.0875858068466187,1,0.08758580684661865
271,9,"(2, 3)",2.0406453609466553,2,0.04064536094665527
271,9,"(1, 2)",1.0231412649154663,1,0.02314126491546631
271,9,"(3, 4)",1.119098424911499,1,0.11909842491149902
272,1,"(2, 3)",5.971348762512207,2,3.971348762512207
272,1,"(1, 2)",6.013814926147461,9,2.986185073852539
272,5,"(2, 3)",2.997753143310547,2,0.9977531433105469
272,5,"(1, 2)",4.041967391967773,6,1.9580326080322266
272,5,"(0, 1)",2.817103862762451,3,0.18289613723754883
272,6,"(2, 3)",0.6738706827163696,1,0.32612931728363037
272,6,"(3, 4)",2.021514892578125,3,0.978485107421875
272,7,"(2, 3)",1.2012345790863037,1,0.2012345790863037
272,7,"(1, 2)",2.191760540008545,2,0.19176054000854492
272,7,"(0, 1)",1.261260986328125,1,0.261260986328125
273,1,"(2, 3)",5.244051933288574,4,1.2440519332885742
273,1,"(3, 4)",3.173264503479004,6,2.826735496520996
273,2,"(2, 3)",4.622355937957764,4,0.6223559379577637
273,2,"(3, 4)",3.2783875465393066,6,2.7216124534606934
273,3,"(2, 3)",4.020424842834473,4,0.020424842834472656
273,3,"(1, 2)",4.911376953125,8,3.088623046875
273,3,"(0, 1)",4.369647026062012,4,0.3696470260620117
273,4,"(2, 3)",4.408070087432861,3,1.4080700874328613
273,4,"(1, 2)",4.383500099182129,6,1.616499900817871
273,4,"(3, 4)",3.941653251647949,3,0.9416532516479492
273,4,"(0, 1)",4.1311116218566895,3,1.1311116218566895
273,5,"(2, 3)",1.47701096534729,0,1.47701096534729
273,5,"(3, 4)",0.6959632039070129,1,0.30403679609298706
274,2,"(0, 1)",8.425436973571777,6,2.4254369735717773
274,2,"(1, 2)",10.99317741394043,11,0.0068225860595703125
274,2,"(2, 3)",9.673148155212402,11,1.3268518447875977
274,5,"(2, 3)",6.303560256958008,10,3.696439743041992
274,5,"(1, 2)",7.246899127960205,9,1.753100872039795
274,5,"(0, 1)",5.585883140563965,5,0.5858831405639648
274,6,"(0, 1)",4.146764755249023,4,0.14676475524902344
274,6,"(1, 2)",4.319755554199219,7,2.6802444458007812
274,7,"(0, 1)",4.989403247833252,4,0.989403247833252
274,7,"(1, 2)",6.492134094238281,7,0.5078659057617188
274,7,"(2, 3)",6.622872352600098,7,0.37712764739990234
274,7,"(3, 4)",5.017249584197998,5,0.017249584197998047
274,8,"(0, 1)",3.9701313972473145,2,1.9701313972473145
274,8,"(1, 2)",4.3833160400390625,4,0.3833160400390625
274,8,"(2, 3)",4.390702247619629,4,0.3907022476196289
274,8,"(3, 4)",4.086543083190918,3,1.086543083190918
275,1,"(2, 3)",5.0508527755737305,3,2.0508527755737305
275,1,"(1, 2)",5.085346221923828,7,1.9146537780761719
275,2,"(2, 3)",5.179043292999268,3,2.1790432929992676
275,2,"(1, 2)",5.038026809692383,7,1.9619731903076172
275,3,"(2, 3)",3.1012210845947266,3,0.10122108459472656
275,3,"(3, 4)",3.295417308807373,3,0.29541730880737305
275,6,"(2, 3)",3.22540283203125,3,0.22540283203125
275,6,"(1, 2)",3.1362929344177246,3,0.1362929344177246
275,6,"(3, 4)",2.1646342277526855,2,0.16463422775268555
275,6,"(0, 1)",2.1921372413635254,2,0.1921372413635254
276,4,"(2, 3)",3.168769359588623,3,0.16876935958862305
276,4,"(3, 4)",3.567265033721924,3,0.5672650337219238
276,6,"(2, 3)",1.6790410280227661,2,0.3209589719772339
276,6,"(1, 2)",1.8677312135696411,0,1.8677312135696411
276,7,"(0, 1)",0.06365779042243958,0,0.06365779042243958
276,7,"(1, 2)",0.05576014518737793,0,0.05576014518737793
277,2,"(2, 3)",10.975760459899902,9,1.9757604598999023
277,2,"(1, 2)",10.957927703857422,2,8.957927703857422
277,5,"(2, 3)",8.830648422241211,10,1.169351577758789
277,5,"(1, 2)",10.01027774810791,6,4.01027774810791
277,5,"(0, 1)",7.14089298248291,4,3.14089298248291
277,6,"(0, 1)",3.512326717376709,3,0.512326717376709
277,6,"(1, 2)",5.853204727172852,5,0.8532047271728516
277,7,"(0, 1)",3.1838622093200684,3,0.18386220932006836
277,7,"(1, 2)",5.222713947296143,5,0.22271394729614258
277,8,"(0, 1)",3.2620530128479004,3,0.2620530128479004
277,8,"(1, 2)",4.6276373863220215,5,0.3723626136779785
277,9,"(0, 1)",3.7218189239501953,3,0.7218189239501953
277,9,"(1, 2)",5.015313625335693,5,0.01531362533569336
277,9,"(2, 3)",3.8918075561523438,3,0.8918075561523438
277,11,"(2, 3)",2.019472122192383,1,1.0194721221923828
277,11,"(1, 2)",3.068838596343994,3,0.06883859634399414
277,11,"(0, 1)",1.9996460676193237,1,0.9996460676193237
278,3,"(0, 1)",12.024247169494629,7,5.024247169494629
278,3,"(1, 2)",12.849508285522461,6,6.849508285522461
278,4,"(0, 1)",12.011311531066895,7,5.0113115310668945
278,4,"(1, 2)",11.397998809814453,7,4.397998809814453
278,6,"(2, 3)",10.946825981140137,3,7.946825981140137
278,6,"(1, 2)",9.81075382232666,8,1.8107538223266602
278,6,"(3, 4)",10.088248252868652,8,2.0882482528686523
278,7,"(2, 3)",7.816009998321533,4,3.816009998321533
278,7,"(3, 4)",9.38245964050293,9,0.3824596405029297
278,8,"(0, 1)",7.819833755493164,9,1.180166244506836
278,8,"(1, 2)",9.1439847946167,10,0.8560152053833008
278,8,"(2, 3)",7.964008331298828,5,2.964008331298828
278,9,"(2, 3)",6.77079963684082,4,2.7707996368408203
278,9,"(1, 2)",6.837125778198242,10,3.162874221801758
278,11,"(2, 3)",5.874373435974121,4,1.874373435974121
278,11,"(1, 2)",5.841843605041504,9,3.158156394958496
278,12,"(2, 3)",3.5960144996643066,4,0.40398550033569336
278,12,"(3, 4)",2.552830696105957,5,2.447169303894043
278,13,"(2, 3)",5.355978965759277,4,1.3559789657592773
278,13,"(1, 2)",5.258388519287109,7,1.7416114807128906
278,13,"(3, 4)",3.9405899047851562,5,1.0594100952148438
278,13,"(0, 1)",4.071536540985107,4,0.07153654098510742
278,14,"(2, 3)",2.209432601928711,1,1.209432601928711
278,14,"(1, 2)",3.0739378929138184,4,0.9260621070861816
278,14,"(0, 1)",2.8330421447753906,2,0.8330421447753906
278,15,"(2, 3)",0.08881738781929016,0,0.08881738781929016
278,15,"(3, 4)",0.03796178102493286,0,0.03796178102493286
279,4,"(2, 3)",5.099554061889648,2,3.0995540618896484
279,4,"(1, 2)",5.800661563873291,5,0.800661563873291
279,4,"(0, 1)",6.0358662605285645,5,1.0358662605285645
279,5,"(2, 3)",3.1012210845947266,1,2.1012210845947266
279,5,"(3, 4)",3.295417308807373,3,0.29541730880737305
279,6,"(2, 3)",1.826266884803772,1,0.826266884803772
279,6,"(1, 2)",1.9026387929916382,1,0.9026387929916382
280,3,"(2, 3)",2.7121200561523438,4,1.2878799438476562
280,3,"(1, 2)",2.749825954437256,3,0.25017404556274414
280,4,"(2, 3)",3.9445252418518066,4,0.05547475814819336
280,4,"(1, 2)",3.0378684997558594,3,0.037868499755859375
280,4,"(3, 4)",3.5288376808166504,4,0.4711623191833496
280,6,"(2, 3)",1.2012345790863037,1,0.2012345790863037
280,6,"(1, 2)",2.191760540008545,2,0.19176054000854492
280,6,"(0, 1)",1.261260986328125,1,0.261260986328125
281,2,"(2, 3)",9.315138816833496,3,6.315138816833496
281,2,"(1, 2)",9.38106632232666,9,0.38106632232666016
281,3,"(2, 3)",8.071660995483398,3,5.071660995483398
281,3,"(1, 2)",9.11317253112793,10,0.8868274688720703
281,3,"(0, 1)",7.857630729675293,4,3.857630729675293
281,4,"(2, 3)",6.5404438972473145,5,1.5404438972473145
281,4,"(3, 4)",5.935758590698242,6,0.06424140930175781
281,5,"(2, 3)",4.907638072967529,5,0.0923619270324707
281,5,"(3, 4)",5.874410629272461,6,0.12558937072753906
281,8,"(2, 3)",2.997753143310547,4,1.0022468566894531
281,8,"(1, 2)",4.041967391967773,6,1.9580326080322266
281,8,"(0, 1)",2.817103862762451,3,0.18289613723754883
281,10,"(0, 1)",2.1755566596984863,2,0.17555665969848633
281,10,"(1, 2)",3.114978790283203,3,0.11497879028320312
281,10,"(2, 3)",3.1592864990234375,3,0.1592864990234375
281,10,"(3, 4)",2.1576647758483887,2,0.15766477584838867
282,2,"(2, 3)",7.26038122177124,8,0.7396187782287598
282,2,"(3, 4)",7.450690269470215,11,3.549309730529785
282,3,"(2, 3)",7.011654376983643,8,0.9883456230163574
282,3,"(1, 2)",8.066770553588867,7,1.0667705535888672
282,3,"(0, 1)",6.903061389923096,8,1.0969386100769043
282,4,"(0, 1)",5.143353462219238,7,1.8566465377807617
282,4,"(1, 2)",5.540412902832031,5,0.5404129028320312
282,5,"(2, 3)",5.179043292999268,5,0.17904329299926758
282,5,"(1, 2)",5.038026809692383,5,0.03802680969238281
282,6,"(2, 3)",4.234788417816162,5,0.7652115821838379
282,6,"(1, 2)",4.783534049987793,5,0.21646595001220703
282,6,"(0, 1)",5.225758075714111,5,0.22575807571411133
282,7,"(0, 1)",2.4844322204589844,4,1.5155677795410156
282,7,"(1, 2)",1.9441417455673218,3,1.0558582544326782
282,8,"(2, 3)",3.037886142730713,2,1.037886142730713
282,8,"(1, 2)",1.9371215105056763,3,1.0628784894943237
282,8,"(3, 4)",1.8792953491210938,1,0.8792953491210938
282,9,"(2, 3)",0.11587792634963989,0,0.11587792634963989
282,9,"(3, 4)",0.1558062583208084,0,0.1558062583208084
283,1,"(2, 3)",15.476835250854492,8,7.476835250854492
283,1,"(1, 2)",14.189593315124512,5,9.189593315124512
283,1,"(3, 4)",13.796216011047363,8,5.796216011047363
283,2,"(2, 3)",14.11816120147705,7,7.118161201477051
283,2,"(1, 2)",12.993908882141113,4,8.993908882141113
283,2,"(3, 4)",13.03239917755127,7,6.0323991775512695
283,3,"(0, 1)",10.189484596252441,7,3.1894845962524414
283,3,"(1, 2)",11.85253620147705,6,5.852536201477051
283,4,"(2, 3)",10.275345802307129,8,2.275345802307129
283,4,"(1, 2)",10.36085033416748,6,4.3608503341674805
283,7,"(0, 1)",9.079716682434082,5,4.079716682434082
283,7,"(1, 2)",8.538101196289062,7,1.5381011962890625
283,7,"(2, 3)",7.734445571899414,8,0.26555442810058594
283,9,"(0, 1)",6.8731842041015625,6,0.8731842041015625
283,9,"(1, 2)",7.913938045501709,6,1.913938045501709
283,9,"(2, 3)",8.000801086425781,8,0.00080108642578125
283,9,"(3, 4)",6.8034772872924805,4,2.8034772872924805
283,10,"(0, 1)",4.146764755249023,4,0.14676475524902344
283,10,"(1, 2)",4.319755554199219,3,1.3197555541992188
283,14,"(2, 3)",2.1914608478546143,2,0.19146084785461426
283,14,"(1, 2)",1.118086814880371,1,0.1180868148803711
283,14,"(3, 4)",1.1697611808776855,1,0.16976118087768555
284,2,"(0, 1)",5.5568132400512695,7,1.4431867599487305
284,2,"(1, 2)",7.2040934562683105,9,1.7959065437316895
284,2,"(2, 3)",5.908778667449951,9,3.091221332550049
284,3,"(0, 1)",6.049228668212891,6,0.049228668212890625
284,3,"(1, 2)",7.830130577087402,7,0.8301305770874023
284,3,"(2, 3)",7.872501850128174,8,0.12749814987182617
284,3,"(3, 4)",6.1028947830200195,7,0.8971052169799805
284,5,"(0, 1)",2.821312427520752,4,1.178687572479248
284,5,"(1, 2)",2.0877273082733154,3,0.9122726917266846
284,6,"(2, 3)",1.8312040567398071,3,1.1687959432601929
284,6,"(1, 2)",1.636361002922058,3,1.363638997077942
284,7,"(2, 3)",3.22540283203125,3,0.22540283203125
284,7,"(1, 2)",3.1362929344177246,3,0.1362929344177246
284,7,"(3, 4)",2.1646342277526855,2,0.16463422775268555
284,7,"(0, 1)",2.1921372413635254,2,0.1921372413635254
285,3,"(2, 3)",11.163568496704102,11,0.16356849670410156
285,3,"(1, 2)",10.05021858215332,9,1.0502185821533203
285,3,"(3, 4)",9.681736946105957,9,0.681736946105957
285,4,"(0, 1)",9.19653606414795,11,1.8034639358520508
285,4,"(1, 2)",9.879130363464355,10,0.12086963653564453
285,4,"(2, 3)",8.728758811950684,10,1.2712411880493164
285,5,"(2, 3)",9.066368103027344,10,0.9336318969726562
285,5,"(1, 2)",7.938305854797363,8,0.06169414520263672
285,5,"(3, 4)",7.763460159301758,8,0.2365398406982422
285,7,"(2, 3)",6.959690093994141,8,1.0403099060058594
285,7,"(1, 2)",5.828207015991211,7,1.171792984008789
285,7,"(3, 4)",5.896261215209961,6,0.10373878479003906
285,8,"(0, 1)",5.886614799499512,4,1.8866147994995117
285,8,"(1, 2)",6.731570243835449,6,0.7315702438354492
285,8,"(2, 3)",6.736943244934082,6,0.736943244934082
285,8,"(3, 4)",5.840493679046631,5,0.8404936790466309
285,10,"(0, 1)",2.7790517807006836,1,1.7790517807006836
285,10,"(1, 2)",3.918628215789795,3,0.9186282157897949
285,10,"(2, 3)",2.905128002166748,2,0.905128002166748
286,1,"(0, 1)",6.040568828582764,3,3.0405688285827637
286,1,"(1, 2)",5.784316062927246,7,1.215683937072754
286,1,"(2, 3)",5.734234809875488,4,1.7342348098754883
286,1,"(3, 4)",5.857722282409668,4,1.857722282409668
286,4,"(2, 3)",1.47701096534729,0,1.47701096534729
286,4,"(3, 4)",0.6959632039070129,1,0.30403679609298706
287,5,"(2, 3)",14.28162670135498,12,2.2816267013549805
287,5,"(1, 2)",14.109341621398926,12,2.109341621398926
287,5,"(3, 4)",11.685805320739746,13,1.314194679260254
287,5,"(0, 1)",11.657734870910645,9,2.6577348709106445
287,6,"(2, 3)",9.47128963470459,12,2.52871036529541
287,6,"(1, 2)",10.461812019348145,12,1.5381879806518555
287,6,"(0, 1)",8.399552345275879,9,0.6004476547241211
287,7,"(0, 1)",7.484811782836914,8,0.5151882171630859
287,7,"(1, 2)",7.249300479888916,11,3.750699520111084
287,8,"(2, 3)",7.596477031707764,10,2.4035229682922363
287,8,"(1, 2)",6.954926490783691,11,4.045073509216309
287,8,"(3, 4)",8.555154800415039,10,1.444845199584961
287,10,"(2, 3)",5.133591651916504,8,2.866408348083496
287,10,"(1, 2)",6.187769889831543,9,2.812230110168457
287,10,"(0, 1)",4.6533355712890625,5,0.3466644287109375
287,11,"(2, 3)",6.616039276123047,7,0.3839607238769531
287,11,"(1, 2)",6.49327278137207,7,0.5067272186279297
287,11,"(3, 4)",4.943807601928711,5,0.05619239807128906
287,11,"(0, 1)",5.071779251098633,4,1.0717792510986328
287,12,"(0, 1)",3.9701313972473145,2,1.9701313972473145
287,12,"(1, 2)",4.3833160400390625,4,0.3833160400390625
287,12,"(2, 3)",4.390702247619629,4,0.3907022476196289
287,12,"(3, 4)",4.086543083190918,3,1.086543083190918
288,6,"(2, 3)",9.947400093078613,4,5.947400093078613
288,6,"(1, 2)",10.72533893585205,7,3.725338935852051
288,6,"(0, 1)",11.146218299865723,3,8.146218299865723
288,7,"(2, 3)",8.469285011291504,4,4.469285011291504
288,7,"(3, 4)",8.426207542419434,2,6.426207542419434
288,12,"(0, 1)",2.626826286315918,3,0.37317371368408203
288,12,"(1, 2)",3.654888153076172,4,0.3451118469238281
288,14,"(2, 3)",0.5482827425003052,1,0.4517172574996948
288,14,"(3, 4)",1.572024941444397,3,1.427975058555603
288,15,"(0, 1)",1.1439096927642822,1,0.14390969276428223
288,15,"(1, 2)",2.0451745986938477,2,0.045174598693847656
288,15,"(2, 3)",1.0560410022735596,1,0.05604100227355957
289,1,"(2, 3)",6.65966272354126,6,0.6596627235412598
289,1,"(3, 4)",3.873119354248047,4,0.12688064575195312
289,2,"(2, 3)",6.521221160888672,6,0.5212211608886719
289,2,"(3, 4)",4.3073039054870605,5,0.6926960945129395
289,3,"(0, 1)",7.170557975769043,6,1.170557975769043
289,3,"(1, 2)",9.160521507263184,12,2.8394784927368164
289,3,"(2, 3)",9.121222496032715,6,3.121222496032715
289,3,"(3, 4)",7.208258152008057,5,2.2082581520080566
289,4,"(2, 3)",4.622355937957764,3,1.6223559379577637
289,4,"(3, 4)",3.2783875465393066,3,0.27838754653930664
289,5,"(0, 1)",4.920997619628906,3,1.9209976196289062
289,5,"(1, 2)",5.566641807556152,7,1.4333581924438477
289,5,"(2, 3)",5.518790245056152,3,2.5187902450561523
289,5,"(3, 4)",4.9504218101501465,3,1.9504218101501465
289,7,"(2, 3)",1.47701096534729,0,1.47701096534729
289,7,"(3, 4)",0.6959632039070129,1,0.30403679609298706
290,1,"(0, 1)",7.741305351257324,6,1.7413053512573242
290,1,"(1, 2)",8.645611763000488,6,2.6456117630004883
290,2,"(2, 3)",7.5737409591674805,6,1.5737409591674805
290,2,"(3, 4)",6.7910895347595215,5,1.7910895347595215
290,3,"(2, 3)",7.53115177154541,8,0.46884822845458984
290,3,"(1, 2)",6.75938606262207,4,2.7593860626220703
290,3,"(3, 4)",8.376522064208984,6,2.3765220642089844
290,4,"(0, 1)",6.8044819831848145,3,3.8044819831848145
290,4,"(1, 2)",6.842029571533203,3,3.842029571533203
290,4,"(2, 3)",5.87380313873291,6,0.12619686126708984
290,9,"(0, 1)",0.2059890180826187,0,0.2059890180826187
290,9,"(1, 2)",0.17118015885353088,0,0.17118015885353088
291,1,"(0, 1)",11.248642921447754,9,2.248642921447754
291,1,"(1, 2)",10.2728853225708,4,6.272885322570801
291,2,"(2, 3)",9.947400093078613,11,1.0525999069213867
291,2,"(1, 2)",10.72533893585205,7,3.725338935852051
291,2,"(0, 1)",11.146218299865723,11,0.14621829986572266
291,3,"(2, 3)",10.004812240600586,13,2.995187759399414
291,3,"(1, 2)",10.035053253173828,8,2.035053253173828
291,4,"(2, 3)",9.358464241027832,15,5.641535758972168
291,4,"(1, 2)",7.988436698913574,8,0.011563301086425781
291,4,"(3, 4)",7.483893871307373,8,0.516106128692627
291,5,"(0, 1)",6.972265720367432,10,3.0277342796325684
291,5,"(1, 2)",6.2640461921691895,8,1.7359538078308105
291,6,"(2, 3)",7.207427978515625,13,5.792572021484375
291,6,"(1, 2)",5.803510665893555,8,2.1964893341064453
291,6,"(3, 4)",5.524534225463867,7,1.4754657745361328
291,8,"(2, 3)",8.558663368225098,10,1.4413366317749023
291,8,"(1, 2)",8.27429485321045,7,1.2742948532104492
291,8,"(3, 4)",5.927349090576172,6,0.07265090942382812
291,8,"(0, 1)",5.916754245758057,7,1.0832457542419434
291,9,"(0, 1)",3.9896340370178223,5,1.0103659629821777
291,9,"(1, 2)",5.229698657989502,4,1.229698657989502
291,9,"(2, 3)",5.357064247131348,7,1.6429357528686523
291,9,"(3, 4)",4.013250827789307,4,0.01325082778930664
291,10,"(0, 1)",2.063231945037842,3,0.9367680549621582
291,10,"(1, 2)",0.7124311327934265,1,0.2875688672065735
291,11,"(2, 3)",2.0406453609466553,2,0.04064536094665527
291,11,"(1, 2)",1.0231412649154663,1,0.02314126491546631
291,11,"(3, 4)",1.119098424911499,1,0.11909842491149902
292,1,"(2, 3)",13.954002380371094,8,5.954002380371094
292,1,"(3, 4)",12.133057594299316,5,7.133057594299316
292,2,"(0, 1)",11.061817169189453,3,8.061817169189453
292,2,"(1, 2)",12.913032531738281,6,6.913032531738281
292,3,"(2, 3)",13.031515121459961,6,7.031515121459961
292,3,"(1, 2)",12.925518989562988,8,4.925518989562988
292,3,"(3, 4)",12.626622200012207,5,7.626622200012207
292,3,"(0, 1)",12.603303909301758,4,8.603303909301758
292,6,"(0, 1)",8.262502670288086,6,2.262502670288086
292,6,"(1, 2)",8.369921684265137,9,0.6300783157348633
292,9,"(2, 3)",5.504420280456543,8,2.495579719543457
292,9,"(3, 4)",5.089160919189453,8,2.910839080810547
292,11,"(2, 3)",5.080360412597656,8,2.9196395874023438
292,11,"(1, 2)",3.8526148796081543,7,3.1473851203918457
292,11,"(3, 4)",3.6027989387512207,7,3.3972010612487793
292,12,"(2, 3)",5.355978965759277,6,0.6440210342407227
292,12,"(1, 2)",5.258388519287109,6,0.7416114807128906
292,12,"(3, 4)",3.9405899047851562,6,2.0594100952148438
292,12,"(0, 1)",4.071536540985107,6,1.9284634590148926
292,13,"(2, 3)",2.209432601928711,3,0.7905673980712891
292,13,"(1, 2)",3.0739378929138184,3,0.07393789291381836
292,13,"(0, 1)",2.8330421447753906,4,1.1669578552246094
292,14,"(2, 3)",2.0406453609466553,2,0.04064536094665527
292,14,"(1, 2)",1.0231412649154663,1,0.02314126491546631
292,14,"(3, 4)",1.119098424911499,1,0.11909842491149902
293,4,"(0, 1)",2.376117706298828,3,0.6238822937011719
293,4,"(1, 2)",4.327827453613281,2,2.3278274536132812
293,6,"(0, 1)",1.815494179725647,2,0.18450582027435303
293,6,"(1, 2)",2.5871615409851074,2,0.5871615409851074
293,8,"(0, 1)",1.1439096927642822,1,0.14390969276428223
293,8,"(1, 2)",2.0451745986938477,2,0.045174598693847656
293,8,"(2, 3)",1.0560410022735596,1,0.05604100227355957
294,2,"(2, 3)",4.590634822845459,7,2.409365177154541
294,2,"(3, 4)",3.419203758239746,3,0.4192037582397461
294,3,"(2, 3)",5.080360412597656,7,1.9196395874023438
294,3,"(1, 2)",3.8526148796081543,2,1.8526148796081543
294,3,"(3, 4)",3.6027989387512207,3,0.6027989387512207
294,4,"(0, 1)",2.821312427520752,4,1.178687572479248
294,4,"(1, 2)",2.0877273082733154,1,1.0877273082733154
294,6,"(2, 3)",2.1914608478546143,2,0.19146084785461426
294,6,"(1, 2)",1.118086814880371,1,0.1180868148803711
294,6,"(3, 4)",1.1697611808776855,1,0.16976118087768555
295,2,"(2, 3)",7.815654277801514,2,5.815654277801514
295,2,"(1, 2)",8.12375545501709,3,5.12375545501709
295,4,"(2, 3)",6.921908378601074,4,2.921908378601074
295,4,"(1, 2)",6.905810356140137,2,4.905810356140137
295,6,"(2, 3)",5.612648010253906,3,2.6126480102539062
295,6,"(3, 4)",4.2160186767578125,2,2.2160186767578125
295,7,"(2, 3)",4.144089698791504,3,1.144089698791504
295,7,"(1, 2)",4.213046550750732,2,2.2130465507507324
295,11,"(2, 3)",0.08881738781929016,0,0.08881738781929016
295,11,"(3, 4)",0.03796178102493286,0,0.03796178102493286
296,1,"(0, 1)",12.024247169494629,9,3.024247169494629
296,1,"(1, 2)",12.849508285522461,5,7.849508285522461
296,2,"(0, 1)",11.61813735961914,11,0.6181373596191406
296,2,"(1, 2)",13.8031644821167,8,5.803164482116699
296,2,"(2, 3)",12.349268913269043,9,3.349268913269043
296,3,"(0, 1)",10.766095161437988,11,0.23390483856201172
296,3,"(1, 2)",12.37587833404541,8,4.37587833404541
296,3,"(2, 3)",11.163219451904297,8,3.163219451904297
296,4,"(2, 3)",10.36742877960205,9,1.3674287796020508
296,4,"(1, 2)",9.642412185668945,6,3.6424121856689453
296,4,"(3, 4)",11.556334495544434,9,2.5563344955444336
296,5,"(2, 3)",9.31325912475586,8,1.3132591247558594
296,5,"(1, 2)",9.284018516540527,7,2.2840185165405273
296,6,"(2, 3)",9.12138843536377,9,0.12138843536376953
296,6,"(1, 2)",9.203166961669922,7,2.203166961669922
296,7,"(0, 1)",5.12094783782959,4,1.1209478378295898
296,7,"(1, 2)",6.629359245300293,8,1.370640754699707
296,8,"(2, 3)",8.005093574523926,7,1.0050935745239258
296,8,"(1, 2)",7.888915061950684,8,0.1110849380493164
296,8,"(3, 4)",6.841529846191406,7,0.15847015380859375
296,8,"(0, 1)",6.860729217529297,4,2.860729217529297
296,9,"(2, 3)",4.332555770874023,4,0.33255577087402344
296,9,"(3, 4)",4.122058391571045,5,0.8779416084289551
296,10,"(0, 1)",3.335144519805908,1,2.335144519805908
296,10,"(1, 2)",3.102208137512207,3,0.10220813751220703
296,11,"(2, 3)",2.997753143310547,2,0.9977531433105469
296,11,"(1, 2)",4.041967391967773,3,1.0419673919677734
296,11,"(0, 1)",2.817103862762451,1,1.8171038627624512
297,1,"(2, 3)",17.05812644958496,7,10.058126449584961
297,1,"(1, 2)",15.633994102478027,7,8.633994102478027
297,1,"(3, 4)",14.719473838806152,10,4.719473838806152
297,2,"(2, 3)",12.334492683410645,5,7.3344926834106445
297,2,"(1, 2)",12.184940338134766,8,4.184940338134766
297,3,"(2, 3)",14.345919609069824,6,8.345919609069824
297,3,"(1, 2)",13.043532371520996,8,5.043532371520996
297,3,"(3, 4)",12.631022453308105,7,5.6310224533081055
297,4,"(2, 3)",11.88747501373291,5,6.88747501373291
297,4,"(1, 2)",12.544388771057129,7,5.544388771057129
297,4,"(0, 1)",13.527729988098145,4,9.527729988098145
297,7,"(2, 3)",8.943594932556152,3,5.943594932556152
297,7,"(1, 2)",9.429865837097168,8,1.429865837097168
297,7,"(0, 1)",11.610228538513184,7,4.610228538513184
297,8,"(2, 3)",7.706777572631836,4,3.706777572631836
297,8,"(3, 4)",6.103206634521484,3,3.1032066345214844
297,11,"(2, 3)",4.250181674957275,2,2.2501816749572754
297,11,"(1, 2)",4.1949028968811035,5,0.8050971031188965
297,12,"(2, 3)",3.5960144996643066,2,1.5960144996643066
297,12,"(3, 4)",2.552830696105957,3,0.44716930389404297
297,13,"(2, 3)",1.92447829246521,2,0.07552170753479004
297,13,"(3, 4)",2.454610824584961,3,0.5453891754150391
297,14,"(2, 3)",3.037886142730713,2,1.037886142730713
297,14,"(1, 2)",1.9371215105056763,1,0.9371215105056763
297,14,"(3, 4)",1.8792953491210938,3,1.1207046508789062
297,15,"(2, 3)",0.10538852214813232,0,0.10538852214813232
297,15,"(1, 2)",0.07311448454856873,0,0.07311448454856873
298,1,"(0, 1)",9.498099327087402,6,3.4980993270874023
298,1,"(1, 2)",5.625782012939453,4,1.6257820129394531
298,2,"(2, 3)",7.778267860412598,4,3.7782678604125977
298,2,"(1, 2)",8.985852241516113,5,3.9858522415161133
298,2,"(0, 1)",6.128940582275391,6,0.12894058227539062
298,3,"(2, 3)",3.6144838333129883,3,0.6144838333129883
298,3,"(1, 2)",3.820756435394287,3,0.8207564353942871
298,4,"(2, 3)",3.623216152191162,3,0.6232161521911621
298,4,"(1, 2)",3.770775318145752,3,0.770775318145752
298,7,"(2, 3)",2.019472122192383,1,1.0194721221923828
298,7,"(1, 2)",3.068838596343994,3,0.06883859634399414
298,7,"(0, 1)",1.9996460676193237,1,0.9996460676193237
299,1,"(0, 1)",6.989030838012695,4,2.9890308380126953
299,1,"(1, 2)",9.645514488220215,6,3.645514488220215
299,1,"(2, 3)",9.60579776763916,11,1.3942022323608398
299,1,"(3, 4)",6.905919551849365,6,0.9059195518493652
299,2,"(0, 1)",2.421248435974121,2,0.4212484359741211
299,2,"(1, 2)",3.639105796813965,3,0.6391057968139648
299,3,"(2, 3)",5.355978965759277,6,0.6440210342407227
299,3,"(1, 2)",5.258388519287109,3,2.2583885192871094
299,3,"(3, 4)",3.9405899047851562,3,0.9405899047851562
299,3,"(0, 1)",4.071536540985107,2,2.0715365409851074
299,5,"(0, 1)",0.06365779042243958,0,0.06365779042243958
299,5,"(1, 2)",0.05576014518737793,0,0.05576014518737793
300,1,"(0, 1)",16.060413360595703,8,8.060413360595703
300,1,"(1, 2)",11.821257591247559,5,6.821257591247559
300,5,"(2, 3)",11.976407051086426,9,2.976407051086426
300,5,"(1, 2)",10.839838027954102,6,4.839838027954102
300,5,"(3, 4)",9.18929386138916,6,3.18929386138916
300,6,"(2, 3)",10.372276306152344,7,3.3722763061523438
300,6,"(1, 2)",9.301499366760254,5,4.301499366760254
300,6,"(3, 4)",8.30638313293457,7,1.3063831329345703
300,7,"(2, 3)",4.794617176055908,5,0.2053828239440918
300,7,"(1, 2)",4.874410629272461,4,0.8744106292724609
300,8,"(0, 1)",7.6006340980529785,10,2.3993659019470215
300,8,"(1, 2)",6.329540252685547,4,2.329540252685547
300,8,"(2, 3)",6.044783592224121,5,1.044783592224121
300,8,"(3, 4)",7.449465751647949,8,0.5505342483520508
300,12,"(2, 3)",0.2624768614768982,0,0.2624768614768982
300,12,"(1, 2)",0.23441553115844727,0,0.23441553115844727
300,13,"(2, 3)",0.10802540183067322,0,0.10802540183067322
300,13,"(1, 2)",0.15983633697032928,0,0.15983633697032928
300,14,"(2, 3)",0.1495564579963684,0,0.1495564579963684
300,14,"(1, 2)",0.1323675811290741,0,0.1323675811290741
301,2,"(2, 3)",14.28184700012207,9,5.28184700012207
301,2,"(1, 2)",14.280009269714355,8,6.2800092697143555
301,4,"(2, 3)",13.2807035446167,11,2.280703544616699
301,4,"(1, 2)",12.02617073059082,8,4.02617073059082
301,4,"(3, 4)",11.639087677001953,8,3.639087677001953
301,5,"(2, 3)",14.110569953918457,11,3.110569953918457
301,5,"(1, 2)",13.974749565124512,8,5.974749565124512
301,5,"(3, 4)",12.21015453338623,8,4.2101545333862305
301,5,"(0, 1)",12.290942192077637,10,2.2909421920776367
301,6,"(2, 3)",11.754252433776855,11,0.7542524337768555
301,6,"(1, 2)",11.604804039001465,8,3.604804039001465
301,6,"(3, 4)",10.762120246887207,8,2.762120246887207
301,6,"(0, 1)",10.775735855102539,10,0.7757358551025391
301,7,"(2, 3)",9.31325912475586,8,1.3132591247558594
301,7,"(1, 2)",9.284018516540527,6,3.2840185165405273
301,10,"(0, 1)",4.323591232299805,6,1.6764087677001953
301,10,"(1, 2)",5.683311462402344,5,0.6833114624023438
301,11,"(2, 3)",5.90122127532959,8,2.09877872467041
301,11,"(1, 2)",4.83376932144165,5,0.1662306785583496
301,11,"(3, 4)",5.062163352966309,4,1.0621633529663086
301,12,"(2, 3)",5.624784469604492,6,0.3752155303955078
301,12,"(1, 2)",5.460466384887695,4,1.4604663848876953
301,12,"(3, 4)",4.889527797698975,3,1.8895277976989746
301,12,"(0, 1)",5.005620002746582,3,2.005620002746582
301,15,"(0, 1)",0.2059890180826187,0,0.2059890180826187
301,15,"(1, 2)",0.17118015885353088,0,0.17118015885353088
302,1,"(2, 3)",4.987273216247559,5,0.012726783752441406
302,1,"(3, 4)",6.11297607421875,4,2.11297607421875
302,2,"(2, 3)",6.036665916442871,5,1.036665916442871
302,2,"(1, 2)",4.805319786071777,2,2.8053197860717773
302,2,"(3, 4)",5.151089668273926,4,1.1510896682739258
302,3,"(2, 3)",3.4591593742370605,3,0.45915937423706055
302,3,"(1, 2)",3.3792614936828613,1,2.3792614936828613
302,6,"(0, 1)",0.06365779042243958,0,0.06365779042243958
302,6,"(1, 2)",0.05576014518737793,0,0.05576014518737793
303,1,"(0, 1)",6.855902671813965,6,0.8559026718139648
303,1,"(1, 2)",8.061217308044434,8,0.061217308044433594
303,1,"(2, 3)",6.890990257263184,9,2.1090097427368164
303,3,"(0, 1)",5.886614799499512,5,0.8866147994995117
303,3,"(1, 2)",6.731570243835449,5,1.7315702438354492
303,3,"(2, 3)",6.736943244934082,8,1.263056755065918
303,3,"(3, 4)",5.840493679046631,5,0.8404936790466309
303,5,"(2, 3)",3.8154163360595703,4,0.1845836639404297
303,5,"(1, 2)",3.1549253463745117,2,1.1549253463745117
303,5,"(3, 4)",4.418444633483887,3,1.4184446334838867
303,6,"(0, 1)",0.7528142333030701,0,0.7528142333030701
303,6,"(1, 2)",1.4788423776626587,1,0.4788423776626587
304,2,"(2, 3)",6.9593377113342285,10,3.0406622886657715
304,2,"(1, 2)",6.913422107696533,6,0.9134221076965332
304,2,"(3, 4)",6.881433486938477,7,0.11856651306152344
304,2,"(0, 1)",6.8323163986206055,14,7.1676836013793945
304,3,"(2, 3)",7.115419387817383,7,0.11541938781738281
304,3,"(1, 2)",6.582533836364746,3,3.582533836364746
304,3,"(3, 4)",4.202092170715332,5,0.797907829284668
304,4,"(2, 3)",2.7121200561523438,5,2.2878799438476562
304,4,"(1, 2)",2.749825954437256,2,0.7498259544372559
304,5,"(2, 3)",4.391970157623291,5,0.608029842376709
304,5,"(1, 2)",3.105220317840576,2,1.1052203178405762
304,5,"(3, 4)",2.25791072845459,2,0.25791072845458984
304,6,"(2, 3)",3.037886142730713,3,0.03788614273071289
304,6,"(1, 2)",1.9371215105056763,1,0.9371215105056763
304,6,"(3, 4)",1.8792953491210938,1,0.8792953491210938
305,2,"(2, 3)",14.180354118347168,9,5.180354118347168
305,2,"(1, 2)",14.01186466217041,11,3.01186466217041
305,2,"(3, 4)",12.911532402038574,12,0.9115324020385742
305,2,"(0, 1)",12.94896125793457,13,0.05103874206542969
305,3,"(2, 3)",8.787290573120117,7,1.7872905731201172
305,3,"(1, 2)",8.732258796691895,8,0.7322587966918945
305,4,"(2, 3)",8.588346481323242,7,1.5883464813232422
305,4,"(1, 2)",8.880805969238281,8,0.8808059692382812
305,5,"(2, 3)",10.904025077819824,9,1.9040250778198242
305,5,"(1, 2)",9.765471458435059,9,0.7654714584350586
305,5,"(3, 4)",8.090858459472656,9,0.9091415405273438
305,6,"(2, 3)",10.495635032653809,9,1.4956350326538086
305,6,"(1, 2)",10.346988677978516,9,1.3469886779785156
305,6,"(3, 4)",8.928858757019043,9,0.07114124298095703
305,6,"(0, 1)",9.004376411437988,12,2.9956235885620117
305,7,"(2, 3)",7.001755714416504,7,0.0017557144165039062
305,7,"(1, 2)",7.644336700439453,6,1.6443367004394531
305,7,"(0, 1)",8.582962989807129,10,1.417037010192871
305,8,"(2, 3)",5.422272682189941,6,0.5777273178100586
305,8,"(3, 4)",4.941369533538818,4,0.9413695335388184
305,10,"(2, 3)",2.7410683631896973,5,2.2589316368103027
305,10,"(1, 2)",2.8667397499084473,2,0.8667397499084473
305,11,"(2, 3)",4.597454071044922,5,0.4025459289550781
305,11,"(1, 2)",3.598689556121826,2,1.5986895561218262
305,11,"(3, 4)",2.291966199874878,2,0.29196619987487793
305,12,"(2, 3)",2.828808307647705,3,0.17119169235229492
305,12,"(1, 2)",1.895431637763977,1,0.895431637763977
305,12,"(3, 4)",1.8128663301467896,1,0.8128663301467896
306,1,"(0, 1)",16.912466049194336,8,8.912466049194336
306,1,"(1, 2)",19.085172653198242,15,4.085172653198242
306,1,"(2, 3)",19.182802200317383,11,8.182802200317383
306,1,"(3, 4)",16.718542098999023,14,2.7185420989990234
306,2,"(2, 3)",16.562734603881836,11,5.562734603881836
306,2,"(1, 2)",16.39019203186035,15,1.3901920318603516
306,2,"(3, 4)",15.141079902648926,14,1.1410799026489258
306,2,"(0, 1)",15.165719032287598,8,7.165719032287598
306,3,"(2, 3)",14.23031234741211,11,3.2303123474121094
306,3,"(1, 2)",14.123595237731934,15,0.8764047622680664
306,3,"(3, 4)",13.670451164245605,14,0.32954883575439453
306,3,"(0, 1)",13.639293670654297,8,5.639293670654297
306,4,"(2, 3)",13.457476615905762,8,5.457476615905762
306,4,"(1, 2)",14.585164070129395,12,2.5851640701293945
306,4,"(0, 1)",11.57155990600586,8,3.5715599060058594
306,6,"(2, 3)",10.99332332611084,8,2.99332332611084
306,6,"(1, 2)",12.11178207397461,10,2.1117820739746094
306,6,"(0, 1)",9.32812213897705,7,2.328122138977051
306,8,"(2, 3)",9.317280769348145,10,0.6827192306518555
306,8,"(1, 2)",9.241301536560059,9,0.2413015365600586
306,8,"(3, 4)",8.749061584472656,11,2.2509384155273438
306,8,"(0, 1)",8.717209815979004,7,1.717209815979004
306,9,"(0, 1)",8.052019119262695,7,1.0520191192626953
306,9,"(1, 2)",7.334144592285156,6,1.3341445922851562
306,9,"(2, 3)",7.109318733215332,7,0.10931873321533203
306,9,"(3, 4)",7.815290451049805,11,3.1847095489501953
306,10,"(2, 3)",4.428894519805908,4,0.4288945198059082
306,10,"(1, 2)",4.657041549682617,3,1.6570415496826172
306,13,"(0, 1)",2.4844322204589844,3,0.5155677795410156
306,13,"(1, 2)",1.9441417455673218,2,0.05585825443267822
306,14,"(0, 1)",1.852382779121399,3,1.147617220878601
306,14,"(1, 2)",2.7951579093933105,2,0.7951579093933105
306,14,"(2, 3)",1.9468495845794678,1,0.9468495845794678
306,15,"(2, 3)",0.10538852214813232,0,0.10538852214813232
306,15,"(1, 2)",0.07311448454856873,0,0.07311448454856873
307,1,"(0, 1)",12.245743751525879,8,4.245743751525879
307,1,"(1, 2)",11.315688133239746,5,6.315688133239746
307,1,"(2, 3)",10.57601261138916,3,7.57601261138916
307,3,"(2, 3)",8.45491886138916,4,4.45491886138916
307,3,"(1, 2)",8.413052558898926,8,0.4130525588989258
307,6,"(2, 3)",6.7664031982421875,5,1.7664031982421875
307,6,"(1, 2)",6.736879825592041,7,0.263120174407959
307,7,"(2, 3)",4.590634822845459,5,0.409365177154541
307,7,"(3, 4)",3.419203758239746,5,1.580796241760254
307,8,"(0, 1)",4.920997619628906,5,0.07900238037109375
307,8,"(1, 2)",5.566641807556152,5,0.5666418075561523
307,8,"(2, 3)",5.518790245056152,5,0.5187902450561523
307,8,"(3, 4)",4.9504218101501465,5,0.049578189849853516
307,9,"(2, 3)",1.92447829246521,2,0.07552170753479004
307,9,"(3, 4)",2.454610824584961,3,0.5453891754150391
307,10,"(2, 3)",1.6790410280227661,2,0.3209589719772339
307,10,"(1, 2)",1.8677312135696411,0,1.8677312135696411
307,11,"(0, 1)",0.2059890180826187,0,0.2059890180826187
307,11,"(1, 2)",0.17118015885353088,0,0.17118015885353088
308,1,"(2, 3)",12.91411018371582,6,6.91411018371582
308,1,"(1, 2)",13.793478965759277,4,9.793478965759277
308,1,"(0, 1)",13.543441772460938,7,6.5434417724609375
308,2,"(2, 3)",11.784098625183105,7,4.7840986251831055
308,2,"(1, 2)",11.79476261138916,2,9.79476261138916
308,3,"(0, 1)",8.817593574523926,4,4.817593574523926
308,3,"(1, 2)",10.788406372070312,3,7.7884063720703125
308,5,"(0, 1)",7.741305351257324,4,3.741305351257324
308,5,"(1, 2)",8.645611763000488,4,4.645611763000488
308,6,"(2, 3)",7.626321315765381,3,4.626321315765381
308,6,"(1, 2)",7.677556037902832,5,2.677556037902832
308,7,"(2, 3)",6.139801025390625,4,2.139801025390625
308,7,"(3, 4)",6.646480560302734,2,4.646480560302734
308,8,"(0, 1)",5.143353462219238,1,4.143353462219238
308,8,"(1, 2)",5.540412902832031,3,2.5404129028320312
309,4,"(0, 1)",1.247667908668518,1,0.24766790866851807
309,4,"(1, 2)",2.8601317405700684,3,0.13986825942993164
309,5,"(0, 1)",1.659016728401184,1,0.6590167284011841
309,5,"(1, 2)",2.556338310241699,3,0.4436616897583008
309,6,"(2, 3)",1.423596739768982,0,1.423596739768982
309,6,"(3, 4)",0.899305522441864,1,0.10069447755813599
310,1,"(2, 3)",8.636032104492188,7,1.6360321044921875
310,1,"(1, 2)",7.917206764221191,10,2.0827932357788086
310,1,"(3, 4)",9.412442207336426,7,2.412442207336426
310,3,"(2, 3)",4.987273216247559,7,2.0127267837524414
310,3,"(3, 4)",6.11297607421875,6,0.11297607421875
310,4,"(0, 1)",6.049228668212891,3,3.0492286682128906
310,4,"(1, 2)",7.830130577087402,6,1.8301305770874023
310,4,"(2, 3)",7.872501850128174,7,0.8725018501281738
310,4,"(3, 4)",6.1028947830200195,6,0.10289478302001953
310,5,"(0, 1)",3.7218189239501953,1,2.7218189239501953
310,5,"(1, 2)",5.015313625335693,3,2.0153136253356934
310,5,"(2, 3)",3.8918075561523438,4,0.10819244384765625
310,8,"(0, 1)",0.2059890180826187,0,0.2059890180826187
310,8,"(1, 2)",0.17118015885353088,0,0.17118015885353088
311,1,"(2, 3)",8.021127700805664,7,1.021127700805664
311,1,"(1, 2)",6.887381553649902,5,1.8873815536499023
311,1,"(3, 4)",6.811936855316162,8,1.188063144683838
311,2,"(2, 3)",6.798985958099365,5,1.7989859580993652
311,2,"(1, 2)",5.805508613586426,4,1.8055086135864258
311,2,"(3, 4)",6.783463954925537,7,0.2165360450744629
311,4,"(2, 3)",2.7121200561523438,3,0.28787994384765625
311,4,"(1, 2)",2.749825954437256,2,0.7498259544372559
311,7,"(2, 3)",1.2012345790863037,1,0.2012345790863037
311,7,"(1, 2)",2.191760540008545,2,0.19176054000854492
311,7,"(0, 1)",1.261260986328125,1,0.261260986328125
312,1,"(0, 1)",14.062433242797852,5,9.062433242797852
312,1,"(1, 2)",16.74519157409668,5,11.74519157409668
312,1,"(2, 3)",16.748991012573242,8,8.748991012573242
312,1,"(3, 4)",13.81201457977295,6,7.812014579772949
312,3,"(0, 1)",8.630080223083496,6,2.630080223083496
312,3,"(1, 2)",9.707459449768066,6,3.7074594497680664
312,4,"(0, 1)",8.262502670288086,6,2.262502670288086
312,4,"(1, 2)",8.369921684265137,7,1.3699216842651367
312,5,"(2, 3)",8.509018898010254,7,1.509018898010254
312,5,"(1, 2)",8.48706340789795,10,1.5129365921020508
312,8,"(2, 3)",9.741986274719238,7,2.7419862747192383
312,8,"(1, 2)",9.510108947753906,9,0.5101089477539062
312,8,"(3, 4)",6.967883110046387,4,2.9678831100463867
312,8,"(0, 1)",6.9330925941467285,5,1.9330925941467285
312,9,"(2, 3)",3.1012210845947266,4,0.8987789154052734
312,9,"(3, 4)",3.295417308807373,2,1.295417308807373
312,11,"(2, 3)",4.155910968780518,4,0.15591096878051758
312,11,"(1, 2)",4.119858741760254,3,1.119858741760254
312,11,"(3, 4)",3.0174994468688965,2,1.0174994468688965
312,11,"(0, 1)",3.132997989654541,2,1.132997989654541
313,1,"(0, 1)",12.531007766723633,6,6.531007766723633
313,1,"(1, 2)",9.61699390411377,5,4.6169939041137695
313,2,"(2, 3)",10.519709587097168,3,7.519709587097168
313,2,"(1, 2)",11.551892280578613,7,4.551892280578613
313,2,"(0, 1)",9.398436546325684,7,2.3984365463256836
313,3,"(2, 3)",7.744956970214844,3,4.744956970214844
313,3,"(1, 2)",7.9580488204956055,5,2.9580488204956055
313,4,"(2, 3)",7.626321315765381,6,1.6263213157653809
313,4,"(1, 2)",7.677556037902832,8,0.32244396209716797
313,6,"(2, 3)",5.955536842346191,5,0.9555368423461914
313,6,"(1, 2)",6.996447563171387,9,2.0035524368286133
313,6,"(0, 1)",5.990414619445801,4,1.9904146194458008
313,8,"(2, 3)",3.6220531463623047,4,0.3779468536376953
313,8,"(3, 4)",2.423583984375,3,0.576416015625
313,10,"(2, 3)",3.37453031539917,3,0.3745303153991699
313,10,"(1, 2)",3.2578630447387695,4,0.7421369552612305
313,10,"(3, 4)",3.1704554557800293,3,0.1704554557800293
313,10,"(0, 1)",3.1056132316589355,2,1.1056132316589355
314,2,"(2, 3)",6.798985958099365,6,0.7989859580993652
314,2,"(1, 2)",5.805508613586426,3,2.805508613586426
314,2,"(3, 4)",6.783463954925537,3,3.783463954925537
314,7,"(0, 1)",0.2059890180826187,0,0.2059890180826187
314,7,"(1, 2)",0.17118015885353088,0,0.17118015885353088
315,2,"(2, 3)",7.816009998321533,3,4.816009998321533
315,2,"(3, 4)",9.38245964050293,2,7.38245964050293
315,3,"(2, 3)",9.066368103027344,3,6.066368103027344
315,3,"(1, 2)",7.938305854797363,6,1.9383058547973633
315,3,"(3, 4)",7.763460159301758,4,3.763460159301758
315,6,"(2, 3)",1.4840083122253418,0,1.4840083122253418
315,6,"(3, 4)",6.196663856506348,2,4.196663856506348
315,9,"(2, 3)",0.9964230060577393,0,0.9964230060577393
315,9,"(1, 2)",1.0608856678009033,1,0.06088566780090332
316,2,"(2, 3)",14.234328269958496,3,11.234328269958496
316,2,"(1, 2)",14.20366096496582,5,9.20366096496582
316,4,"(2, 3)",13.300724029541016,6,7.300724029541016
316,4,"(1, 2)",13.327718734741211,8,5.327718734741211
316,6,"(0, 1)",9.778417587280273,5,4.778417587280273
316,6,"(1, 2)",11.311419486999512,10,1.3114194869995117
316,6,"(2, 3)",10.090055465698242,7,3.090055465698242
316,8,"(2, 3)",7.5737409591674805,9,1.4262590408325195
316,8,"(3, 4)",6.7910895347595215,5,1.7910895347595215
316,9,"(2, 3)",12.083373069763184,10,2.0833730697631836
316,9,"(1, 2)",11.946919441223145,11,0.9469194412231445
316,9,"(3, 4)",9.125701904296875,8,1.125701904296875
316,9,"(0, 1)",8.98184871673584,6,2.98184871673584
316,11,"(2, 3)",3.6190571784973145,6,2.3809428215026855
316,11,"(3, 4)",5.261085510253906,6,0.7389144897460938
316,12,"(0, 1)",2.626826286315918,3,0.37317371368408203
316,12,"(1, 2)",3.654888153076172,6,2.345111846923828
316,13,"(0, 1)",3.9896340370178223,3,0.9896340370178223
316,13,"(1, 2)",5.229698657989502,6,0.770301342010498
316,13,"(2, 3)",5.357064247131348,4,1.3570642471313477
316,13,"(3, 4)",4.013250827789307,5,0.9867491722106934
316,15,"(0, 1)",1.1439096927642822,1,0.14390969276428223
316,15,"(1, 2)",2.0451745986938477,2,0.045174598693847656
316,15,"(2, 3)",1.0560410022735596,1,0.05604100227355957
317,1,"(2, 3)",14.304619789123535,9,5.304619789123535
317,1,"(1, 2)",13.57854175567627,9,4.5785417556762695
317,1,"(3, 4)",14.550856590270996,8,6.550856590270996
317,2,"(2, 3)",12.763680458068848,8,4.763680458068848
317,2,"(3, 4)",11.629654884338379,7,4.629654884338379
317,3,"(2, 3)",11.919953346252441,8,3.9199533462524414
317,3,"(1, 2)",12.732034683227539,6,6.732034683227539
317,3,"(0, 1)",12.7400541305542,6,6.740054130554199
317,4,"(2, 3)",10.327797889709473,7,3.3277978897094727
317,4,"(1, 2)",10.275191307067871,6,4.275191307067871
317,4,"(3, 4)",11.7830171585083,6,5.783017158508301
317,4,"(0, 1)",11.730520248413086,6,5.730520248413086
317,7,"(0, 1)",8.974276542663574,6,2.974276542663574
317,7,"(1, 2)",6.693620681762695,6,0.6936206817626953
317,9,"(2, 3)",5.104586601257324,2,3.104586601257324
317,9,"(1, 2)",5.115095138549805,6,0.8849048614501953
317,10,"(2, 3)",4.380475997924805,2,2.3804759979248047
317,10,"(3, 4)",4.283819675445557,5,0.7161803245544434
317,11,"(2, 3)",4.234788417816162,2,2.234788417816162
317,11,"(1, 2)",4.783534049987793,4,0.783534049987793
317,11,"(0, 1)",5.225758075714111,5,0.22575807571411133
317,12,"(2, 3)",2.0529932975769043,1,1.0529932975769043
317,12,"(3, 4)",2.7633562088012695,2,0.7633562088012695
317,14,"(2, 3)",0.1495564579963684,0,0.1495564579963684
317,14,"(1, 2)",0.1323675811290741,0,0.1323675811290741
318,2,"(2, 3)",6.9593377113342285,6,0.9593377113342285
318,2,"(1, 2)",6.913422107696533,9,2.086577892303467
318,2,"(3, 4)",6.881433486938477,9,2.1185665130615234
318,2,"(0, 1)",6.8323163986206055,5,1.8323163986206055
318,6,"(0, 1)",1.3330488204956055,2,0.6669511795043945
318,6,"(1, 2)",3.2894368171691895,4,0.7105631828308105
318,6,"(2, 3)",2.154313802719116,2,0.1543138027191162
318,7,"(0, 1)",1.1439096927642822,1,0.14390969276428223
318,7,"(1, 2)",2.0451745986938477,2,0.045174598693847656
318,7,"(2, 3)",1.0560410022735596,1,0.05604100227355957
319,2,"(2, 3)",11.740092277526855,9,2.7400922775268555
319,2,"(1, 2)",11.535725593566895,12,0.46427440643310547
319,2,"(3, 4)",9.426774978637695,10,0.5732250213623047
319,2,"(0, 1)",9.49682903289795,9,0.4968290328979492
319,3,"(0, 1)",6.855902671813965,8,1.1440973281860352
319,3,"(1, 2)",8.061217308044434,11,2.9387826919555664
319,3,"(2, 3)",6.890990257263184,7,0.1090097427368164
319,4,"(2, 3)",5.990292072296143,6,0.009707927703857422
319,4,"(1, 2)",6.8683061599731445,9,2.1316938400268555
319,4,"(0, 1)",6.862070560455322,7,0.13792943954467773
319,5,"(2, 3)",5.794177055358887,5,0.7941770553588867
319,5,"(1, 2)",4.926222801208496,7,2.073777198791504
319,5,"(3, 4)",6.0222344398498535,5,1.0222344398498535
319,6,"(0, 1)",2.421248435974121,3,0.5787515640258789
319,6,"(1, 2)",3.639105796813965,6,2.360894203186035
319,7,"(2, 3)",2.554230213165283,1,1.5542302131652832
319,7,"(3, 4)",1.7283589839935303,3,1.2716410160064697
319,8,"(2, 3)",0.6738706827163696,1,0.32612931728363037
319,8,"(3, 4)",2.021514892578125,3,0.978485107421875
319,9,"(2, 3)",1.2012345790863037,1,0.2012345790863037
319,9,"(1, 2)",2.191760540008545,2,0.19176054000854492
319,9,"(0, 1)",1.261260986328125,1,0.261260986328125
320,2,"(0, 1)",8.618550300598145,1,7.6185503005981445
320,2,"(1, 2)",6.62600564956665,3,3.6260056495666504
321,1,"(2, 3)",13.638604164123535,7,6.638604164123535
321,1,"(1, 2)",13.632172584533691,8,5.632172584533691
321,2,"(2, 3)",12.9435396194458,8,4.943539619445801
321,2,"(1, 2)",13.420126914978027,8,5.420126914978027
321,2,"(0, 1)",15.552216529846191,8,7.552216529846191
321,3,"(2, 3)",13.38349437713623,8,5.3834943771362305
321,3,"(1, 2)",12.11727237701416,6,6.11727237701416
321,3,"(3, 4)",11.74551773071289,4,7.745517730712891
321,4,"(0, 1)",11.8942289352417,7,4.894228935241699
321,4,"(1, 2)",11.040863990783691,6,5.040863990783691
321,4,"(2, 3)",10.935181617736816,8,2.9351816177368164
321,4,"(3, 4)",11.723980903625488,4,7.723980903625488
321,10,"(2, 3)",5.90122127532959,4,1.9012212753295898
321,10,"(1, 2)",4.83376932144165,7,2.1662306785583496
321,10,"(3, 4)",5.062163352966309,4,1.0621633529663086
321,11,"(2, 3)",3.6220531463623047,2,1.6220531463623047
321,11,"(3, 4)",2.423583984375,3,0.576416015625
321,12,"(0, 1)",4.431514739990234,3,1.4315147399902344
321,12,"(1, 2)",3.823664665222168,4,0.17633533477783203
321,12,"(2, 3)",3.1367783546447754,2,1.1367783546447754
321,14,"(2, 3)",0.08881738781929016,0,0.08881738781929016
321,14,"(3, 4)",0.03796178102493286,0,0.03796178102493286
322,1,"(2, 3)",12.149636268615723,4,8.149636268615723
322,1,"(1, 2)",12.473536491394043,10,2.473536491394043
322,3,"(0, 1)",11.695469856262207,7,4.695469856262207
322,3,"(1, 2)",14.447556495666504,11,3.447556495666504
322,3,"(2, 3)",13.36097240447998,4,9.36097240447998
322,5,"(0, 1)",9.515475273132324,6,3.515475273132324
322,5,"(1, 2)",12.085396766662598,9,3.0853967666625977
322,5,"(2, 3)",10.782214164733887,5,5.782214164733887
322,6,"(2, 3)",9.47128963470459,5,4.47128963470459
322,6,"(1, 2)",10.461812019348145,9,1.4618120193481445
322,6,"(0, 1)",8.399552345275879,6,2.399552345275879
322,7,"(0, 1)",7.819833755493164,6,1.819833755493164
322,7,"(1, 2)",9.1439847946167,7,2.143984794616699
322,7,"(2, 3)",7.964008331298828,5,2.964008331298828
322,8,"(2, 3)",6.223538398742676,4,2.223538398742676
322,8,"(3, 4)",6.909629821777344,8,1.0903701782226562
322,9,"(2, 3)",5.0508527755737305,4,1.0508527755737305
322,9,"(1, 2)",5.085346221923828,4,1.0853462219238281
322,10,"(0, 1)",3.4716405868530273,2,1.4716405868530273
322,10,"(1, 2)",4.638578414916992,4,0.6385784149169922
322,12,"(2, 3)",3.117187023162842,2,1.1171870231628418
322,12,"(1, 2)",3.953200340270996,3,0.9532003402709961
322,12,"(0, 1)",3.6268301010131836,2,1.6268301010131836
323,2,"(2, 3)",6.129703521728516,3,3.1297035217285156
323,2,"(1, 2)",4.782978057861328,1,3.782978057861328
323,2,"(3, 4)",4.56815242767334,7,2.43184757232666
323,4,"(2, 3)",0.2624768614768982,0,0.2624768614768982
323,4,"(1, 2)",0.23441553115844727,0,0.23441553115844727
323,5,"(2, 3)",0.10802540183067322,0,0.10802540183067322
323,5,"(1, 2)",0.15983633697032928,0,0.15983633697032928
323,6,"(2, 3)",0.10538852214813232,0,0.10538852214813232
323,6,"(1, 2)",0.07311448454856873,0,0.07311448454856873
324,1,"(2, 3)",9.8687105178833,9,0.8687105178833008
324,1,"(1, 2)",8.78823184967041,5,3.78823184967041
324,1,"(3, 4)",9.250162124633789,6,3.250162124633789
324,3,"(2, 3)",8.191043853759766,12,3.8089561462402344
324,3,"(1, 2)",8.239368438720703,6,2.239368438720703
324,4,"(0, 1)",7.170557975769043,5,2.170557975769043
324,4,"(1, 2)",9.160521507263184,6,3.1605215072631836
324,4,"(2, 3)",9.121222496032715,12,2.878777503967285
324,4,"(3, 4)",7.208258152008057,6,1.2082581520080566
324,5,"(0, 1)",3.4716405868530273,3,0.47164058685302734
324,5,"(1, 2)",4.638578414916992,3,1.6385784149169922
324,8,"(2, 3)",4.155910968780518,5,0.8440890312194824
324,8,"(1, 2)",4.119858741760254,3,1.119858741760254
324,8,"(3, 4)",3.0174994468688965,3,0.017499446868896484
324,8,"(0, 1)",3.132997989654541,2,1.132997989654541
324,9,"(0, 1)",0.06365779042243958,0,0.06365779042243958
324,9,"(1, 2)",0.05576014518737793,0,0.05576014518737793
325,1,"(0, 1)",11.149901390075684,10,1.1499013900756836
325,1,"(1, 2)",12.807029724121094,9,3.8070297241210938
325,1,"(2, 3)",12.845770835876465,12,0.8457708358764648
325,1,"(3, 4)",11.148131370544434,11,0.1481313705444336
325,2,"(2, 3)",10.435613632202148,10,0.43561363220214844
325,2,"(1, 2)",9.109513282775879,6,3.109513282775879
325,2,"(3, 4)",8.479424476623535,9,0.5205755233764648
325,3,"(2, 3)",7.626901626586914,10,2.373098373413086
325,3,"(1, 2)",7.555611610412598,6,1.5556116104125977
325,5,"(0, 1)",5.892560005187988,10,4.107439994812012
325,5,"(1, 2)",4.923517227172852,7,2.0764827728271484
325,6,"(2, 3)",6.809542179107666,9,2.190457820892334
325,6,"(1, 2)",6.653924465179443,7,0.34607553482055664
325,6,"(3, 4)",5.84716796875,7,1.15283203125
325,6,"(0, 1)",5.900465965270996,10,4.099534034729004
325,7,"(2, 3)",4.3226118087768555,6,1.6773881912231445
325,7,"(1, 2)",4.679595947265625,4,0.679595947265625
325,7,"(0, 1)",6.060760974884033,8,1.9392390251159668
325,9,"(2, 3)",3.279212474822998,4,0.720787525177002
325,9,"(1, 2)",2.1208105087280273,2,0.12081050872802734
325,9,"(3, 4)",1.3198800086975098,2,0.6801199913024902
325,10,"(2, 3)",2.0406453609466553,2,0.04064536094665527
325,10,"(1, 2)",1.0231412649154663,1,0.02314126491546631
325,10,"(3, 4)",1.119098424911499,1,0.11909842491149902
326,1,"(2, 3)",11.316246032714844,7,4.316246032714844
326,1,"(1, 2)",12.004359245300293,6,6.004359245300293
326,1,"(0, 1)",13.902836799621582,12,1.902836799621582
326,2,"(2, 3)",9.708781242370605,9,0.7087812423706055
326,2,"(3, 4)",7.858908653259277,6,1.8589086532592773
326,3,"(2, 3)",11.235085487365723,10,1.2350854873657227
326,3,"(1, 2)",10.108771324157715,5,5.108771324157715
326,3,"(3, 4)",8.335042953491211,6,2.335042953491211
326,5,"(2, 3)",6.77079963684082,9,2.2292003631591797
326,5,"(1, 2)",6.837125778198242,7,0.1628742218017578
326,7,"(2, 3)",6.7056884765625,8,1.2943115234375
326,7,"(1, 2)",5.5948381423950195,7,1.4051618576049805
326,7,"(3, 4)",4.174333572387695,4,0.1743335723876953
326,8,"(2, 3)",6.616039276123047,6,0.6160392761230469
326,8,"(1, 2)",6.49327278137207,6,0.4932727813720703
326,8,"(3, 4)",4.943807601928711,3,1.943807601928711
326,8,"(0, 1)",5.071779251098633,6,0.9282207489013672
326,10,"(2, 3)",1.47701096534729,2,0.52298903465271
326,10,"(3, 4)",0.6959632039070129,1,0.30403679609298706
326,11,"(2, 3)",2.0406453609466553,2,0.04064536094665527
326,11,"(1, 2)",1.0231412649154663,1,0.02314126491546631
326,11,"(3, 4)",1.119098424911499,1,0.11909842491149902
327,1,"(2, 3)",13.738341331481934,11,2.7383413314819336
327,1,"(1, 2)",12.810019493103027,6,6.810019493103027
327,1,"(3, 4)",13.4691743850708,8,5.469174385070801
327,2,"(0, 1)",12.717852592468262,7,5.717852592468262
327,2,"(1, 2)",10.64465045928955,5,5.644650459289551
327,3,"(0, 1)",13.128464698791504,8,5.128464698791504
327,3,"(1, 2)",8.782440185546875,7,1.782440185546875
327,4,"(2, 3)",10.946825981140137,7,3.9468259811401367
327,4,"(1, 2)",9.81075382232666,8,1.8107538223266602
327,4,"(3, 4)",10.088248252868652,9,1.0882482528686523
327,5,"(2, 3)",9.511183738708496,5,4.511183738708496
327,5,"(1, 2)",9.48505687713623,7,2.4850568771362305
327,5,"(3, 4)",9.805671691894531,10,0.19432830810546875
327,5,"(0, 1)",9.78156852722168,7,2.7815685272216797
327,6,"(2, 3)",5.352294445037842,3,2.352294445037842
327,6,"(1, 2)",5.599605083465576,6,0.40039491653442383
327,9,"(2, 3)",5.133591651916504,4,1.133591651916504
327,9,"(1, 2)",6.187769889831543,6,0.18776988983154297
327,9,"(0, 1)",4.6533355712890625,7,2.3466644287109375
327,11,"(2, 3)",1.826266884803772,3,1.173733115196228
327,11,"(1, 2)",1.9026387929916382,3,1.0973612070083618
327,12,"(2, 3)",2.209432601928711,3,0.7905673980712891
327,12,"(1, 2)",3.0739378929138184,3,0.07393789291381836
327,12,"(0, 1)",2.8330421447753906,4,1.1669578552246094
327,13,"(2, 3)",2.0406453609466553,2,0.04064536094665527
327,13,"(1, 2)",1.0231412649154663,1,0.02314126491546631
327,13,"(3, 4)",1.119098424911499,1,0.11909842491149902
328,1,"(0, 1)",13.381180763244629,5,8.381180763244629
328,1,"(1, 2)",15.25362491607666,8,7.25362491607666
328,1,"(2, 3)",15.330432891845703,9,6.330432891845703
328,1,"(3, 4)",13.303860664367676,7,6.303860664367676
328,2,"(0, 1)",8.817593574523926,4,4.817593574523926
328,2,"(1, 2)",10.788406372070312,7,3.7884063720703125
328,3,"(2, 3)",9.563580513000488,4,5.563580513000488
328,3,"(3, 4)",9.273423194885254,4,5.273423194885254
328,4,"(2, 3)",8.96955394744873,4,4.9695539474487305
328,4,"(1, 2)",9.684258460998535,8,1.6842584609985352
328,4,"(0, 1)",10.305058479309082,4,6.305058479309082
328,6,"(0, 1)",5.9950666427612305,2,3.9950666427612305
328,6,"(1, 2)",6.575186729431152,7,0.42481327056884766
328,8,"(2, 3)",4.380475997924805,1,3.3804759979248047
328,8,"(3, 4)",4.283819675445557,0,4.283819675445557
328,9,"(2, 3)",2.1621036529541016,1,1.1621036529541016
328,9,"(3, 4)",4.204570293426514,0,4.204570293426514
329,1,"(2, 3)",10.016451835632324,5,5.016451835632324
329,1,"(1, 2)",10.103320121765137,7,3.1033201217651367
329,2,"(2, 3)",8.636032104492188,5,3.6360321044921875
329,2,"(1, 2)",7.917206764221191,9,1.0827932357788086
329,2,"(3, 4)",9.412442207336426,6,3.412442207336426
329,5,"(2, 3)",4.622355937957764,6,1.3776440620422363
329,5,"(3, 4)",3.2783875465393066,6,2.7216124534606934
329,6,"(0, 1)",2.626826286315918,4,1.373173713684082
329,6,"(1, 2)",3.654888153076172,7,3.345111846923828
329,7,"(2, 3)",3.117187023162842,4,0.8828129768371582
329,7,"(1, 2)",3.953200340270996,7,3.046799659729004
329,7,"(0, 1)",3.6268301010131836,4,0.3731698989868164
329,8,"(2, 3)",1.423596739768982,3,1.576403260231018
329,8,"(3, 4)",0.899305522441864,2,1.100694477558136
329,9,"(0, 1)",2.1755566596984863,2,0.17555665969848633
329,9,"(1, 2)",3.114978790283203,3,0.11497879028320312
329,9,"(2, 3)",3.1592864990234375,3,0.1592864990234375
329,9,"(3, 4)",2.1576647758483887,2,0.15766477584838867
330,3,"(2, 3)",8.832049369812012,11,2.1679506301879883
330,3,"(1, 2)",7.6357421875,5,2.6357421875
330,3,"(3, 4)",6.0097761154174805,4,2.0097761154174805
330,6,"(2, 3)",6.616039276123047,7,0.3839607238769531
330,6,"(1, 2)",6.49327278137207,4,2.4932727813720703
330,6,"(3, 4)",4.943807601928711,3,1.943807601928711
330,6,"(0, 1)",5.071779251098633,5,0.07177925109863281
330,7,"(2, 3)",4.0126471519470215,4,0.012647151947021484
330,7,"(1, 2)",2.883108615875244,1,1.8831086158752441
330,7,"(3, 4)",2.704106330871582,1,1.704106330871582
331,2,"(0, 1)",6.8731842041015625,7,0.1268157958984375
331,2,"(1, 2)",7.913938045501709,6,1.913938045501709
331,2,"(2, 3)",8.000801086425781,7,1.0008010864257812
331,2,"(3, 4)",6.8034772872924805,6,0.8034772872924805
331,3,"(2, 3)",4.144089698791504,4,0.1440896987915039
331,3,"(1, 2)",4.213046550750732,3,1.2130465507507324
331,5,"(0, 1)",2.4844322204589844,3,0.5155677795410156
331,5,"(1, 2)",1.9441417455673218,2,0.05585825443267822
331,6,"(2, 3)",2.828808307647705,2,0.8288083076477051
331,6,"(1, 2)",1.895431637763977,2,0.10456836223602295
331,6,"(3, 4)",1.8128663301467896,1,0.8128663301467896
332,1,"(2, 3)",6.77079963684082,8,1.2292003631591797
332,1,"(1, 2)",6.837125778198242,4,2.837125778198242
332,5,"(0, 1)",2.4844322204589844,2,0.4844322204589844
332,5,"(1, 2)",1.9441417455673218,3,1.0558582544326782
332,6,"(0, 1)",3.060983180999756,2,1.0609831809997559
332,6,"(1, 2)",4.071023464202881,3,1.0710234642028809
332,6,"(2, 3)",4.199753284454346,4,0.1997532844543457
332,6,"(3, 4)",3.0778069496154785,2,1.0778069496154785
333,1,"(2, 3)",6.12690544128418,6,0.1269054412841797
333,1,"(1, 2)",6.021717071533203,9,2.978282928466797
333,3,"(2, 3)",6.9593377113342285,6,0.9593377113342285
333,3,"(1, 2)",6.913422107696533,8,1.0865778923034668
333,3,"(3, 4)",6.881433486938477,9,2.1185665130615234
333,3,"(0, 1)",6.8323163986206055,8,1.1676836013793945
333,6,"(2, 3)",1.826266884803772,3,1.173733115196228
333,6,"(1, 2)",1.9026387929916382,3,1.0973612070083618
333,7,"(0, 1)",3.1936464309692383,4,0.8063535690307617
333,7,"(1, 2)",3.336512565612793,3,0.33651256561279297
333,7,"(2, 3)",3.2583885192871094,3,0.2583885192871094
333,7,"(3, 4)",3.083588123321533,4,0.9164118766784668
333,8,"(2, 3)",0.10538852214813232,0,0.10538852214813232
333,8,"(1, 2)",0.07311448454856873,0,0.07311448454856873
334,1,"(2, 3)",7.543232440948486,8,0.45676755905151367
334,1,"(3, 4)",6.749994277954102,3,3.7499942779541016
334,2,"(2, 3)",9.10364055633545,9,0.10364055633544922
334,2,"(1, 2)",8.447745323181152,4,4.447745323181152
334,2,"(3, 4)",6.173962116241455,3,3.173962116241455
334,4,"(2, 3)",6.574419975280762,6,0.5744199752807617
334,4,"(1, 2)",5.266785621643066,3,2.2667856216430664
334,4,"(3, 4)",4.324835300445557,2,2.3248353004455566
334,5,"(2, 3)",5.080360412597656,4,1.0803604125976562
334,5,"(1, 2)",3.8526148796081543,2,1.8526148796081543
334,5,"(3, 4)",3.6027989387512207,1,2.6027989387512207
335,2,"(2, 3)",4.250181674957275,3,1.2501816749572754
335,2,"(1, 2)",4.1949028968811035,6,1.8050971031188965
335,3,"(2, 3)",4.419424057006836,3,1.419424057006836
335,3,"(1, 2)",4.281660556793213,6,1.718339443206787
335,4,"(2, 3)",2.0529932975769043,3,0.9470067024230957
335,4,"(3, 4)",2.7633562088012695,2,0.7633562088012695
335,6,"(2, 3)",3.22540283203125,3,0.22540283203125
335,6,"(1, 2)",3.1362929344177246,3,0.1362929344177246
335,6,"(3, 4)",2.1646342277526855,2,0.16463422775268555
335,6,"(0, 1)",2.1921372413635254,2,0.1921372413635254
336,2,"(2, 3)",13.2807035446167,6,7.280703544616699
336,2,"(1, 2)",12.02617073059082,5,7.02617073059082
336,2,"(3, 4)",11.639087677001953,4,7.639087677001953
336,4,"(2, 3)",10.946825981140137,5,5.946825981140137
336,4,"(1, 2)",9.81075382232666,6,3.81075382232666
336,4,"(3, 4)",10.088248252868652,4,6.088248252868652
336,9,"(2, 3)",5.90122127532959,3,2.90122127532959
336,9,"(1, 2)",4.83376932144165,8,3.1662306785583496
336,9,"(3, 4)",5.062163352966309,4,1.0621633529663086
336,11,"(0, 1)",4.431514739990234,3,1.4315147399902344
336,11,"(1, 2)",3.823664665222168,6,2.176335334777832
336,11,"(2, 3)",3.1367783546447754,1,2.1367783546447754
336,12,"(2, 3)",0.4943672716617584,0,0.4943672716617584
336,12,"(3, 4)",0.1475151777267456,0,0.1475151777267456
336,13,"(2, 3)",0.11587792634963989,0,0.11587792634963989
336,13,"(3, 4)",0.1558062583208084,0,0.1558062583208084
337,1,"(2, 3)",4.987273216247559,2,2.9872732162475586
337,1,"(3, 4)",6.11297607421875,3,3.11297607421875
337,3,"(2, 3)",2.7121200561523438,1,1.7121200561523438
337,3,"(1, 2)",2.749825954437256,2,0.7498259544372559
338,1,"(2, 3)",4.951986312866211,5,0.04801368713378906
338,1,"(1, 2)",5.944182395935059,6,0.055817604064941406
338,1,"(0, 1)",5.159946441650391,6,0.8400535583496094
338,2,"(0, 1)",5.381651878356934,5,0.3816518783569336
338,2,"(1, 2)",4.32698392868042,4,0.3269839286804199
338,2,"(2, 3)",4.018412113189697,4,0.018412113189697266
338,2,"(3, 4)",4.965886116027832,5,0.03411388397216797
338,4,"(2, 3)",1.1089022159576416,1,0.1089022159576416
338,4,"(1, 2)",1.0875858068466187,0,1.0875858068466187
339,3,"(2, 3)",12.600787162780762,16,3.3992128372192383
339,3,"(1, 2)",11.423624992370605,14,2.5763750076293945
339,3,"(3, 4)",10.309693336486816,12,1.6903066635131836
339,4,"(2, 3)",11.299738883972168,15,3.700261116027832
339,4,"(1, 2)",9.989995002746582,13,3.010004997253418
339,4,"(3, 4)",9.737260818481445,11,1.2627391815185547
339,5,"(2, 3)",11.712660789489746,13,1.287339210510254
339,5,"(1, 2)",11.549970626831055,13,1.4500293731689453
339,5,"(3, 4)",10.007220268249512,11,0.9927797317504883
339,5,"(0, 1)",10.096427917480469,11,0.9035720825195312
339,6,"(0, 1)",8.77999496459961,9,0.22000503540039062
339,6,"(1, 2)",9.211249351501465,11,1.7887506484985352
339,6,"(2, 3)",9.303242683410645,10,0.6967573165893555
339,6,"(3, 4)",8.651738166809082,9,0.34826183319091797
339,7,"(2, 3)",7.847813129425049,7,0.8478131294250488
339,7,"(1, 2)",6.849764823913574,8,1.1502351760864258
339,7,"(3, 4)",7.642016410827637,9,1.3579835891723633
339,8,"(2, 3)",5.955536842346191,5,0.9555368423461914
339,8,"(1, 2)",6.996447563171387,7,0.0035524368286132812
339,8,"(0, 1)",5.990414619445801,6,0.009585380554199219
339,9,"(0, 1)",6.304286003112793,5,1.304286003112793
339,9,"(1, 2)",5.310266494750977,5,0.31026649475097656
339,9,"(2, 3)",5.004607200622559,4,1.0046072006225586
339,9,"(3, 4)",5.9021992683410645,5,0.9021992683410645
339,13,"(2, 3)",0.1495564579963684,0,0.1495564579963684
339,13,"(1, 2)",0.1323675811290741,0,0.1323675811290741
341,3,"(2, 3)",1.92447829246521,3,1.07552170753479
341,3,"(3, 4)",2.454610824584961,4,1.545389175415039
341,4,"(2, 3)",3.0361132621765137,3,0.03611326217651367
341,4,"(1, 2)",2.050348997116089,3,0.9496510028839111
341,4,"(3, 4)",2.8007616996765137,4,1.1992383003234863
341,5,"(0, 1)",1.1439096927642822,1,0.14390969276428223
341,5,"(1, 2)",2.0451745986938477,2,0.045174598693847656
341,5,"(2, 3)",1.0560410022735596,1,0.05604100227355957
342,5,"(0, 1)",3.335144519805908,3,0.3351445198059082
342,5,"(1, 2)",3.102208137512207,1,2.102208137512207
342,6,"(2, 3)",1.826266884803772,1,0.826266884803772
342,6,"(1, 2)",1.9026387929916382,1,0.9026387929916382
343,4,"(2, 3)",1.47701096534729,3,1.52298903465271
343,4,"(3, 4)",0.6959632039070129,2,1.304036796092987
343,5,"(2, 3)",3.22540283203125,3,0.22540283203125
343,5,"(1, 2)",3.1362929344177246,3,0.1362929344177246
343,5,"(3, 4)",2.1646342277526855,2,0.16463422775268555
343,5,"(0, 1)",2.1921372413635254,2,0.1921372413635254
344,2,"(2, 3)",6.73610782623291,5,1.7361078262329102
344,2,"(1, 2)",7.895094871520996,6,1.895094871520996
344,2,"(0, 1)",5.180246353149414,2,3.180246353149414
344,3,"(0, 1)",4.146764755249023,1,3.1467647552490234
344,3,"(1, 2)",4.319755554199219,4,0.31975555419921875
344,5,"(2, 3)",2.997753143310547,2,0.9977531433105469
344,5,"(1, 2)",4.041967391967773,3,1.0419673919677734
344,5,"(0, 1)",2.817103862762451,1,1.8171038627624512
345,1,"(0, 1)",12.245743751525879,8,4.245743751525879
345,1,"(1, 2)",11.315688133239746,12,0.6843118667602539
345,1,"(2, 3)",10.57601261138916,9,1.5760126113891602
345,3,"(0, 1)",9.83615779876709,8,1.8361577987670898
345,3,"(1, 2)",9.477389335632324,12,2.522610664367676
345,3,"(2, 3)",9.478570938110352,8,1.4785709381103516
345,3,"(3, 4)",9.740504264831543,7,2.740504264831543
345,4,"(2, 3)",7.792346954345703,6,1.7923469543457031
345,4,"(1, 2)",7.609991073608398,9,1.3900089263916016
345,4,"(3, 4)",9.136778831481934,5,4.136778831481934
345,4,"(0, 1)",8.91907024383545,7,1.9190702438354492
345,6,"(2, 3)",6.959690093994141,4,2.9596900939941406
345,6,"(1, 2)",5.828207015991211,5,0.8282070159912109
345,6,"(3, 4)",5.896261215209961,2,3.896261215209961
345,8,"(2, 3)",3.5960144996643066,2,1.5960144996643066
345,8,"(3, 4)",2.552830696105957,1,1.552830696105957
346,3,"(0, 1)",4.920997619628906,3,1.9209976196289062
346,3,"(1, 2)",5.566641807556152,3,2.5666418075561523
346,3,"(2, 3)",5.518790245056152,6,0.48120975494384766
346,3,"(3, 4)",4.9504218101501465,2,2.9504218101501465
347,1,"(0, 1)",12.80491828918457,7,5.80491828918457
347,1,"(1, 2)",14.480578422546387,8,6.480578422546387
347,1,"(2, 3)",13.24109172821045,8,5.241091728210449
347,2,"(0, 1)",11.666939735412598,6,5.666939735412598
347,2,"(1, 2)",11.258561134338379,7,4.258561134338379
347,4,"(2, 3)",10.324820518493652,5,5.324820518493652
347,4,"(1, 2)",9.975687980651855,7,2.9756879806518555
347,4,"(3, 4)",12.467844009399414,11,1.467844009399414
347,5,"(2, 3)",9.47128963470459,3,6.47128963470459
347,5,"(1, 2)",10.461812019348145,7,3.4618120193481445
347,5,"(0, 1)",8.399552345275879,4,4.399552345275879
347,7,"(0, 1)",6.855902671813965,6,0.8559026718139648
347,7,"(1, 2)",8.061217308044434,7,1.0612173080444336
347,7,"(2, 3)",6.890990257263184,6,0.8909902572631836
347,9,"(2, 3)",4.144089698791504,5,0.8559103012084961
347,9,"(1, 2)",4.213046550750732,4,0.21304655075073242
347,13,"(2, 3)",3.22540283203125,3,0.22540283203125
347,13,"(1, 2)",3.1362929344177246,3,0.1362929344177246
347,13,"(3, 4)",2.1646342277526855,2,0.16463422775268555
347,13,"(0, 1)",2.1921372413635254,2,0.1921372413635254
348,2,"(2, 3)",8.005093574523926,8,0.005093574523925781
348,2,"(1, 2)",7.888915061950684,10,2.1110849380493164
348,2,"(3, 4)",6.841529846191406,8,1.1584701538085938
348,2,"(0, 1)",6.860729217529297,10,3.139270782470703
348,4,"(2, 3)",5.080360412597656,5,0.08036041259765625
348,4,"(1, 2)",3.8526148796081543,6,2.1473851203918457
348,4,"(3, 4)",3.6027989387512207,5,1.3972010612487793
348,5,"(2, 3)",2.0529932975769043,3,0.9470067024230957
348,5,"(3, 4)",2.7633562088012695,4,1.2366437911987305
348,6,"(0, 1)",2.8196921348571777,4,1.1803078651428223
348,6,"(1, 2)",3.029188632965088,3,0.02918863296508789
348,6,"(2, 3)",2.0920777320861816,3,0.9079222679138184
348,7,"(2, 3)",2.1914608478546143,2,0.19146084785461426
348,7,"(1, 2)",1.118086814880371,1,0.1180868148803711
348,7,"(3, 4)",1.1697611808776855,1,0.16976118087768555
349,2,"(2, 3)",11.80583667755127,3,8.80583667755127
349,2,"(3, 4)",13.410164833068848,7,6.410164833068848
349,4,"(2, 3)",8.733614921569824,3,5.733614921569824
349,4,"(1, 2)",8.987595558166504,6,2.987595558166504
349,5,"(2, 3)",9.934672355651855,5,4.9346723556518555
349,5,"(1, 2)",10.593154907226562,7,3.5931549072265625
349,5,"(0, 1)",11.929232597351074,12,0.07076740264892578
349,6,"(2, 3)",10.372276306152344,7,3.3722763061523438
349,6,"(1, 2)",9.301499366760254,8,1.301499366760254
349,6,"(3, 4)",8.30638313293457,8,0.3063831329345703
349,8,"(2, 3)",6.139801025390625,6,0.139801025390625
349,8,"(3, 4)",6.646480560302734,8,1.3535194396972656
349,9,"(2, 3)",4.432136535644531,6,1.5678634643554688
349,9,"(1, 2)",4.42877197265625,5,0.57122802734375
349,10,"(2, 3)",4.144089698791504,6,1.855910301208496
349,10,"(1, 2)",4.213046550750732,5,0.7869534492492676
349,11,"(2, 3)",5.079068660736084,6,0.920931339263916
349,11,"(1, 2)",3.8952536582946777,5,1.1047463417053223
349,11,"(3, 4)",4.378726959228516,4,0.3787269592285156
349,12,"(0, 1)",4.25963830947876,3,1.2596383094787598
349,12,"(1, 2)",3.75758695602417,4,0.24241304397583008
349,12,"(2, 3)",3.5557994842529297,4,0.4442005157470703
349,12,"(3, 4)",3.9494733810424805,3,0.9494733810424805
350,2,"(2, 3)",4.250181674957275,5,0.7498183250427246
350,2,"(1, 2)",4.1949028968811035,6,1.8050971031188965
350,4,"(2, 3)",4.0126471519470215,5,0.9873528480529785
350,4,"(1, 2)",2.883108615875244,5,2.116891384124756
350,4,"(3, 4)",2.704106330871582,3,0.29589366912841797
350,5,"(0, 1)",3.060983180999756,2,1.0609831809997559
350,5,"(1, 2)",4.071023464202881,4,0.07102346420288086
350,5,"(2, 3)",4.199753284454346,3,1.1997532844543457
350,5,"(3, 4)",3.0778069496154785,2,1.0778069496154785
351,1,"(2, 3)",12.901549339294434,7,5.901549339294434
351,1,"(3, 4)",11.031190872192383,5,6.031190872192383
351,2,"(0, 1)",9.468792915344238,2,7.468792915344238
351,2,"(1, 2)",11.68009090423584,4,7.68009090423584
351,3,"(0, 1)",9.299707412719727,2,7.299707412719727
351,3,"(1, 2)",10.755547523498535,5,5.755547523498535
351,5,"(2, 3)",8.384963035583496,9,0.6150369644165039
351,5,"(3, 4)",8.21608829498291,8,0.21608829498291016
351,7,"(0, 1)",6.53023624420166,7,0.46976375579833984
351,7,"(1, 2)",8.280953407287598,9,0.7190465927124023
351,7,"(2, 3)",6.990511894226074,11,4.009488105773926
351,8,"(0, 1)",4.323591232299805,6,1.6764087677001953
351,8,"(1, 2)",5.683311462402344,7,1.3166885375976562
351,10,"(2, 3)",4.7395524978637695,8,3.2604475021362305
351,10,"(1, 2)",4.200104236602783,6,1.7998957633972168
351,10,"(3, 4)",5.178900241851807,7,1.8210997581481934
351,11,"(0, 1)",3.9896340370178223,3,0.9896340370178223
351,11,"(1, 2)",5.229698657989502,5,0.22969865798950195
351,11,"(2, 3)",5.357064247131348,6,0.6429357528686523
351,11,"(3, 4)",4.013250827789307,6,1.9867491722106934
351,12,"(0, 1)",1.049493670463562,1,0.04949367046356201
351,12,"(1, 2)",1.4799233675003052,2,0.5200766324996948
351,13,"(2, 3)",1.2012345790863037,1,0.2012345790863037
351,13,"(1, 2)",2.191760540008545,2,0.19176054000854492
351,13,"(0, 1)",1.261260986328125,1,0.261260986328125
352,3,"(2, 3)",0.8767350316047668,0,0.8767350316047668
352,3,"(3, 4)",3.619499683380127,0,3.619499683380127
353,1,"(2, 3)",9.922595977783203,4,5.922595977783203
353,1,"(1, 2)",10.981972694396973,10,0.9819726943969727
353,1,"(0, 1)",10.169205665588379,4,6.169205665588379
353,2,"(0, 1)",6.933595657348633,3,3.933595657348633
353,2,"(1, 2)",8.684069633483887,9,0.3159303665161133
353,3,"(2, 3)",7.5737409591674805,1,6.5737409591674805
353,3,"(3, 4)",6.7910895347595215,5,1.7910895347595215
353,6,"(2, 3)",5.099554061889648,1,4.099554061889648
353,6,"(1, 2)",5.800661563873291,8,2.199338436126709
353,6,"(0, 1)",6.0358662605285645,3,3.0358662605285645
353,7,"(2, 3)",2.8769726753234863,0,2.8769726753234863
353,7,"(3, 4)",1.2327961921691895,2,0.7672038078308105
353,10,"(2, 3)",0.11587792634963989,0,0.11587792634963989
353,10,"(3, 4)",0.1558062583208084,0,0.1558062583208084
354,2,"(2, 3)",11.335478782653809,2,9.335478782653809
354,2,"(3, 4)",15.16110897064209,2,13.16110897064209
354,3,"(2, 3)",9.611104965209961,4,5.611104965209961
354,3,"(3, 4)",14.044774055480957,3,11.044774055480957
354,4,"(2, 3)",9.427813529968262,5,4.427813529968262
354,4,"(1, 2)",9.799508094787598,2,7.799508094787598
354,9,"(0, 1)",4.209018707275391,4,0.20901870727539062
354,9,"(1, 2)",5.620272159576416,5,0.620272159576416
354,11,"(0, 1)",3.7218189239501953,3,0.7218189239501953
354,11,"(1, 2)",5.015313625335693,5,0.01531362533569336
354,11,"(2, 3)",3.8918075561523438,3,0.8918075561523438
354,13,"(0, 1)",1.852382779121399,1,0.8523827791213989
354,13,"(1, 2)",2.7951579093933105,3,0.20484209060668945
354,13,"(2, 3)",1.9468495845794678,1,0.9468495845794678
355,1,"(2, 3)",6.77079963684082,7,0.2292003631591797
355,1,"(1, 2)",6.837125778198242,5,1.8371257781982422
355,2,"(2, 3)",6.7038164138793945,7,0.29618358612060547
355,2,"(1, 2)",6.871859073638916,5,1.871859073638916
355,5,"(2, 3)",2.554230213165283,5,2.445769786834717
355,5,"(3, 4)",1.7283589839935303,3,1.2716410160064697
355,6,"(0, 1)",1.049493670463562,2,0.950506329536438
355,6,"(1, 2)",1.4799233675003052,3,1.5200766324996948
355,7,"(2, 3)",3.22540283203125,3,0.22540283203125
355,7,"(1, 2)",3.1362929344177246,3,0.1362929344177246
355,7,"(3, 4)",2.1646342277526855,2,0.16463422775268555
355,7,"(0, 1)",2.1921372413635254,2,0.1921372413635254
356,1,"(2, 3)",9.464775085449219,2,7.464775085449219
356,1,"(3, 4)",9.075177192687988,5,4.075177192687988
356,5,"(2, 3)",3.6144838333129883,3,0.6144838333129883
356,5,"(1, 2)",3.820756435394287,1,2.820756435394287
356,10,"(2, 3)",0.1495564579963684,0,0.1495564579963684
356,10,"(1, 2)",0.1323675811290741,0,0.1323675811290741
357,2,"(0, 1)",4.20480489730835,3,1.2048048973083496
357,2,"(1, 2)",6.344109535217285,4,2.344109535217285
357,3,"(0, 1)",4.209018707275391,3,1.2090187072753906
357,3,"(1, 2)",5.620272159576416,4,1.620272159576416
357,5,"(2, 3)",4.234788417816162,4,0.2347884178161621
357,5,"(1, 2)",4.783534049987793,4,0.783534049987793
357,5,"(0, 1)",5.225758075714111,3,2.2257580757141113
357,6,"(2, 3)",2.554230213165283,3,0.4457697868347168
357,6,"(3, 4)",1.7283589839935303,1,0.7283589839935303
357,8,"(0, 1)",0.2059890180826187,0,0.2059890180826187
357,8,"(1, 2)",0.17118015885353088,0,0.17118015885353088
358,1,"(2, 3)",10.29889965057373,7,3.2988996505737305
358,1,"(1, 2)",10.261883735656738,7,3.2618837356567383
358,2,"(2, 3)",9.922595977783203,9,0.9225959777832031
358,2,"(1, 2)",10.981972694396973,7,3.9819726943969727
358,2,"(0, 1)",10.169205665588379,8,2.169205665588379
358,4,"(2, 3)",8.509018898010254,8,0.5090188980102539
358,4,"(1, 2)",8.48706340789795,7,1.4870634078979492
358,5,"(2, 3)",8.06418228149414,8,0.06418228149414062
358,5,"(1, 2)",6.806275844573975,8,1.1937241554260254
358,5,"(3, 4)",6.8175859451293945,4,2.8175859451293945
358,6,"(0, 1)",7.170557975769043,3,4.170557975769043
358,6,"(1, 2)",9.160521507263184,7,2.1605215072631836
358,6,"(2, 3)",9.121222496032715,6,3.121222496032715
358,6,"(3, 4)",7.208258152008057,3,4.208258152008057
358,8,"(0, 1)",3.335144519805908,1,2.335144519805908
358,8,"(1, 2)",3.102208137512207,3,0.10220813751220703
358,10,"(2, 3)",0.5482827425003052,0,0.5482827425003052
358,10,"(3, 4)",1.572024941444397,0,1.572024941444397
359,1,"(0, 1)",15.044146537780762,8,7.044146537780762
359,1,"(1, 2)",10.7481050491333,4,6.748105049133301
359,2,"(2, 3)",9.671063423156738,3,6.671063423156738
359,2,"(1, 2)",9.942627906799316,5,4.942627906799316
359,3,"(2, 3)",9.679526329040527,3,6.679526329040527
359,3,"(1, 2)",9.42375659942627,6,3.4237565994262695
359,6,"(2, 3)",5.604779243469238,7,1.3952207565307617
359,6,"(3, 4)",9.478301048278809,6,3.4783010482788086
359,7,"(2, 3)",8.832049369812012,7,1.8320493698120117
359,7,"(1, 2)",7.6357421875,8,0.3642578125
359,7,"(3, 4)",6.0097761154174805,6,0.009776115417480469
359,10,"(2, 3)",3.4591593742370605,5,1.5408406257629395
359,10,"(1, 2)",3.3792614936828613,5,1.6207385063171387
359,11,"(2, 3)",3.9289016723632812,5,1.0710983276367188
359,11,"(1, 2)",2.8324618339538574,5,2.1675381660461426
359,11,"(3, 4)",2.746033191680908,3,0.2539668083190918
359,12,"(2, 3)",4.155910968780518,3,1.1559109687805176
359,12,"(1, 2)",4.119858741760254,4,0.1198587417602539
359,12,"(3, 4)",3.0174994468688965,2,1.0174994468688965
359,12,"(0, 1)",3.132997989654541,2,1.132997989654541
360,1,"(2, 3)",14.877273559570312,10,4.8772735595703125
360,1,"(1, 2)",13.596081733703613,4,9.596081733703613
360,1,"(3, 4)",12.441155433654785,8,4.441155433654785
360,2,"(2, 3)",11.784098625183105,10,1.7840986251831055
360,2,"(1, 2)",11.79476261138916,4,7.79476261138916
360,3,"(0, 1)",10.956053733825684,11,0.043946266174316406
360,3,"(1, 2)",10.105010032653809,4,6.105010032653809
360,5,"(0, 1)",10.668407440185547,14,3.331592559814453
360,5,"(1, 2)",7.011501789093018,5,2.0115017890930176
360,6,"(2, 3)",10.238598823547363,11,0.7614011764526367
360,6,"(1, 2)",9.121662139892578,8,1.1216621398925781
360,6,"(3, 4)",7.373697280883789,8,0.6263027191162109
360,7,"(2, 3)",8.719386100769043,11,2.280613899230957
360,7,"(1, 2)",7.456015586853027,7,0.45601558685302734
360,7,"(3, 4)",6.300356388092041,8,1.699643611907959
360,8,"(2, 3)",7.198782920837402,9,1.8012170791625977
360,8,"(1, 2)",6.104657173156738,6,0.10465717315673828
360,8,"(3, 4)",5.475449085235596,7,1.5245509147644043
360,9,"(2, 3)",5.095266342163086,7,1.904733657836914
360,9,"(1, 2)",5.255784511566162,5,0.2557845115661621
360,10,"(2, 3)",5.079068660736084,7,1.920931339263916
360,10,"(1, 2)",3.8952536582946777,5,1.1047463417053223
360,10,"(3, 4)",4.378726959228516,4,0.3787269592285156
360,12,"(2, 3)",4.155910968780518,5,0.8440890312194824
360,12,"(1, 2)",4.119858741760254,3,1.119858741760254
360,12,"(3, 4)",3.0174994468688965,3,0.017499446868896484
360,12,"(0, 1)",3.132997989654541,2,1.132997989654541
360,13,"(0, 1)",0.2059890180826187,0,0.2059890180826187
360,13,"(1, 2)",0.17118015885353088,0,0.17118015885353088
361,1,"(0, 1)",16.595155715942383,8,8.595155715942383
361,1,"(1, 2)",15.227628707885742,12,3.227628707885742
361,1,"(2, 3)",14.74648666381836,7,7.746486663818359
361,2,"(2, 3)",16.562734603881836,7,9.562734603881836
361,2,"(1, 2)",16.39019203186035,10,6.390192031860352
361,2,"(3, 4)",15.141079902648926,6,9.141079902648926
361,2,"(0, 1)",15.165719032287598,7,8.165719032287598
361,3,"(2, 3)",12.81847858428955,7,5.818478584289551
361,3,"(3, 4)",11.97571849822998,6,5.9757184982299805
361,5,"(2, 3)",11.004637718200684,8,3.0046377182006836
361,5,"(1, 2)",11.562043190002441,9,2.5620431900024414
361,5,"(0, 1)",13.67296314239502,8,5.6729631423950195
361,6,"(2, 3)",11.976407051086426,8,3.976407051086426
361,6,"(1, 2)",10.839838027954102,7,3.8398380279541016
361,6,"(3, 4)",9.18929386138916,3,6.18929386138916
361,9,"(2, 3)",7.324765205383301,9,1.6752347946166992
361,9,"(1, 2)",7.151503562927246,8,0.8484964370727539
361,9,"(3, 4)",8.020869255065918,5,3.020869255065918
361,9,"(0, 1)",7.848153114318848,11,3.1518468856811523
361,10,"(2, 3)",5.612648010253906,6,0.38735198974609375
361,10,"(3, 4)",4.2160186767578125,3,1.2160186767578125
361,13,"(2, 3)",4.0126471519470215,4,0.012647151947021484
361,13,"(1, 2)",2.883108615875244,3,0.11689138412475586
361,13,"(3, 4)",2.704106330871582,3,0.29589366912841797
361,14,"(2, 3)",3.05509090423584,2,1.0550909042358398
361,14,"(1, 2)",2.122331142425537,2,0.12233114242553711
361,14,"(3, 4)",2.7673211097717285,2,0.7673211097717285
362,2,"(2, 3)",10.92743968963623,9,1.9274396896362305
362,2,"(1, 2)",9.72971248626709,6,3.72971248626709
362,2,"(3, 4)",10.105767250061035,5,5.105767250061035
362,5,"(2, 3)",8.140108108520508,11,2.859891891479492
362,5,"(1, 2)",8.088884353637695,5,3.0888843536376953
362,5,"(3, 4)",7.803210258483887,6,1.8032102584838867
362,5,"(0, 1)",7.739177703857422,6,1.7391777038574219
362,7,"(0, 1)",4.146764755249023,4,0.14676475524902344
362,7,"(1, 2)",4.319755554199219,1,3.3197555541992188
362,9,"(2, 3)",4.026495933532715,5,0.9735040664672852
362,9,"(1, 2)",3.0550689697265625,1,2.0550689697265625
362,9,"(3, 4)",3.5674338340759277,2,1.5674338340759277
362,11,"(0, 1)",0.06365779042243958,0,0.06365779042243958
362,11,"(1, 2)",0.05576014518737793,0,0.05576014518737793
363,2,"(2, 3)",9.671063423156738,3,6.671063423156738
363,2,"(1, 2)",9.942627906799316,6,3.9426279067993164
363,3,"(0, 1)",11.936434745788574,6,5.936434745788574
363,3,"(1, 2)",9.456255912780762,9,0.4562559127807617
363,4,"(2, 3)",7.322349548339844,4,3.3223495483398438
363,4,"(3, 4)",12.120397567749023,9,3.1203975677490234
363,6,"(2, 3)",7.914648056030273,7,0.9146480560302734
363,6,"(1, 2)",8.873541831970215,7,1.8735418319702148
363,6,"(0, 1)",8.557052612304688,11,2.4429473876953125
363,7,"(2, 3)",4.518775939941406,6,1.4812240600585938
363,7,"(1, 2)",4.453657150268555,5,0.5463428497314453
363,9,"(2, 3)",5.268227577209473,6,0.7317724227905273
363,9,"(1, 2)",5.050238609313965,4,1.0502386093139648
363,9,"(3, 4)",6.274670600891113,7,0.7253293991088867
363,9,"(0, 1)",5.925633430480957,10,4.074366569519043
363,10,"(2, 3)",2.0011494159698486,3,0.9988505840301514
363,10,"(1, 2)",1.9726134538650513,1,0.9726134538650513
363,12,"(2, 3)",3.037886142730713,2,1.037886142730713
363,12,"(1, 2)",1.9371215105056763,1,0.9371215105056763
363,12,"(3, 4)",1.8792953491210938,3,1.1207046508789062
363,13,"(2, 3)",0.1495564579963684,0,0.1495564579963684
363,13,"(1, 2)",0.1323675811290741,0,0.1323675811290741
364,1,"(2, 3)",12.600550651550293,11,1.600550651550293
364,1,"(1, 2)",12.646839141845703,8,4.646839141845703
364,2,"(2, 3)",14.110569953918457,11,3.110569953918457
364,2,"(1, 2)",13.974749565124512,9,4.974749565124512
364,2,"(3, 4)",12.21015453338623,7,5.2101545333862305
364,2,"(0, 1)",12.290942192077637,8,4.290942192077637
364,3,"(2, 3)",10.540793418884277,10,0.5407934188842773
364,3,"(1, 2)",9.635697364807129,6,3.635697364807129
364,3,"(3, 4)",10.74831771850586,6,4.748317718505859
364,4,"(0, 1)",7.052150726318359,3,4.052150726318359
364,4,"(1, 2)",8.73165225982666,6,2.73165225982666
364,7,"(0, 1)",7.170557975769043,2,5.170557975769043
364,7,"(1, 2)",9.160521507263184,6,3.1605215072631836
364,7,"(2, 3)",9.121222496032715,6,3.121222496032715
364,7,"(3, 4)",7.208258152008057,3,4.208258152008057
364,9,"(0, 1)",3.6277332305908203,0,3.6277332305908203
364,9,"(1, 2)",3.22183895111084,2,1.2218389511108398
365,1,"(2, 3)",13.218676567077637,8,5.218676567077637
365,1,"(1, 2)",14.4135103225708,6,8.4135103225708
365,1,"(0, 1)",12.719980239868164,5,7.719980239868164
365,3,"(2, 3)",10.975760459899902,10,0.9757604598999023
365,3,"(1, 2)",10.957927703857422,7,3.957927703857422
365,4,"(0, 1)",11.1405611038208,5,6.140561103820801
365,4,"(1, 2)",8.238173484802246,7,1.238173484802246
365,7,"(2, 3)",10.512822151184082,12,1.487177848815918
365,7,"(1, 2)",10.255776405334473,9,1.2557764053344727
365,7,"(3, 4)",8.273368835449219,8,0.27336883544921875
365,7,"(0, 1)",8.3598051071167,9,0.6401948928833008
365,8,"(2, 3)",8.005093574523926,9,0.9949064254760742
365,8,"(1, 2)",7.888915061950684,6,1.8889150619506836
365,8,"(3, 4)",6.841529846191406,6,0.8415298461914062
365,8,"(0, 1)",6.860729217529297,7,0.13927078247070312
365,11,"(0, 1)",3.9701313972473145,4,0.029868602752685547
365,11,"(1, 2)",4.3833160400390625,3,1.3833160400390625
365,11,"(2, 3)",4.390702247619629,4,0.3907022476196289
365,11,"(3, 4)",4.086543083190918,4,0.08654308319091797
365,13,"(2, 3)",0.10538852214813232,0,0.10538852214813232
365,13,"(1, 2)",0.07311448454856873,0,0.07311448454856873
366,1,"(2, 3)",11.876495361328125,2,9.876495361328125
366,1,"(3, 4)",16.3491153717041,5,11.349115371704102
366,2,"(2, 3)",11.238533973693848,4,7.238533973693848
366,2,"(1, 2)",11.567200660705566,7,4.567200660705566
366,3,"(2, 3)",9.34082317352295,4,5.340823173522949
366,3,"(3, 4)",14.076085090637207,6,8.076085090637207
366,5,"(2, 3)",10.189513206481934,8,2.1895132064819336
366,5,"(1, 2)",11.218772888183594,9,2.2187728881835938
366,5,"(0, 1)",9.77574634552002,10,0.22425365447998047
366,8,"(2, 3)",7.53115177154541,8,0.46884822845458984
366,8,"(1, 2)",6.75938606262207,9,2.2406139373779297
366,8,"(3, 4)",8.376522064208984,12,3.6234779357910156
366,9,"(2, 3)",5.104586601257324,6,0.8954133987426758
366,9,"(1, 2)",5.115095138549805,8,2.8849048614501953
366,10,"(2, 3)",5.133591651916504,6,0.8664083480834961
366,10,"(1, 2)",6.187769889831543,8,1.812230110168457
366,10,"(0, 1)",4.6533355712890625,5,0.3466644287109375
366,11,"(0, 1)",5.117428779602051,4,1.1174287796020508
366,11,"(1, 2)",4.724847316741943,6,1.2751526832580566
366,11,"(2, 3)",4.605953216552734,5,0.3940467834472656
366,11,"(3, 4)",4.893951416015625,6,1.106048583984375
366,12,"(2, 3)",3.117187023162842,2,1.1171870231628418
366,12,"(1, 2)",3.953200340270996,3,0.9532003402709961
366,12,"(0, 1)",3.6268301010131836,2,1.6268301010131836
367,1,"(2, 3)",5.095266342163086,6,0.9047336578369141
367,1,"(1, 2)",5.255784511566162,6,0.7442154884338379
367,2,"(2, 3)",5.080360412597656,6,0.9196395874023438
367,2,"(1, 2)",3.8526148796081543,6,2.1473851203918457
367,2,"(3, 4)",3.6027989387512207,3,0.6027989387512207
367,4,"(0, 1)",3.060983180999756,3,0.06098318099975586
367,4,"(1, 2)",4.071023464202881,5,0.9289765357971191
367,4,"(2, 3)",4.199753284454346,3,1.1997532844543457
367,4,"(3, 4)",3.0778069496154785,2,1.0778069496154785
367,5,"(2, 3)",0.11587792634963989,0,0.11587792634963989
367,5,"(3, 4)",0.1558062583208084,0,0.1558062583208084
368,3,"(2, 3)",12.901549339294434,8,4.901549339294434
368,3,"(3, 4)",11.031190872192383,5,6.031190872192383
368,5,"(2, 3)",10.99101734161377,10,0.9910173416137695
368,5,"(1, 2)",12.014426231384277,6,6.014426231384277
368,5,"(0, 1)",11.102293014526367,8,3.102293014526367
368,7,"(0, 1)",9.404486656188965,9,0.40448665618896484
368,7,"(1, 2)",7.833763122558594,7,0.8337631225585938
368,8,"(2, 3)",9.152215003967285,11,1.8477849960327148
368,8,"(1, 2)",7.868228435516357,9,1.1317715644836426
368,8,"(3, 4)",7.778474807739258,8,0.2215251922607422
368,10,"(2, 3)",9.261338233947754,9,0.2613382339477539
368,10,"(1, 2)",8.996150016784668,8,0.996150016784668
368,10,"(3, 4)",7.126640796661377,7,0.12664079666137695
368,10,"(0, 1)",7.2549662590026855,7,0.25496625900268555
368,11,"(2, 3)",5.819095611572266,6,0.18090438842773438
368,11,"(1, 2)",5.978894233703613,5,0.9788942337036133
368,12,"(0, 1)",3.335144519805908,3,0.3351445198059082
368,12,"(1, 2)",3.102208137512207,5,1.897791862487793
368,13,"(0, 1)",3.9896340370178223,3,0.9896340370178223
368,13,"(1, 2)",5.229698657989502,5,0.22969865798950195
368,13,"(2, 3)",5.357064247131348,4,1.3570642471313477
368,13,"(3, 4)",4.013250827789307,2,2.0132508277893066
368,14,"(2, 3)",1.47701096534729,1,0.47701096534729004
368,14,"(3, 4)",0.6959632039070129,0,0.6959632039070129
369,2,"(2, 3)",11.786335945129395,5,6.7863359451293945
369,2,"(1, 2)",11.140912055969238,9,2.1409120559692383
369,2,"(3, 4)",13.3539400100708,9,4.353940010070801
369,5,"(2, 3)",6.602757453918457,4,2.602757453918457
369,5,"(3, 4)",8.599398612976074,10,1.4006013870239258
369,6,"(2, 3)",7.778267860412598,5,2.7782678604125977
369,6,"(1, 2)",8.985852241516113,9,0.014147758483886719
369,6,"(0, 1)",6.128940582275391,6,0.12894058227539062
369,8,"(2, 3)",5.133591651916504,4,1.133591651916504
369,8,"(1, 2)",6.187769889831543,6,0.18776988983154297
369,8,"(0, 1)",4.6533355712890625,5,0.3466644287109375
369,9,"(2, 3)",4.419424057006836,3,1.419424057006836
369,9,"(1, 2)",4.281660556793213,4,0.2816605567932129
369,10,"(2, 3)",1.92447829246521,3,1.07552170753479
369,10,"(3, 4)",2.454610824584961,4,1.545389175415039
369,11,"(0, 1)",0.7528142333030701,1,0.24718576669692993
369,11,"(1, 2)",1.4788423776626587,2,0.5211576223373413
369,12,"(2, 3)",1.2012345790863037,1,0.2012345790863037
369,12,"(1, 2)",2.191760540008545,2,0.19176054000854492
369,12,"(0, 1)",1.261260986328125,1,0.261260986328125
370,2,"(2, 3)",14.783526420593262,8,6.783526420593262
370,2,"(1, 2)",14.881678581237793,11,3.881678581237793
370,3,"(0, 1)",13.381180763244629,11,2.381180763244629
370,3,"(1, 2)",15.25362491607666,11,4.25362491607666
370,3,"(2, 3)",15.330432891845703,10,5.330432891845703
370,3,"(3, 4)",13.303860664367676,8,5.303860664367676
370,4,"(2, 3)",10.711304664611816,9,1.7113046646118164
370,4,"(3, 4)",8.749608993530273,7,1.7496089935302734
370,5,"(2, 3)",11.299738883972168,11,0.29973888397216797
370,5,"(1, 2)",9.989995002746582,7,2.989995002746582
370,5,"(3, 4)",9.737260818481445,8,1.7372608184814453
370,6,"(2, 3)",10.602095603942871,9,1.602095603942871
370,6,"(1, 2)",10.645734786987305,8,2.6457347869873047
370,7,"(2, 3)",7.638619899749756,9,1.3613801002502441
370,7,"(3, 4)",6.013947486877441,5,1.0139474868774414
370,8,"(0, 1)",7.890215873718262,7,0.8902158737182617
370,8,"(1, 2)",9.154576301574707,7,2.154576301574707
370,8,"(2, 3)",9.25870418548584,10,0.7412958145141602
370,8,"(3, 4)",7.865631103515625,5,2.865631103515625
370,9,"(0, 1)",4.209018707275391,5,0.7909812927246094
370,9,"(1, 2)",5.620272159576416,4,1.620272159576416
370,10,"(2, 3)",6.036665916442871,5,1.036665916442871
370,10,"(1, 2)",4.805319786071777,4,0.8053197860717773
370,10,"(3, 4)",5.151089668273926,2,3.151089668273926
370,11,"(0, 1)",2.626826286315918,2,0.626826286315918
370,11,"(1, 2)",3.654888153076172,3,0.6548881530761719
370,12,"(2, 3)",2.0529932975769043,1,1.0529932975769043
370,12,"(3, 4)",2.7633562088012695,0,2.7633562088012695
371,4,"(2, 3)",5.90122127532959,4,1.9012212753295898
371,4,"(1, 2)",4.83376932144165,5,0.1662306785583496
371,4,"(3, 4)",5.062163352966309,4,1.0621633529663086
371,8,"(2, 3)",1.2012345790863037,1,0.2012345790863037
371,8,"(1, 2)",2.191760540008545,2,0.19176054000854492
371,8,"(0, 1)",1.261260986328125,1,0.261260986328125
372,1,"(0, 1)",11.097372055053711,6,5.097372055053711
372,1,"(1, 2)",12.037999153137207,9,3.037999153137207
372,1,"(2, 3)",10.94189167022705,5,5.941891670227051
372,2,"(0, 1)",6.870334625244141,5,1.8703346252441406
372,2,"(1, 2)",9.30047607421875,7,2.30047607421875
372,4,"(2, 3)",8.636032104492188,7,1.6360321044921875
372,4,"(1, 2)",7.917206764221191,8,0.0827932357788086
372,4,"(3, 4)",9.412442207336426,6,3.412442207336426
372,5,"(2, 3)",6.494389533996582,8,1.505610466003418
372,5,"(3, 4)",5.841130256652832,7,1.158869743347168
372,7,"(2, 3)",4.380475997924805,8,3.6195240020751953
372,7,"(3, 4)",4.283819675445557,7,2.7161803245544434
372,8,"(0, 1)",1.4096416234970093,3,1.5903583765029907
372,8,"(1, 2)",3.1550049781799316,5,1.8449950218200684
372,9,"(0, 1)",2.7790517807006836,3,0.2209482192993164
372,9,"(1, 2)",3.918628215789795,5,1.081371784210205
372,9,"(2, 3)",2.905128002166748,6,3.094871997833252
372,10,"(0, 1)",0.7528142333030701,2,1.24718576669693
372,10,"(1, 2)",1.4788423776626587,3,1.5211576223373413
372,11,"(0, 1)",2.1755566596984863,2,0.17555665969848633
372,11,"(1, 2)",3.114978790283203,3,0.11497879028320312
372,11,"(2, 3)",3.1592864990234375,3,0.1592864990234375
372,11,"(3, 4)",2.1576647758483887,2,0.15766477584838867
373,1,"(2, 3)",10.742772102355957,7,3.742772102355957
373,1,"(3, 4)",9.466901779174805,5,4.466901779174805
373,4,"(2, 3)",10.495635032653809,10,0.4956350326538086
373,4,"(1, 2)",10.346988677978516,10,0.3469886779785156
373,4,"(3, 4)",8.928858757019043,6,2.928858757019043
373,4,"(0, 1)",9.004376411437988,9,0.004376411437988281
373,7,"(0, 1)",5.886614799499512,7,1.1133852005004883
373,7,"(1, 2)",6.731570243835449,6,0.7315702438354492
373,7,"(2, 3)",6.736943244934082,8,1.263056755065918
373,7,"(3, 4)",5.840493679046631,4,1.8404936790466309
373,8,"(2, 3)",4.883207321166992,5,0.11679267883300781
373,8,"(1, 2)",3.917814254760742,3,0.9178142547607422
373,8,"(3, 4)",4.27088737487793,2,2.2708873748779297
373,9,"(2, 3)",2.574544906616211,3,0.42545509338378906
373,9,"(3, 4)",1.6501250267028809,1,0.6501250267028809
373,11,"(0, 1)",0.06365779042243958,0,0.06365779042243958
373,11,"(1, 2)",0.05576014518737793,0,0.05576014518737793
374,1,"(2, 3)",14.35515022277832,12,2.3551502227783203
374,1,"(1, 2)",13.974839210510254,8,5.974839210510254
374,1,"(3, 4)",16.432546615600586,9,7.432546615600586
374,3,"(0, 1)",12.011311531066895,7,5.0113115310668945
374,3,"(1, 2)",11.397998809814453,8,3.397998809814453
374,4,"(0, 1)",11.8942289352417,7,4.894228935241699
374,4,"(1, 2)",11.040863990783691,8,3.0408639907836914
374,4,"(2, 3)",10.935181617736816,11,0.0648183822631836
374,4,"(3, 4)",11.723980903625488,10,1.7239809036254883
374,5,"(0, 1)",9.5171480178833,5,4.517148017883301
374,5,"(1, 2)",11.556181907653809,6,5.556181907653809
374,5,"(2, 3)",10.271997451782227,8,2.2719974517822266
374,6,"(2, 3)",9.405800819396973,7,2.4058008193969727
374,6,"(1, 2)",9.00135326385498,4,5.0013532638549805
374,6,"(3, 4)",11.569242477416992,8,3.569242477416992
374,7,"(0, 1)",8.974276542663574,3,5.974276542663574
374,7,"(1, 2)",6.693620681762695,4,2.6936206817626953
374,9,"(2, 3)",6.303560256958008,2,4.303560256958008
374,9,"(1, 2)",7.246899127960205,5,2.246899127960205
374,9,"(0, 1)",5.585883140563965,3,2.585883140563965
374,12,"(2, 3)",1.826266884803772,0,1.826266884803772
374,12,"(1, 2)",1.9026387929916382,2,0.09736120700836182
375,1,"(2, 3)",9.371731758117676,7,2.371731758117676
375,1,"(1, 2)",9.406781196594238,8,1.4067811965942383
375,2,"(2, 3)",9.31325912475586,7,2.3132591247558594
375,2,"(1, 2)",9.284018516540527,10,0.7159814834594727
375,3,"(2, 3)",7.543232440948486,8,0.45676755905151367
375,3,"(3, 4)",6.749994277954102,9,2.2500057220458984
375,4,"(2, 3)",9.235246658325195,9,0.2352466583251953
375,4,"(1, 2)",9.127490997314453,10,0.8725090026855469
375,4,"(3, 4)",7.862587928771973,9,1.1374120712280273
375,4,"(0, 1)",7.917346000671387,9,1.0826539993286133
375,5,"(2, 3)",5.976040363311768,6,0.023959636688232422
375,5,"(1, 2)",5.8882904052734375,7,1.1117095947265625
375,7,"(2, 3)",5.624784469604492,5,0.6247844696044922
375,7,"(1, 2)",5.460466384887695,7,1.5395336151123047
375,7,"(3, 4)",4.889527797698975,5,0.11047220230102539
375,7,"(0, 1)",5.005620002746582,5,0.005620002746582031
375,8,"(2, 3)",1.92447829246521,2,0.07552170753479004
375,8,"(3, 4)",2.454610824584961,3,0.5453891754150391
375,9,"(0, 1)",2.8196921348571777,2,0.8196921348571777
375,9,"(1, 2)",3.029188632965088,2,1.029188632965088
375,9,"(2, 3)",2.0920777320861816,2,0.09207773208618164
376,4,"(2, 3)",4.739282131195068,6,1.2607178688049316
376,4,"(1, 2)",5.769896984100342,7,1.2301030158996582
376,4,"(0, 1)",3.3428406715393066,4,0.6571593284606934
376,6,"(0, 1)",1.852382779121399,3,1.147617220878601
376,6,"(1, 2)",2.7951579093933105,5,2.2048420906066895
376,6,"(2, 3)",1.9468495845794678,4,2.0531504154205322
376,7,"(2, 3)",3.22540283203125,3,0.22540283203125
376,7,"(1, 2)",3.1362929344177246,3,0.1362929344177246
376,7,"(3, 4)",2.1646342277526855,2,0.16463422775268555
376,7,"(0, 1)",2.1921372413635254,2,0.1921372413635254
377,1,"(2, 3)",9.344697952270508,2,7.344697952270508
377,1,"(1, 2)",9.35531997680664,8,1.3553199768066406
377,3,"(2, 3)",6.602757453918457,4,2.602757453918457
377,3,"(3, 4)",8.599398612976074,8,0.5993986129760742
377,6,"(2, 3)",5.794177055358887,4,1.7941770553588867
377,6,"(1, 2)",4.926222801208496,8,3.073777198791504
377,6,"(3, 4)",6.0222344398498535,7,0.9777655601501465
377,7,"(2, 3)",0.8406380414962769,2,1.1593619585037231
377,7,"(3, 4)",5.145859718322754,6,0.8541402816772461
377,8,"(2, 3)",3.6554813385009766,2,1.6554813385009766
377,8,"(1, 2)",4.69935417175293,5,0.3006458282470703
377,8,"(0, 1)",2.379119873046875,2,0.379119873046875
377,9,"(2, 3)",2.019472122192383,1,1.0194721221923828
377,9,"(1, 2)",3.068838596343994,3,0.06883859634399414
377,9,"(0, 1)",1.9996460676193237,1,0.9996460676193237
378,2,"(2, 3)",13.397237777709961,7,6.397237777709961
378,2,"(1, 2)",13.000343322753906,9,4.000343322753906
378,2,"(3, 4)",15.535144805908203,5,10.535144805908203
378,3,"(0, 1)",12.961955070495605,4,8.961955070495605
378,3,"(1, 2)",14.081643104553223,10,4.081643104553223
378,3,"(2, 3)",14.137887001037598,6,8.137887001037598
378,3,"(3, 4)",12.873916625976562,7,5.8739166259765625
378,4,"(0, 1)",9.299707412719727,2,7.299707412719727
378,4,"(1, 2)",10.755547523498535,8,2.755547523498535
378,7,"(2, 3)",5.604779243469238,4,1.6047792434692383
378,7,"(3, 4)",9.478301048278809,11,1.5216989517211914
378,9,"(2, 3)",7.665835380554199,4,3.665835380554199
378,9,"(1, 2)",8.261775970458984,8,0.2617759704589844
378,9,"(0, 1)",5.291060924530029,3,2.2910609245300293
378,12,"(0, 1)",2.2897186279296875,2,0.2897186279296875
378,12,"(1, 2)",4.428794860839844,5,0.5712051391601562
378,12,"(2, 3)",3.1496291160583496,2,1.1496291160583496
378,13,"(0, 1)",1.852382779121399,1,0.8523827791213989
378,13,"(1, 2)",2.7951579093933105,3,0.20484209060668945
378,13,"(2, 3)",1.9468495845794678,1,0.9468495845794678
379,1,"(0, 1)",9.59207820892334,5,4.59207820892334
379,1,"(1, 2)",12.385457038879395,6,6.3854570388793945
379,3,"(2, 3)",10.687057495117188,8,2.6870574951171875
379,3,"(3, 4)",8.609513282775879,6,2.609513282775879
379,4,"(0, 1)",7.917111873626709,6,1.917111873626709
379,4,"(1, 2)",9.765870094299316,6,3.7658700942993164
379,5,"(2, 3)",10.63106632232666,6,4.63106632232666
379,5,"(1, 2)",10.674208641052246,8,2.674208641052246
379,6,"(2, 3)",10.495635032653809,7,3.4956350326538086
379,6,"(1, 2)",10.346988677978516,10,0.3469886779785156
379,6,"(3, 4)",8.928858757019043,6,2.928858757019043
379,6,"(0, 1)",9.004376411437988,6,3.0043764114379883
379,7,"(0, 1)",5.12094783782959,5,0.12094783782958984
379,7,"(1, 2)",6.629359245300293,9,2.370640754699707
379,10,"(2, 3)",3.1646313667297363,1,2.1646313667297363
379,10,"(3, 4)",1.3435230255126953,3,1.6564769744873047
379,11,"(2, 3)",2.574544906616211,1,1.574544906616211
379,11,"(3, 4)",1.6501250267028809,3,1.3498749732971191
379,12,"(0, 1)",2.8196921348571777,2,0.8196921348571777
379,12,"(1, 2)",3.029188632965088,4,0.9708113670349121
379,12,"(2, 3)",2.0920777320861816,1,1.0920777320861816
379,13,"(2, 3)",0.08881738781929016,0,0.08881738781929016
379,13,"(3, 4)",0.03796178102493286,0,0.03796178102493286
380,1,"(2, 3)",5.971348762512207,6,0.02865123748779297
380,1,"(1, 2)",6.013814926147461,7,0.9861850738525391
380,2,"(0, 1)",6.8044819831848145,7,0.19551801681518555
380,2,"(1, 2)",6.842029571533203,7,0.15797042846679688
380,2,"(2, 3)",5.87380313873291,6,0.12619686126708984
380,4,"(2, 3)",3.168769359588623,4,0.831230640411377
380,4,"(3, 4)",3.567265033721924,4,0.43273496627807617
380,5,"(0, 1)",4.431514739990234,5,0.5684852600097656
380,5,"(1, 2)",3.823664665222168,3,0.823664665222168
380,5,"(2, 3)",3.1367783546447754,4,0.8632216453552246
380,7,"(2, 3)",2.0406453609466553,2,0.04064536094665527
380,7,"(1, 2)",1.0231412649154663,1,0.02314126491546631
380,7,"(3, 4)",1.119098424911499,1,0.11909842491149902
381,4,"(2, 3)",10.92743968963623,8,2.9274396896362305
381,4,"(1, 2)",9.72971248626709,9,0.7297124862670898
381,4,"(3, 4)",10.105767250061035,4,6.105767250061035
381,6,"(2, 3)",8.636032104492188,10,1.3639678955078125
381,6,"(1, 2)",7.917206764221191,7,0.9172067642211914
381,6,"(3, 4)",9.412442207336426,5,4.412442207336426
381,8,"(2, 3)",5.504420280456543,7,1.495579719543457
381,8,"(3, 4)",5.089160919189453,5,0.08916091918945312
381,10,"(2, 3)",5.624784469604492,7,1.3752155303955078
381,10,"(1, 2)",5.460466384887695,4,1.4604663848876953
381,10,"(3, 4)",4.889527797698975,5,0.11047220230102539
381,10,"(0, 1)",5.005620002746582,2,3.005620002746582
381,11,"(0, 1)",0.6400662660598755,0,0.6400662660598755
381,11,"(1, 2)",1.965013861656189,1,0.965013861656189
381,12,"(0, 1)",1.049493670463562,0,1.049493670463562
381,12,"(1, 2)",1.4799233675003052,1,0.4799233675003052
382,1,"(0, 1)",7.741305351257324,6,1.7413053512573242
382,1,"(1, 2)",8.645611763000488,8,0.6456117630004883
382,2,"(0, 1)",7.484811782836914,8,0.5151882171630859
382,2,"(1, 2)",7.249300479888916,11,3.750699520111084
382,3,"(2, 3)",6.644924640655518,8,1.3550753593444824
382,3,"(3, 4)",5.187645435333252,8,2.812354564666748
382,4,"(2, 3)",5.422272682189941,8,2.5777273178100586
382,4,"(3, 4)",4.941369533538818,8,3.0586304664611816
382,6,"(2, 3)",4.327019214630127,8,3.672980785369873
382,6,"(1, 2)",4.505928039550781,7,2.4940719604492188
382,7,"(2, 3)",7.30190372467041,8,0.6980962753295898
382,7,"(1, 2)",7.03289794921875,7,0.03289794921875
382,7,"(3, 4)",4.9195780754089355,5,0.08042192459106445
382,7,"(0, 1)",4.90378475189209,7,2.09621524810791
382,8,"(2, 3)",4.155910968780518,5,0.8440890312194824
382,8,"(1, 2)",4.119858741760254,4,0.1198587417602539
382,8,"(3, 4)",3.0174994468688965,3,0.017499446868896484
382,8,"(0, 1)",3.132997989654541,5,1.867002010345459
382,9,"(2, 3)",2.0406453609466553,2,0.04064536094665527
382,9,"(1, 2)",1.0231412649154663,1,0.02314126491546631
382,9,"(3, 4)",1.119098424911499,1,0.11909842491149902
383,2,"(2, 3)",10.99101734161377,9,1.9910173416137695
383,2,"(1, 2)",12.014426231384277,8,4.014426231384277
383,2,"(0, 1)",11.102293014526367,9,2.102293014526367
383,3,"(2, 3)",10.201977729797363,10,0.20197772979736328
383,3,"(1, 2)",10.2114896774292,6,4.211489677429199
383,4,"(2, 3)",11.712660789489746,10,1.712660789489746
383,4,"(1, 2)",11.549970626831055,7,4.549970626831055
383,4,"(3, 4)",10.007220268249512,7,3.0072202682495117
383,4,"(0, 1)",10.096427917480469,6,4.096427917480469
383,6,"(0, 1)",7.835050582885742,6,1.8350505828857422
383,6,"(1, 2)",8.05457878112793,6,2.0545787811279297
383,6,"(2, 3)",8.109589576721191,7,1.1095895767211914
383,6,"(3, 4)",7.700558662414551,5,2.700558662414551
383,8,"(2, 3)",5.179043292999268,3,2.1790432929992676
383,8,"(1, 2)",5.038026809692383,3,2.038026809692383
383,9,"(0, 1)",2.421248435974121,2,0.4212484359741211
383,9,"(1, 2)",3.639105796813965,3,0.6391057968139648
383,11,"(2, 3)",1.423596739768982,1,0.42359673976898193
383,11,"(3, 4)",0.899305522441864,0,0.899305522441864
384,1,"(2, 3)",8.037904739379883,2,6.037904739379883
384,1,"(1, 2)",8.01850414276123,1,7.0185041427612305
384,2,"(2, 3)",7.538074493408203,2,5.538074493408203
384,2,"(1, 2)",7.727909088134766,2,5.727909088134766
384,4,"(2, 3)",6.216413497924805,3,3.2164134979248047
384,4,"(1, 2)",6.460721015930176,4,2.460721015930176
384,7,"(2, 3)",4.428894519805908,3,1.4288945198059082
384,7,"(1, 2)",4.657041549682617,4,0.6570415496826172
384,10,"(2, 3)",4.026495933532715,3,1.0264959335327148
384,10,"(1, 2)",3.0550689697265625,2,1.0550689697265625
384,10,"(3, 4)",3.5674338340759277,2,1.5674338340759277
385,1,"(0, 1)",9.778417587280273,10,0.22158241271972656
385,1,"(1, 2)",11.311419486999512,8,3.3114194869995117
385,1,"(2, 3)",10.090055465698242,6,4.090055465698242
385,2,"(2, 3)",9.86014175415039,6,3.8601417541503906
385,2,"(1, 2)",8.655906677246094,8,0.6559066772460938
385,2,"(3, 4)",9.186542510986328,11,1.8134574890136719
385,3,"(0, 1)",7.819833755493164,8,0.18016624450683594
385,3,"(1, 2)",9.1439847946167,9,0.14398479461669922
385,3,"(2, 3)",7.964008331298828,4,3.964008331298828
385,4,"(2, 3)",7.847813129425049,3,4.847813129425049
385,4,"(1, 2)",6.849764823913574,7,0.15023517608642578
385,4,"(3, 4)",7.642016410827637,9,1.3579835891723633
385,5,"(2, 3)",4.432136535644531,1,3.4321365356445312
385,5,"(1, 2)",4.42877197265625,6,1.57122802734375
385,8,"(0, 1)",3.595719337463379,4,0.4042806625366211
385,8,"(1, 2)",4.032888412475586,4,0.03288841247558594
385,8,"(2, 3)",3.109452247619629,1,2.109452247619629
385,9,"(2, 3)",0.6738706827163696,0,0.6738706827163696
385,9,"(3, 4)",2.021514892578125,2,0.021514892578125
385,10,"(2, 3)",0.10538852214813232,0,0.10538852214813232
385,10,"(1, 2)",0.07311448454856873,0,0.07311448454856873
386,2,"(2, 3)",8.594204902648926,4,4.594204902648926
386,2,"(3, 4)",7.60983943939209,8,0.39016056060791016
386,3,"(0, 1)",8.387101173400879,7,1.387101173400879
386,3,"(1, 2)",8.870054244995117,8,0.8700542449951172
386,3,"(2, 3)",7.734099388122559,4,3.7340993881225586
386,6,"(2, 3)",4.332555770874023,1,3.3325557708740234
386,6,"(3, 4)",4.122058391571045,6,1.877941608428955
386,7,"(2, 3)",3.4591593742370605,1,2.4591593742370605
386,7,"(1, 2)",3.3792614936828613,5,1.6207385063171387
386,8,"(0, 1)",3.595719337463379,2,1.595719337463379
386,8,"(1, 2)",4.032888412475586,5,0.9671115875244141
386,8,"(2, 3)",3.109452247619629,1,2.109452247619629
386,9,"(2, 3)",1.47701096534729,0,1.47701096534729
386,9,"(3, 4)",0.6959632039070129,1,0.30403679609298706
387,1,"(2, 3)",10.327797889709473,8,2.3277978897094727
387,1,"(1, 2)",10.275191307067871,8,2.275191307067871
387,1,"(3, 4)",11.7830171585083,7,4.783017158508301
387,1,"(0, 1)",11.730520248413086,8,3.730520248413086
387,3,"(0, 1)",9.924004554748535,7,2.924004554748535
387,3,"(1, 2)",9.560345649719238,6,3.5603456497192383
387,3,"(2, 3)",8.713208198547363,8,0.7132081985473633
387,7,"(2, 3)",5.682027816772461,6,0.31797218322753906
387,7,"(1, 2)",5.086677551269531,4,1.0866775512695312
387,7,"(3, 4)",6.872200012207031,6,0.8722000122070312
387,8,"(0, 1)",2.421248435974121,2,0.4212484359741211
387,8,"(1, 2)",3.639105796813965,3,0.6391057968139648
387,9,"(0, 1)",3.595719337463379,2,1.595719337463379
387,9,"(1, 2)",4.032888412475586,3,1.032888412475586
387,9,"(2, 3)",3.109452247619629,2,1.109452247619629
388,1,"(2, 3)",16.592580795288086,9,7.592580795288086
388,1,"(1, 2)",16.474971771240234,11,5.474971771240234
388,1,"(3, 4)",14.469862937927246,7,7.469862937927246
388,1,"(0, 1)",14.521750450134277,8,6.521750450134277
388,4,"(2, 3)",12.897692680358887,8,4.897692680358887
388,4,"(1, 2)",12.732911109924316,12,0.7329111099243164
388,4,"(3, 4)",11.10636043548584,8,3.10636043548584
388,4,"(0, 1)",11.20107650756836,11,0.20107650756835938
388,5,"(2, 3)",8.672271728515625,6,2.672271728515625
388,5,"(3, 4)",7.689836502075195,9,1.3101634979248047
388,6,"(2, 3)",8.863761901855469,9,0.13623809814453125
388,6,"(1, 2)",7.660028457641602,12,4.339971542358398
388,6,"(3, 4)",8.37484073638916,11,2.62515926361084
388,8,"(2, 3)",8.005093574523926,8,0.005093574523925781
388,8,"(1, 2)",7.888915061950684,10,2.1110849380493164
388,8,"(3, 4)",6.841529846191406,9,2.1584701538085938
388,8,"(0, 1)",6.860729217529297,9,2.139270782470703
388,9,"(2, 3)",3.6190571784973145,5,1.3809428215026855
388,9,"(3, 4)",5.261085510253906,7,1.7389144897460938
388,10,"(2, 3)",3.334503650665283,5,1.6654963493347168
388,10,"(1, 2)",3.422128200531006,5,1.5778717994689941
388,11,"(0, 1)",3.595719337463379,4,0.4042806625366211
388,11,"(1, 2)",4.032888412475586,5,0.9671115875244141
388,11,"(2, 3)",3.109452247619629,5,1.890547752380371
388,12,"(2, 3)",3.37453031539917,4,0.6254696846008301
388,12,"(1, 2)",3.2578630447387695,3,0.25786304473876953
388,12,"(3, 4)",3.1704554557800293,2,1.1704554557800293
388,12,"(0, 1)",3.1056132316589355,3,0.10561323165893555
389,2,"(0, 1)",12.982449531555176,7,5.982449531555176
389,2,"(1, 2)",12.289467811584473,8,4.289467811584473
389,2,"(2, 3)",11.557988166809082,7,4.557988166809082
389,4,"(0, 1)",10.235922813415527,7,3.2359228134155273
389,4,"(1, 2)",8.98432445526123,6,2.9843244552612305
389,5,"(2, 3)",8.053519248962402,6,2.0535192489624023
389,5,"(1, 2)",7.8419084548950195,6,1.8419084548950195
389,5,"(3, 4)",9.419913291931152,5,4.419913291931152
389,5,"(0, 1)",9.329400062561035,7,2.329400062561035
389,6,"(2, 3)",7.26038122177124,3,4.26038122177124
389,6,"(3, 4)",7.450690269470215,5,2.450690269470215
389,8,"(2, 3)",3.6288223266601562,3,0.6288223266601562
389,8,"(1, 2)",3.5844759941101074,1,2.5844759941101074
389,12,"(2, 3)",1.1089022159576416,0,1.1089022159576416
389,12,"(1, 2)",1.0875858068466187,1,0.08758580684661865
390,2,"(2, 3)",10.650582313537598,6,4.650582313537598
390,2,"(3, 4)",15.221233367919922,3,12.221233367919922
390,3,"(2, 3)",13.054716110229492,6,7.054716110229492
390,3,"(1, 2)",11.921868324279785,3,8.921868324279785
390,3,"(3, 4)",12.050055503845215,5,7.050055503845215
390,6,"(0, 1)",8.478442192077637,3,5.478442192077637
390,6,"(1, 2)",8.49927043914795,4,4.499270439147949
390,9,"(2, 3)",4.432136535644531,3,1.4321365356445312
390,9,"(1, 2)",4.42877197265625,6,1.57122802734375
390,13,"(2, 3)",1.6790410280227661,3,1.3209589719772339
390,13,"(1, 2)",1.8677312135696411,3,1.1322687864303589
390,14,"(2, 3)",3.22540283203125,3,0.22540283203125
390,14,"(1, 2)",3.1362929344177246,3,0.1362929344177246
390,14,"(3, 4)",2.1646342277526855,2,0.16463422775268555
390,14,"(0, 1)",2.1921372413635254,2,0.1921372413635254
391,1,"(2, 3)",9.671063423156738,10,0.3289365768432617
391,1,"(1, 2)",9.942627906799316,7,2.9426279067993164
391,2,"(2, 3)",12.212921142578125,12,0.212921142578125
391,2,"(1, 2)",11.047745704650879,7,4.047745704650879
391,2,"(3, 4)",10.656813621520996,8,2.656813621520996
391,4,"(2, 3)",9.8687105178833,10,0.13128948211669922
391,4,"(1, 2)",8.78823184967041,6,2.78823184967041
391,4,"(3, 4)",9.250162124633789,9,0.25016212463378906
391,6,"(2, 3)",7.011654376983643,7,0.011654376983642578
391,6,"(1, 2)",8.066770553588867,6,2.066770553588867
391,6,"(0, 1)",6.903061389923096,8,1.0969386100769043
391,7,"(2, 3)",6.277107238769531,6,0.27710723876953125
391,7,"(1, 2)",6.059927463531494,4,2.059927463531494
391,7,"(3, 4)",7.1571574211120605,7,0.15715742111206055
391,7,"(0, 1)",6.881566047668457,7,0.11843395233154297
391,8,"(0, 1)",5.319610118865967,5,0.3196101188659668
391,8,"(1, 2)",3.687753200531006,1,2.687753200531006
391,9,"(2, 3)",1.7980268001556396,1,0.7980268001556396
391,9,"(1, 2)",1.9640203714370728,1,0.9640203714370728
391,11,"(2, 3)",1.1089022159576416,0,1.1089022159576416
391,11,"(1, 2)",1.0875858068466187,1,0.08758580684661865
392,2,"(0, 1)",4.920997619628906,7,2.0790023803710938
392,2,"(1, 2)",5.566641807556152,4,1.5666418075561523
392,2,"(2, 3)",5.518790245056152,6,0.48120975494384766
392,2,"(3, 4)",4.9504218101501465,5,0.049578189849853516
392,4,"(2, 3)",3.037886142730713,2,1.037886142730713
392,4,"(1, 2)",1.9371215105056763,1,0.9371215105056763
392,4,"(3, 4)",1.8792953491210938,3,1.1207046508789062
392,5,"(2, 3)",0.10538852214813232,0,0.10538852214813232
392,5,"(1, 2)",0.07311448454856873,0,0.07311448454856873
393,1,"(0, 1)",16.595155715942383,6,10.595155715942383
393,1,"(1, 2)",15.227628707885742,8,7.227628707885742
393,1,"(2, 3)",14.74648666381836,6,8.74648666381836
393,2,"(2, 3)",14.750393867492676,7,7.750393867492676
393,2,"(1, 2)",13.723499298095703,6,7.723499298095703
393,2,"(3, 4)",14.294829368591309,4,10.294829368591309
393,4,"(0, 1)",9.718988418579102,5,4.718988418579102
393,4,"(1, 2)",11.727206230163574,8,3.727206230163574
393,5,"(2, 3)",10.285775184631348,6,4.285775184631348
393,5,"(3, 4)",7.680972099304199,4,3.680972099304199
393,7,"(2, 3)",8.677393913269043,9,0.32260608673095703
393,7,"(3, 4)",6.99211311340332,7,0.007886886596679688
393,8,"(0, 1)",6.8486762046813965,8,1.1513237953186035
393,8,"(1, 2)",7.609466552734375,9,1.390533447265625
393,10,"(0, 1)",7.170557975769043,8,0.829442024230957
393,10,"(1, 2)",9.160521507263184,11,1.8394784927368164
393,10,"(2, 3)",9.121222496032715,6,3.121222496032715
393,10,"(3, 4)",7.208258152008057,6,1.2082581520080566
393,12,"(2, 3)",4.883207321166992,3,1.8832073211669922
393,12,"(1, 2)",3.917814254760742,7,3.082185745239258
393,12,"(3, 4)",4.27088737487793,4,0.2708873748779297
393,13,"(2, 3)",3.390082836151123,1,2.390082836151123
393,13,"(1, 2)",3.84175968170166,6,2.15824031829834
393,13,"(0, 1)",4.48633337020874,3,1.4863333702087402
393,14,"(2, 3)",0.5207520723342896,0,0.5207520723342896
393,14,"(3, 4)",0.15143898129463196,0,0.15143898129463196
393,15,"(2, 3)",0.11587792634963989,0,0.11587792634963989
393,15,"(3, 4)",0.1558062583208084,0,0.1558062583208084
394,1,"(2, 3)",9.86014175415039,7,2.8601417541503906
394,1,"(1, 2)",8.655906677246094,3,5.655906677246094
394,1,"(3, 4)",9.186542510986328,6,3.186542510986328
394,5,"(0, 1)",4.343130588531494,7,2.656869411468506
394,5,"(1, 2)",4.413381099700928,4,0.41338109970092773
394,6,"(0, 1)",4.249480247497559,7,2.7505197525024414
394,6,"(1, 2)",2.2215304374694824,4,1.7784695625305176
394,7,"(2, 3)",2.6395368576049805,5,2.3604631423950195
394,7,"(1, 2)",2.5603785514831543,4,1.4396214485168457
394,8,"(0, 1)",3.060983180999756,5,1.9390168190002441
394,8,"(1, 2)",4.071023464202881,4,0.07102346420288086
394,8,"(2, 3)",4.199753284454346,5,0.8002467155456543
394,8,"(3, 4)",3.0778069496154785,3,0.07780694961547852
394,9,"(2, 3)",2.1914608478546143,2,0.19146084785461426
394,9,"(1, 2)",1.118086814880371,1,0.1180868148803711
394,9,"(3, 4)",1.1697611808776855,1,0.16976118087768555
395,2,"(2, 3)",6.129703521728516,5,1.1297035217285156
395,2,"(1, 2)",4.782978057861328,3,1.7829780578613281
395,2,"(3, 4)",4.56815242767334,5,0.43184757232666016
395,4,"(2, 3)",4.0126471519470215,3,1.0126471519470215
395,4,"(1, 2)",2.883108615875244,1,1.8831086158752441
395,4,"(3, 4)",2.704106330871582,3,0.29589366912841797
395,5,"(2, 3)",1.1089022159576416,1,0.1089022159576416
395,5,"(1, 2)",1.0875858068466187,0,1.0875858068466187
396,1,"(2, 3)",10.92743968963623,11,0.07256031036376953
396,1,"(1, 2)",9.72971248626709,11,1.2702875137329102
396,1,"(3, 4)",10.105767250061035,11,0.8942327499389648
396,2,"(0, 1)",10.61628246307373,8,2.6162824630737305
396,2,"(1, 2)",12.897805213928223,10,2.8978052139282227
396,2,"(2, 3)",12.912802696228027,10,2.9128026962280273
396,2,"(3, 4)",10.529064178466797,10,0.5290641784667969
396,3,"(2, 3)",7.26038122177124,7,0.26038122177124023
396,3,"(3, 4)",7.450690269470215,8,0.5493097305297852
396,4,"(2, 3)",9.235246658325195,7,2.2352466583251953
396,4,"(1, 2)",9.127490997314453,8,1.1274909973144531
396,4,"(3, 4)",7.862587928771973,8,0.13741207122802734
396,4,"(0, 1)",7.917346000671387,6,1.9173460006713867
396,5,"(2, 3)",5.927846431732178,4,1.9278464317321777
396,5,"(1, 2)",6.031947135925293,5,1.031947135925293
396,6,"(2, 3)",4.951986312866211,4,0.9519863128662109
396,6,"(1, 2)",5.944182395935059,5,0.9441823959350586
396,6,"(0, 1)",5.159946441650391,2,3.1599464416503906
396,7,"(0, 1)",3.6277332305908203,1,2.6277332305908203
396,7,"(1, 2)",3.22183895111084,3,0.22183895111083984
396,9,"(2, 3)",0.6738706827163696,0,0.6738706827163696
396,9,"(3, 4)",2.021514892578125,0,2.021514892578125
397,2,"(0, 1)",8.436610221862793,3,5.436610221862793
397,2,"(1, 2)",9.669405937194824,6,3.669405937194824
397,4,"(0, 1)",9.079716682434082,6,3.079716682434082
397,4,"(1, 2)",8.538101196289062,7,1.5381011962890625
397,4,"(2, 3)",7.734445571899414,4,3.734445571899414
397,5,"(0, 1)",6.972265720367432,7,0.02773427963256836
397,5,"(1, 2)",6.2640461921691895,5,1.2640461921691895
397,6,"(2, 3)",5.422272682189941,1,4.422272682189941
397,6,"(3, 4)",4.941369533538818,5,0.05863046646118164
397,9,"(2, 3)",1.826266884803772,0,1.826266884803772
397,9,"(1, 2)",1.9026387929916382,2,0.09736120700836182
397,10,"(2, 3)",0.5482827425003052,0,0.5482827425003052
397,10,"(3, 4)",1.572024941444397,2,0.427975058555603
397,11,"(2, 3)",0.10538852214813232,0,0.10538852214813232
397,11,"(1, 2)",0.07311448454856873,0,0.07311448454856873
398,5,"(0, 1)",0.2059890180826187,0,0.2059890180826187
398,5,"(1, 2)",0.17118015885353088,0,0.17118015885353088
399,2,"(0, 1)",5.079785346984863,4,1.0797853469848633
399,2,"(1, 2)",3.586015224456787,4,0.4139847755432129
399,3,"(2, 3)",2.1621036529541016,2,0.16210365295410156
399,3,"(3, 4)",4.204570293426514,5,0.7954297065734863
399,4,"(2, 3)",1.826266884803772,2,0.17373311519622803
399,4,"(1, 2)",1.9026387929916382,2,0.09736120700836182
399,6,"(0, 1)",1.1439096927642822,1,0.14390969276428223
399,6,"(1, 2)",2.0451745986938477,2,0.045174598693847656
399,6,"(2, 3)",1.0560410022735596,1,0.05604100227355957
400,1,"(2, 3)",11.600547790527344,6,5.600547790527344
400,1,"(1, 2)",12.688027381896973,9,3.6880273818969727
400,1,"(0, 1)",10.41307544708252,6,4.4130754470825195
400,3,"(0, 1)",8.798151016235352,10,1.2018489837646484
400,3,"(1, 2)",10.227362632751465,11,0.7726373672485352
400,3,"(2, 3)",9.026532173156738,9,0.02653217315673828
400,5,"(2, 3)",9.235246658325195,12,2.7647533416748047
400,5,"(1, 2)",9.127490997314453,8,1.1274909973144531
400,5,"(3, 4)",7.862587928771973,10,2.1374120712280273
400,5,"(0, 1)",7.917346000671387,9,1.0826539993286133
400,6,"(2, 3)",6.7664031982421875,9,2.2335968017578125
400,6,"(1, 2)",6.736879825592041,5,1.736879825592041
400,8,"(2, 3)",6.616039276123047,9,2.383960723876953
400,8,"(1, 2)",6.49327278137207,4,2.4932727813720703
400,8,"(3, 4)",4.943807601928711,5,0.05619239807128906
400,8,"(0, 1)",5.071779251098633,5,0.07177925109863281
400,9,"(2, 3)",3.8154163360595703,6,2.1845836639404297
400,9,"(1, 2)",3.1549253463745117,1,2.1549253463745117
400,9,"(3, 4)",4.418444633483887,3,1.4184446334838867
400,10,"(0, 1)",0.1631251871585846,0,0.1631251871585846
400,10,"(1, 2)",0.5858725309371948,0,0.5858725309371948
400,11,"(0, 1)",0.06365779042243958,0,0.06365779042243958
400,11,"(1, 2)",0.05576014518737793,0,0.05576014518737793
401,1,"(2, 3)",4.144089698791504,1,3.144089698791504
401,1,"(1, 2)",4.213046550750732,4,0.21304655075073242
401,2,"(2, 3)",3.5960144996643066,1,2.5960144996643066
401,2,"(3, 4)",2.552830696105957,2,0.552830696105957
402,2,"(2, 3)",4.380475997924805,7,2.6195240020751953
402,2,"(3, 4)",4.283819675445557,6,1.7161803245544434
402,3,"(0, 1)",4.40496826171875,4,0.40496826171875
402,3,"(1, 2)",5.0383148193359375,5,0.0383148193359375
402,3,"(2, 3)",3.969909191131592,7,3.030090808868408
402,4,"(0, 1)",1.659016728401184,3,1.340983271598816
402,4,"(1, 2)",2.556338310241699,3,0.4436616897583008
402,5,"(0, 1)",3.1936464309692383,3,0.19364643096923828
402,5,"(1, 2)",3.336512565612793,3,0.33651256561279297
402,5,"(2, 3)",3.2583885192871094,4,0.7416114807128906
402,5,"(3, 4)",3.083588123321533,2,1.0835881233215332
403,1,"(0, 1)",12.081759452819824,10,2.081759452819824
403,1,"(1, 2)",13.081533432006836,9,4.081533432006836
403,1,"(2, 3)",12.045172691345215,7,5.045172691345215
403,3,"(2, 3)",8.331245422363281,8,0.33124542236328125
403,3,"(3, 4)",11.623552322387695,6,5.623552322387695
403,4,"(2, 3)",9.86014175415039,8,1.8601417541503906
403,4,"(1, 2)",8.655906677246094,5,3.6559066772460938
403,4,"(3, 4)",9.186542510986328,8,1.1865425109863281
403,5,"(0, 1)",7.819833755493164,7,0.8198337554931641
403,5,"(1, 2)",9.1439847946167,4,5.143984794616699
403,5,"(2, 3)",7.964008331298828,7,0.9640083312988281
403,7,"(2, 3)",6.8131914138793945,6,0.8131914138793945
403,7,"(1, 2)",5.930126190185547,4,1.9301261901855469
403,7,"(3, 4)",6.817816734313965,7,0.18218326568603516
403,8,"(0, 1)",5.319610118865967,3,2.319610118865967
403,8,"(1, 2)",3.687753200531006,3,0.6877532005310059
403,10,"(2, 3)",1.913079857826233,2,0.08692014217376709
403,10,"(1, 2)",1.9551371335983276,2,0.04486286640167236
403,12,"(0, 1)",1.1439096927642822,1,0.14390969276428223
403,12,"(1, 2)",2.0451745986938477,2,0.045174598693847656
403,12,"(2, 3)",1.0560410022735596,1,0.05604100227355957
404,1,"(0, 1)",16.4508113861084,11,5.450811386108398
404,1,"(1, 2)",14.84337043762207,9,5.84337043762207
404,1,"(2, 3)",14.103663444519043,10,4.103663444519043
404,2,"(2, 3)",12.917997360229492,10,2.917997360229492
404,2,"(3, 4)",11.229209899902344,4,7.229209899902344
404,3,"(2, 3)",12.111154556274414,11,1.111154556274414
404,3,"(1, 2)",12.080615043640137,5,7.080615043640137
404,3,"(3, 4)",12.742724418640137,4,8.742724418640137
404,3,"(0, 1)",12.714465141296387,11,1.7144651412963867
404,6,"(2, 3)",10.435613632202148,8,2.4356136322021484
404,6,"(1, 2)",9.109513282775879,4,5.109513282775879
404,6,"(3, 4)",8.479424476623535,5,3.479424476623535
404,7,"(2, 3)",9.152215003967285,6,3.152215003967285
404,7,"(1, 2)",7.868228435516357,3,4.868228435516357
404,7,"(3, 4)",7.778474807739258,6,1.7784748077392578
404,10,"(2, 3)",3.5467090606689453,5,1.4532909393310547
404,10,"(3, 4)",5.048847675323486,7,1.9511523246765137
404,11,"(0, 1)",4.249480247497559,6,1.7505197525024414
404,11,"(1, 2)",2.2215304374694824,3,0.7784695625305176
404,12,"(2, 3)",1.913079857826233,3,1.086920142173767
404,12,"(1, 2)",1.9551371335983276,3,1.0448628664016724
404,13,"(2, 3)",1.8312040567398071,3,1.1687959432601929
404,13,"(1, 2)",1.636361002922058,3,1.363638997077942
404,14,"(0, 1)",2.1755566596984863,2,0.17555665969848633
404,14,"(1, 2)",3.114978790283203,3,0.11497879028320312
404,14,"(2, 3)",3.1592864990234375,3,0.1592864990234375
404,14,"(3, 4)",2.1576647758483887,2,0.15766477584838867
405,1,"(0, 1)",8.845437049865723,3,5.845437049865723
405,1,"(1, 2)",11.271387100219727,8,3.2713871002197266
405,3,"(0, 1)",7.813627243041992,4,3.813627243041992
405,3,"(1, 2)",9.718737602233887,9,0.7187376022338867
405,4,"(0, 1)",8.798151016235352,4,4.798151016235352
405,4,"(1, 2)",10.227362632751465,10,0.22736263275146484
405,4,"(2, 3)",9.026532173156738,3,6.026532173156738
405,5,"(2, 3)",7.543232440948486,5,2.5432324409484863
405,5,"(3, 4)",6.749994277954102,6,0.7499942779541016
405,7,"(2, 3)",5.955536842346191,7,1.0444631576538086
405,7,"(1, 2)",6.996447563171387,8,1.0035524368286133
405,7,"(0, 1)",5.990414619445801,4,1.9904146194458008
405,8,"(2, 3)",4.380475997924805,6,1.6195240020751953
405,8,"(3, 4)",4.283819675445557,3,1.2838196754455566
405,11,"(0, 1)",3.060983180999756,2,1.0609831809997559
405,11,"(1, 2)",4.071023464202881,3,1.0710234642028809
405,11,"(2, 3)",4.199753284454346,5,0.8002467155456543
405,11,"(3, 4)",3.0778069496154785,3,0.07780694961547852
405,12,"(0, 1)",0.2059890180826187,0,0.2059890180826187
405,12,"(1, 2)",0.17118015885353088,0,0.17118015885353088
406,2,"(2, 3)",6.644924640655518,6,0.6449246406555176
406,2,"(3, 4)",5.187645435333252,4,1.187645435333252
406,4,"(2, 3)",5.268227577209473,5,0.26822757720947266
406,4,"(1, 2)",5.050238609313965,5,0.050238609313964844
406,4,"(3, 4)",6.274670600891113,4,2.2746706008911133
406,4,"(0, 1)",5.925633430480957,3,2.925633430480957
407,2,"(2, 3)",15.368992805480957,10,5.368992805480957
407,2,"(1, 2)",15.198981285095215,6,9.198981285095215
407,2,"(3, 4)",14.013273239135742,8,6.013273239135742
407,2,"(0, 1)",14.06183910369873,4,10.06183910369873
407,3,"(0, 1)",9.468792915344238,2,7.468792915344238
407,3,"(1, 2)",11.68009090423584,4,7.68009090423584
407,4,"(2, 3)",10.99101734161377,8,2.9910173416137695
407,4,"(1, 2)",12.014426231384277,7,5.014426231384277
407,4,"(0, 1)",11.102293014526367,4,7.102293014526367
407,8,"(0, 1)",5.12094783782959,5,0.12094783782958984
407,8,"(1, 2)",6.629359245300293,7,0.37064075469970703
407,10,"(0, 1)",5.886614799499512,5,0.8866147994995117
407,10,"(1, 2)",6.731570243835449,6,0.7315702438354492
407,10,"(2, 3)",6.736943244934082,5,1.736943244934082
407,10,"(3, 4)",5.840493679046631,5,0.8404936790466309
407,11,"(0, 1)",3.6277332305908203,3,0.6277332305908203
407,11,"(1, 2)",3.22183895111084,3,0.22183895111083984
407,12,"(2, 3)",2.6395368576049805,0,2.6395368576049805
407,12,"(1, 2)",2.5603785514831543,3,0.4396214485168457
407,14,"(2, 3)",0.11587792634963989,0,0.11587792634963989
407,14,"(3, 4)",0.1558062583208084,0,0.1558062583208084
408,3,"(0, 1)",12.37562084197998,6,6.3756208419799805
408,3,"(1, 2)",12.364424705505371,8,4.364424705505371
408,4,"(0, 1)",12.961955070495605,6,6.9619550704956055
408,4,"(1, 2)",14.081643104553223,8,6.081643104553223
408,4,"(2, 3)",14.137887001037598,7,7.137887001037598
408,4,"(3, 4)",12.873916625976562,8,4.8739166259765625
408,5,"(2, 3)",10.29889965057373,6,4.2988996505737305
408,5,"(1, 2)",10.261883735656738,6,4.261883735656738
408,7,"(2, 3)",7.816009998321533,6,1.8160099983215332
408,7,"(3, 4)",9.38245964050293,5,4.38245964050293
408,8,"(2, 3)",8.071660995483398,7,1.0716609954833984
408,8,"(1, 2)",9.11317253112793,8,1.1131725311279297
408,8,"(0, 1)",7.857630729675293,6,1.857630729675293
408,9,"(0, 1)",7.83195686340332,7,0.8319568634033203
408,9,"(1, 2)",5.25234842300415,6,0.7476515769958496
408,11,"(2, 3)",5.90122127532959,3,2.90122127532959
408,11,"(1, 2)",4.83376932144165,6,1.1662306785583496
408,11,"(3, 4)",5.062163352966309,6,0.9378366470336914
408,12,"(2, 3)",0.8406380414962769,1,0.15936195850372314
408,12,"(3, 4)",5.145859718322754,5,0.1458597183227539
408,14,"(0, 1)",1.852382779121399,3,1.147617220878601
408,14,"(1, 2)",2.7951579093933105,2,0.7951579093933105
408,14,"(2, 3)",1.9468495845794678,1,0.9468495845794678
408,15,"(2, 3)",0.1495564579963684,0,0.1495564579963684
408,15,"(1, 2)",0.1323675811290741,0,0.1323675811290741
409,4,"(0, 1)",12.79221248626709,8,4.79221248626709
409,4,"(1, 2)",12.121140480041504,11,1.121140480041504
409,4,"(2, 3)",12.054023742675781,9,3.0540237426757812
409,4,"(3, 4)",12.64824104309082,10,2.6482410430908203
409,5,"(0, 1)",9.523241996765137,7,2.5232419967651367
409,5,"(1, 2)",10.791265487670898,8,2.7912654876708984
409,6,"(2, 3)",9.464775085449219,5,4.464775085449219
409,6,"(3, 4)",9.075177192687988,8,1.0751771926879883
409,7,"(2, 3)",8.202397346496582,5,3.202397346496582
409,7,"(1, 2)",8.077529907226562,9,0.9224700927734375
409,7,"(3, 4)",9.658726692199707,8,1.658726692199707
409,7,"(0, 1)",9.59409236907959,7,2.59409236907959
409,8,"(2, 3)",6.894750595092773,3,3.8947505950927734
409,8,"(1, 2)",6.997690200805664,6,0.9976902008056641
409,9,"(0, 1)",8.394577980041504,4,4.394577980041504
409,9,"(1, 2)",7.553671360015869,7,0.5536713600158691
409,9,"(2, 3)",6.798479080200195,3,3.7984790802001953
409,13,"(2, 3)",2.574544906616211,1,1.574544906616211
409,13,"(3, 4)",1.6501250267028809,1,0.6501250267028809
410,1,"(2, 3)",15.10096549987793,2,13.10096549987793
410,1,"(1, 2)",15.111199378967285,4,11.111199378967285
410,5,"(2, 3)",10.687057495117188,6,4.6870574951171875
410,5,"(3, 4)",8.609513282775879,6,2.609513282775879
410,7,"(2, 3)",10.004812240600586,10,0.0048122406005859375
410,7,"(1, 2)",10.035053253173828,7,3.035053253173828
410,9,"(2, 3)",10.512822151184082,12,1.487177848815918
410,9,"(1, 2)",10.255776405334473,7,3.2557764053344727
410,9,"(3, 4)",8.273368835449219,6,2.2733688354492188
410,9,"(0, 1)",8.3598051071167,9,0.6401948928833008
410,10,"(2, 3)",6.959690093994141,9,2.0403099060058594
410,10,"(1, 2)",5.828207015991211,4,1.828207015991211
410,10,"(3, 4)",5.896261215209961,4,1.896261215209961
410,11,"(2, 3)",4.622355937957764,7,2.3776440620422363
410,11,"(3, 4)",3.2783875465393066,3,0.27838754653930664
410,12,"(0, 1)",3.6277332305908203,3,0.6277332305908203
410,12,"(1, 2)",3.22183895111084,1,2.22183895111084
410,13,"(2, 3)",3.9445252418518066,5,1.0554747581481934
410,13,"(1, 2)",3.0378684997558594,1,2.0378684997558594
410,13,"(3, 4)",3.5288376808166504,2,1.5288376808166504
410,15,"(0, 1)",0.06365779042243958,0,0.06365779042243958
410,15,"(1, 2)",0.05576014518737793,0,0.05576014518737793
411,1,"(0, 1)",8.072404861450195,7,1.0724048614501953
411,1,"(1, 2)",10.810773849487305,13,2.1892261505126953
411,1,"(2, 3)",10.823323249816895,7,3.8233232498168945
411,1,"(3, 4)",7.939592361450195,7,0.9395923614501953
411,2,"(2, 3)",4.332555770874023,4,0.33255577087402344
411,2,"(3, 4)",4.122058391571045,5,0.8779416084289551
411,3,"(2, 3)",6.616039276123047,4,2.616039276123047
411,3,"(1, 2)",6.49327278137207,8,1.5067272186279297
411,3,"(3, 4)",4.943807601928711,5,0.05619239807128906
411,3,"(0, 1)",5.071779251098633,4,1.0717792510986328
411,4,"(2, 3)",0.8767350316047668,1,0.12326496839523315
411,4,"(3, 4)",3.619499683380127,3,0.619499683380127
411,6,"(0, 1)",1.1439096927642822,1,0.14390969276428223
411,6,"(1, 2)",2.0451745986938477,2,0.045174598693847656
411,6,"(2, 3)",1.0560410022735596,1,0.05604100227355957
412,1,"(2, 3)",6.216413497924805,5,1.2164134979248047
412,1,"(1, 2)",6.460721015930176,5,1.4607210159301758
412,2,"(2, 3)",9.066368103027344,7,2.0663681030273438
412,2,"(1, 2)",7.938305854797363,6,1.9383058547973633
412,2,"(3, 4)",7.763460159301758,12,4.236539840698242
412,3,"(0, 1)",6.855902671813965,12,5.144097328186035
412,3,"(1, 2)",8.061217308044434,8,0.061217308044433594
412,3,"(2, 3)",6.890990257263184,8,1.1090097427368164
412,4,"(0, 1)",6.8044819831848145,11,4.1955180168151855
412,4,"(1, 2)",6.842029571533203,6,0.8420295715332031
412,4,"(2, 3)",5.87380313873291,7,1.1261968612670898
412,6,"(2, 3)",2.7410683631896973,5,2.2589316368103027
412,6,"(1, 2)",2.8667397499084473,4,1.1332602500915527
412,7,"(2, 3)",2.590366840362549,5,2.409633159637451
412,7,"(1, 2)",2.6934518814086914,4,1.3065481185913086
412,8,"(2, 3)",3.037886142730713,5,1.962113857269287
412,8,"(1, 2)",1.9371215105056763,4,2.0628784894943237
412,8,"(3, 4)",1.8792953491210938,3,1.1207046508789062
412,9,"(2, 3)",3.22540283203125,3,0.22540283203125
412,9,"(1, 2)",3.1362929344177246,3,0.1362929344177246
412,9,"(3, 4)",2.1646342277526855,2,0.16463422775268555
412,9,"(0, 1)",2.1921372413635254,2,0.1921372413635254
413,1,"(0, 1)",12.559561729431152,4,8.559561729431152
413,1,"(1, 2)",13.867074012756348,6,7.867074012756348
413,2,"(2, 3)",13.265515327453613,9,4.265515327453613
413,2,"(1, 2)",13.17223072052002,8,5.1722307205200195
413,2,"(3, 4)",13.65939712524414,9,4.659397125244141
413,2,"(0, 1)",13.639791488647461,5,8.639791488647461
413,4,"(0, 1)",10.190926551818848,3,7.190926551818848
413,4,"(1, 2)",10.663744926452637,7,3.6637449264526367
413,5,"(0, 1)",9.5171480178833,3,6.517148017883301
413,5,"(1, 2)",11.556181907653809,8,3.5561819076538086
413,5,"(2, 3)",10.271997451782227,3,7.271997451782227
413,8,"(0, 1)",6.53023624420166,3,3.53023624420166
413,8,"(1, 2)",8.280953407287598,6,2.2809534072875977
413,8,"(2, 3)",6.990511894226074,2,4.990511894226074
413,14,"(2, 3)",0.10538852214813232,0,0.10538852214813232
413,14,"(1, 2)",0.07311448454856873,0,0.07311448454856873
414,1,"(2, 3)",14.750393867492676,9,5.750393867492676
414,1,"(1, 2)",13.723499298095703,8,5.723499298095703
414,1,"(3, 4)",14.294829368591309,11,3.2948293685913086
414,2,"(2, 3)",12.028800010681152,7,5.028800010681152
414,2,"(1, 2)",12.26879596710205,8,4.268795967102051
414,4,"(0, 1)",11.097372055053711,8,3.097372055053711
414,4,"(1, 2)",12.037999153137207,9,3.037999153137207
414,4,"(2, 3)",10.94189167022705,9,1.9418916702270508
414,6,"(2, 3)",9.511183738708496,9,0.5111837387084961
414,6,"(1, 2)",9.48505687713623,9,0.48505687713623047
414,6,"(3, 4)",9.805671691894531,9,0.8056716918945312
414,6,"(0, 1)",9.78156852722168,9,0.7815685272216797
414,7,"(2, 3)",7.98220157623291,6,1.9822015762329102
414,7,"(1, 2)",8.687044143676758,8,0.6870441436767578
414,7,"(0, 1)",9.446893692016602,8,1.4468936920166016
414,10,"(2, 3)",5.754549026489258,4,1.7545490264892578
414,10,"(1, 2)",5.044857978820801,6,0.9551420211791992
414,10,"(3, 4)",5.985367774963379,5,0.9853677749633789
414,11,"(2, 3)",4.234788417816162,2,2.234788417816162
414,11,"(1, 2)",4.783534049987793,5,0.21646595001220703
414,11,"(0, 1)",5.225758075714111,3,2.2257580757141113
414,13,"(2, 3)",1.47701096534729,0,1.47701096534729
414,13,"(3, 4)",0.6959632039070129,1,0.30403679609298706
415,1,"(2, 3)",12.628483772277832,11,1.628483772277832
415,1,"(1, 2)",11.660911560058594,4,7.660911560058594
415,1,"(3, 4)",12.435444831848145,6,6.4354448318481445
415,2,"(0, 1)",9.924500465393066,7,2.9245004653930664
415,2,"(1, 2)",10.546662330627441,5,5.546662330627441
415,4,"(2, 3)",9.86014175415039,10,0.13985824584960938
415,4,"(1, 2)",8.655906677246094,5,3.6559066772460938
415,4,"(3, 4)",9.186542510986328,7,2.186542510986328
415,5,"(0, 1)",7.7211151123046875,4,3.7211151123046875
415,5,"(1, 2)",7.378233909606934,4,3.3782339096069336
415,6,"(2, 3)",7.847813129425049,7,0.8478131294250488
415,6,"(1, 2)",6.849764823913574,6,0.8497648239135742
415,6,"(3, 4)",7.642016410827637,5,2.6420164108276367
415,8,"(2, 3)",4.951986312866211,4,0.9519863128662109
415,8,"(1, 2)",5.944182395935059,5,0.9441823959350586
415,8,"(0, 1)",5.159946441650391,2,3.1599464416503906
415,9,"(0, 1)",3.6277332305908203,1,2.6277332305908203
415,9,"(1, 2)",3.22183895111084,3,0.22183895111083984
415,12,"(2, 3)",0.08881738781929016,0,0.08881738781929016
415,12,"(3, 4)",0.03796178102493286,0,0.03796178102493286
416,1,"(0, 1)",10.55481243133545,8,2.554812431335449
416,1,"(1, 2)",12.664620399475098,6,6.664620399475098
416,1,"(2, 3)",11.324585914611816,6,5.324585914611816
416,2,"(2, 3)",7.89827299118042,6,1.89827299118042
416,2,"(1, 2)",7.8072357177734375,6,1.8072357177734375
416,3,"(2, 3)",9.14754867553711,7,2.1475486755371094
416,3,"(1, 2)",10.1646089553833,6,4.164608955383301
416,3,"(0, 1)",8.81344223022461,6,2.8134422302246094
416,4,"(2, 3)",8.636032104492188,7,1.6360321044921875
416,4,"(1, 2)",7.917206764221191,4,3.9172067642211914
416,4,"(3, 4)",9.412442207336426,5,4.412442207336426
416,8,"(2, 3)",4.004073619842529,3,1.0040736198425293
416,8,"(1, 2)",5.124932289123535,3,2.124932289123535
416,8,"(0, 1)",3.7125000953674316,1,2.7125000953674316
417,1,"(2, 3)",14.420620918273926,5,9.420620918273926
417,1,"(1, 2)",13.158967018127441,6,7.158967018127441
417,1,"(3, 4)",12.7714204788208,5,7.771420478820801
417,3,"(2, 3)",10.547772407531738,3,7.547772407531738
417,3,"(3, 4)",9.900635719299316,6,3.9006357192993164
417,6,"(2, 3)",7.626321315765381,6,1.6263213157653809
417,6,"(1, 2)",7.677556037902832,7,0.677556037902832
417,7,"(2, 3)",8.06418228149414,8,0.06418228149414062
417,7,"(1, 2)",6.806275844573975,7,0.1937241554260254
417,7,"(3, 4)",6.8175859451293945,6,0.8175859451293945
417,8,"(2, 3)",6.7038164138793945,6,0.7038164138793945
417,8,"(1, 2)",6.871859073638916,6,0.871859073638916
417,9,"(2, 3)",4.332555770874023,6,1.6674442291259766
417,9,"(3, 4)",4.122058391571045,3,1.122058391571045
417,11,"(0, 1)",3.9896340370178223,2,1.9896340370178223
417,11,"(1, 2)",5.229698657989502,3,2.229698657989502
417,11,"(2, 3)",5.357064247131348,6,0.6429357528686523
417,11,"(3, 4)",4.013250827789307,3,1.0132508277893066
417,13,"(0, 1)",0.2059890180826187,0,0.2059890180826187
417,13,"(1, 2)",0.17118015885353088,0,0.17118015885353088
418,2,"(2, 3)",5.90122127532959,7,1.0987787246704102
418,2,"(1, 2)",4.83376932144165,6,1.1662306785583496
418,2,"(3, 4)",5.062163352966309,6,0.9378366470336914
418,3,"(2, 3)",3.168769359588623,5,1.831230640411377
418,3,"(3, 4)",3.567265033721924,5,1.4327349662780762
418,4,"(2, 3)",4.408070087432861,5,0.5919299125671387
418,4,"(1, 2)",4.383500099182129,3,1.383500099182129
418,4,"(3, 4)",3.941653251647949,5,1.0583467483520508
418,4,"(0, 1)",4.1311116218566895,4,0.13111162185668945
418,5,"(0, 1)",2.063231945037842,2,0.0632319450378418
418,5,"(1, 2)",0.7124311327934265,0,0.7124311327934265
418,6,"(2, 3)",0.1495564579963684,0,0.1495564579963684
418,6,"(1, 2)",0.1323675811290741,0,0.1323675811290741
419,1,"(0, 1)",4.209018707275391,2,2.2090187072753906
419,1,"(1, 2)",5.620272159576416,3,2.620272159576416
419,2,"(0, 1)",4.146764755249023,2,2.1467647552490234
419,2,"(1, 2)",4.319755554199219,3,1.3197555541992188
419,5,"(0, 1)",2.8196921348571777,2,0.8196921348571777
419,5,"(1, 2)",3.029188632965088,2,1.029188632965088
419,5,"(2, 3)",2.0920777320861816,2,0.09207773208618164
420,1,"(0, 1)",14.597733497619629,6,8.597733497619629
420,1,"(1, 2)",13.227524757385254,7,6.227524757385254
420,1,"(2, 3)",12.643998146057129,8,4.643998146057129
420,4,"(2, 3)",9.563580513000488,10,0.4364194869995117
420,4,"(3, 4)",9.273423194885254,7,2.273423194885254
420,6,"(0, 1)",8.956473350524902,10,1.0435266494750977
420,6,"(1, 2)",10.404982566833496,8,2.404982566833496
420,6,"(2, 3)",10.475323677062988,10,0.4753236770629883
420,6,"(3, 4)",8.953150749206543,7,1.953150749206543
420,8,"(2, 3)",7.198782920837402,7,0.19878292083740234
420,8,"(1, 2)",6.104657173156738,5,1.1046571731567383
420,8,"(3, 4)",5.475449085235596,5,0.4754490852355957
420,9,"(2, 3)",6.036665916442871,5,1.036665916442871
420,9,"(1, 2)",4.805319786071777,4,0.8053197860717773
420,9,"(3, 4)",5.151089668273926,4,1.1510896682739258
420,10,"(2, 3)",4.020424842834473,3,1.0204248428344727
420,10,"(1, 2)",4.911376953125,3,1.911376953125
420,10,"(0, 1)",4.369647026062012,2,2.3696470260620117
421,1,"(2, 3)",12.692924499511719,6,6.692924499511719
421,1,"(1, 2)",13.85848331451416,6,7.85848331451416
421,1,"(0, 1)",11.466708183288574,4,7.466708183288574
421,3,"(0, 1)",8.436610221862793,5,3.436610221862793
421,3,"(1, 2)",9.669405937194824,7,2.669405937194824
421,4,"(2, 3)",9.315138816833496,6,3.315138816833496
421,4,"(1, 2)",9.38106632232666,7,2.38106632232666
421,5,"(0, 1)",6.8486762046813965,6,0.8486762046813965
421,5,"(1, 2)",7.609466552734375,8,0.390533447265625
421,7,"(0, 1)",5.971114158630371,6,0.028885841369628906
421,7,"(1, 2)",6.997838020324707,7,0.0021619796752929688
421,7,"(2, 3)",5.842552185058594,7,1.1574478149414062
421,8,"(2, 3)",5.099554061889648,6,0.9004459381103516
421,8,"(1, 2)",5.800661563873291,5,0.800661563873291
421,8,"(0, 1)",6.0358662605285645,5,1.0358662605285645
421,9,"(2, 3)",3.6220531463623047,5,1.3779468536376953
421,9,"(3, 4)",2.423583984375,2,0.423583984375
421,10,"(0, 1)",3.6433000564575195,3,0.6433000564575195
421,10,"(1, 2)",0.9538841843605042,1,0.04611581563949585
421,11,"(2, 3)",2.828808307647705,3,0.17119169235229492
421,11,"(1, 2)",1.895431637763977,1,0.895431637763977
421,11,"(3, 4)",1.8128663301467896,1,0.8128663301467896
422,1,"(0, 1)",14.15665340423584,8,6.15665340423584
422,1,"(1, 2)",12.965256690979004,6,6.965256690979004
422,2,"(0, 1)",13.07215404510498,8,5.0721540451049805
422,2,"(1, 2)",14.14565658569336,7,7.145656585693359
422,2,"(2, 3)",13.12256145477295,5,8.12256145477295
422,3,"(2, 3)",11.174315452575684,5,6.174315452575684
422,3,"(1, 2)",11.33906078338623,5,6.3390607833862305
422,6,"(2, 3)",10.118362426757812,6,4.1183624267578125
422,6,"(1, 2)",8.99672794342041,8,0.9967279434204102
422,6,"(3, 4)",8.719432830810547,5,3.719432830810547
422,7,"(2, 3)",8.071660995483398,5,3.0716609954833984
422,7,"(1, 2)",9.11317253112793,9,0.11317253112792969
422,7,"(0, 1)",7.857630729675293,6,1.857630729675293
422,11,"(2, 3)",3.168769359588623,6,2.831230640411377
422,11,"(3, 4)",3.567265033721924,6,2.432734966278076
422,12,"(2, 3)",4.026495933532715,6,1.9735040664672852
422,12,"(1, 2)",3.0550689697265625,6,2.9449310302734375
422,12,"(3, 4)",3.5674338340759277,6,2.4325661659240723
422,13,"(2, 3)",2.019472122192383,4,1.9805278778076172
422,13,"(1, 2)",3.068838596343994,5,1.9311614036560059
422,13,"(0, 1)",1.9996460676193237,3,1.0003539323806763
422,14,"(2, 3)",3.22540283203125,3,0.22540283203125
422,14,"(1, 2)",3.1362929344177246,3,0.1362929344177246
422,14,"(3, 4)",2.1646342277526855,2,0.16463422775268555
422,14,"(0, 1)",2.1921372413635254,2,0.1921372413635254
423,2,"(2, 3)",13.300724029541016,7,6.300724029541016
423,2,"(1, 2)",13.327718734741211,10,3.327718734741211
423,3,"(0, 1)",10.766095161437988,5,5.766095161437988
423,3,"(1, 2)",12.37587833404541,10,2.37587833404541
423,3,"(2, 3)",11.163219451904297,8,3.163219451904297
423,4,"(2, 3)",9.464775085449219,10,0.5352249145507812
423,4,"(3, 4)",9.075177192687988,9,0.07517719268798828
423,5,"(0, 1)",11.359663963317871,7,4.359663963317871
423,5,"(1, 2)",14.35960865020752,12,2.3596086502075195
423,5,"(2, 3)",14.347088813781738,13,1.3470888137817383
423,5,"(3, 4)",10.976283073425293,11,0.02371692657470703
423,6,"(0, 1)",7.484811782836914,8,0.5151882171630859
423,6,"(1, 2)",7.249300479888916,10,2.750699520111084
423,7,"(2, 3)",7.011654376983643,10,2.9883456230163574
423,7,"(1, 2)",8.066770553588867,11,2.933229446411133
423,7,"(0, 1)",6.903061389923096,8,1.0969386100769043
423,10,"(2, 3)",8.558663368225098,8,0.5586633682250977
423,10,"(1, 2)",8.27429485321045,8,0.2742948532104492
423,10,"(3, 4)",5.927349090576172,5,0.9273490905761719
423,10,"(0, 1)",5.916754245758057,7,1.0832457542419434
423,11,"(0, 1)",3.9896340370178223,5,1.0103659629821777
423,11,"(1, 2)",5.229698657989502,5,0.22969865798950195
423,11,"(2, 3)",5.357064247131348,5,0.35706424713134766
423,11,"(3, 4)",4.013250827789307,3,1.0132508277893066
423,12,"(2, 3)",3.037886142730713,2,1.037886142730713
423,12,"(1, 2)",1.9371215105056763,2,0.06287848949432373
423,12,"(3, 4)",1.8792953491210938,1,0.8792953491210938
424,4,"(2, 3)",7.98220157623291,7,0.9822015762329102
424,4,"(1, 2)",8.687044143676758,10,1.3129558563232422
424,4,"(0, 1)",9.446893692016602,5,4.446893692016602
424,6,"(0, 1)",5.143353462219238,7,1.8566465377807617
424,6,"(1, 2)",5.540412902832031,9,3.4595870971679688
424,8,"(0, 1)",4.989403247833252,7,2.010596752166748
424,8,"(1, 2)",6.492134094238281,8,1.5078659057617188
424,8,"(2, 3)",6.622872352600098,5,1.6228723526000977
424,8,"(3, 4)",5.017249584197998,3,2.017249584197998
424,9,"(2, 3)",1.9670578241348267,2,0.03294217586517334
424,9,"(3, 4)",0.5920880436897278,1,0.4079119563102722
424,10,"(2, 3)",1.423596739768982,2,0.5764032602310181
424,10,"(3, 4)",0.899305522441864,1,0.10069447755813599
424,11,"(2, 3)",2.1914608478546143,2,0.19146084785461426
424,11,"(1, 2)",1.118086814880371,1,0.1180868148803711
424,11,"(3, 4)",1.1697611808776855,1,0.16976118087768555
425,1,"(2, 3)",7.005364418029785,4,3.005364418029785
425,1,"(1, 2)",5.769587993621826,5,0.7695879936218262
425,1,"(3, 4)",5.937328338623047,2,3.937328338623047
425,2,"(2, 3)",4.332555770874023,2,2.3325557708740234
425,2,"(3, 4)",4.122058391571045,1,3.122058391571045
426,1,"(2, 3)",7.914648056030273,10,2.0853519439697266
426,1,"(1, 2)",8.873541831970215,5,3.873541831970215
426,1,"(0, 1)",8.557052612304688,5,3.5570526123046875
426,2,"(0, 1)",4.378461837768555,4,0.3784618377685547
426,2,"(1, 2)",6.573939323425293,3,3.573939323425293
426,3,"(2, 3)",5.612648010253906,9,3.3873519897460938
426,3,"(3, 4)",4.2160186767578125,4,0.2160186767578125
426,5,"(0, 1)",1.247667908668518,3,1.752332091331482
426,5,"(1, 2)",2.8601317405700684,1,1.8601317405700684
426,6,"(2, 3)",3.8152871131896973,6,2.1847128868103027
426,6,"(1, 2)",3.347799301147461,1,2.347799301147461
426,6,"(3, 4)",4.442571640014648,3,1.4425716400146484
426,7,"(0, 1)",0.1581469476222992,0,0.1581469476222992
426,7,"(1, 2)",0.4779239892959595,0,0.4779239892959595
426,8,"(0, 1)",0.2059890180826187,0,0.2059890180826187
426,8,"(1, 2)",0.17118015885353088,0,0.17118015885353088
427,1,"(0, 1)",14.062621116638184,3,11.062621116638184
427,1,"(1, 2)",15.273171424865723,8,7.273171424865723
427,1,"(2, 3)",15.322266578674316,8,7.322266578674316
427,1,"(3, 4)",13.983365058898926,10,3.983365058898926
427,3,"(0, 1)",8.030320167541504,3,5.030320167541504
427,3,"(1, 2)",10.27943229675293,7,3.2794322967529297
427,4,"(0, 1)",7.813627243041992,4,3.813627243041992
427,4,"(1, 2)",9.718737602233887,9,0.7187376022338867
427,5,"(2, 3)",9.47128963470459,6,3.47128963470459
427,5,"(1, 2)",10.461812019348145,10,0.46181201934814453
427,5,"(0, 1)",8.399552345275879,4,4.399552345275879
427,8,"(0, 1)",4.962231636047363,4,0.9622316360473633
427,8,"(1, 2)",5.4134721755981445,8,2.5865278244018555
427,9,"(0, 1)",6.049228668212891,4,2.0492286682128906
427,9,"(1, 2)",7.830130577087402,8,0.16986942291259766
427,9,"(2, 3)",7.872501850128174,5,2.872501850128174
427,9,"(3, 4)",6.1028947830200195,5,1.1028947830200195
427,10,"(2, 3)",2.292062759399414,2,0.29206275939941406
427,10,"(3, 4)",4.444754600524902,3,1.4447546005249023
427,12,"(0, 1)",1.852382779121399,1,0.8523827791213989
427,12,"(1, 2)",2.7951579093933105,2,0.7951579093933105
427,12,"(2, 3)",1.9468495845794678,2,0.05315041542053223
428,1,"(2, 3)",15.183382987976074,3,12.183382987976074
428,1,"(1, 2)",14.050385475158691,7,7.050385475158691
428,1,"(3, 4)",14.038753509521484,4,10.038753509521484
428,2,"(2, 3)",11.238533973693848,1,10.238533973693848
428,2,"(1, 2)",11.567200660705566,6,5.567200660705566
428,4,"(2, 3)",10.547772407531738,3,7.547772407531738
428,4,"(3, 4)",9.900635719299316,4,5.900635719299316
428,7,"(2, 3)",7.26038122177124,2,5.26038122177124
428,7,"(3, 4)",7.450690269470215,5,2.450690269470215
428,8,"(2, 3)",5.216769218444824,2,3.216769218444824
428,8,"(1, 2)",5.5029706954956055,6,0.49702930450439453
428,10,"(2, 3)",6.036665916442871,2,4.036665916442871
428,10,"(1, 2)",4.805319786071777,5,0.19468021392822266
428,10,"(3, 4)",5.151089668273926,4,1.1510896682739258
428,11,"(2, 3)",2.292062759399414,0,2.292062759399414
428,11,"(3, 4)",4.444754600524902,3,1.4447546005249023
428,14,"(2, 3)",0.10538852214813232,0,0.10538852214813232
428,14,"(1, 2)",0.07311448454856873,0,0.07311448454856873
429,1,"(2, 3)",12.446297645568848,10,2.4462976455688477
429,1,"(1, 2)",12.487351417541504,5,7.487351417541504
429,2,"(0, 1)",11.149901390075684,7,4.149901390075684
429,2,"(1, 2)",12.807029724121094,7,5.807029724121094
429,2,"(2, 3)",12.845770835876465,11,1.8457708358764648
429,2,"(3, 4)",11.148131370544434,8,3.1481313705444336
429,4,"(0, 1)",6.15274715423584,7,0.8472528457641602
429,4,"(1, 2)",7.707398414611816,7,0.7073984146118164
429,5,"(0, 1)",5.9950666427612305,8,2.0049333572387695
429,5,"(1, 2)",6.575186729431152,9,2.4248132705688477
429,6,"(2, 3)",6.798985958099365,7,0.20101404190063477
429,6,"(1, 2)",5.805508613586426,9,3.194491386413574
429,6,"(3, 4)",6.783463954925537,7,0.2165360450744629
429,8,"(2, 3)",4.020424842834473,4,0.020424842834472656
429,8,"(1, 2)",4.911376953125,8,3.088623046875
429,8,"(0, 1)",4.369647026062012,4,0.3696470260620117
429,10,"(2, 3)",4.155910968780518,3,1.1559109687805176
429,10,"(1, 2)",4.119858741760254,5,0.8801412582397461
429,10,"(3, 4)",3.0174994468688965,2,1.0174994468688965
429,10,"(0, 1)",3.132997989654541,3,0.13299798965454102
429,11,"(2, 3)",0.11587792634963989,0,0.11587792634963989
429,11,"(3, 4)",0.1558062583208084,0,0.1558062583208084
430,1,"(0, 1)",8.956473350524902,13,4.043526649475098
430,1,"(1, 2)",10.404982566833496,11,0.5950174331665039
430,1,"(2, 3)",10.475323677062988,11,0.5246763229370117
430,1,"(3, 4)",8.953150749206543,12,3.046849250793457
430,2,"(2, 3)",7.843552589416504,10,2.156447410583496
430,2,"(1, 2)",6.707162857055664,8,1.292837142944336
430,2,"(3, 4)",7.576225280761719,11,3.4237747192382812
430,3,"(2, 3)",6.608458518981934,8,1.3915414810180664
430,3,"(1, 2)",5.916617393493652,7,1.0833826065063477
430,3,"(3, 4)",7.64931583404541,10,2.35068416595459
430,4,"(0, 1)",4.604551792144775,5,0.3954482078552246
430,4,"(1, 2)",6.111910820007324,6,0.11191082000732422
430,4,"(2, 3)",4.881460189819336,6,1.118539810180664
430,5,"(2, 3)",4.419424057006836,5,0.5805759429931641
430,5,"(1, 2)",4.281660556793213,4,0.2816605567932129
430,6,"(0, 1)",3.9701313972473145,2,1.9701313972473145
430,6,"(1, 2)",4.3833160400390625,4,0.3833160400390625
430,6,"(2, 3)",4.390702247619629,5,0.6092977523803711
430,6,"(3, 4)",4.086543083190918,4,0.08654308319091797
430,8,"(0, 1)",0.06365779042243958,0,0.06365779042243958
430,8,"(1, 2)",0.05576014518737793,0,0.05576014518737793
431,1,"(2, 3)",15.756705284118652,7,8.756705284118652
431,1,"(1, 2)",14.937150001525879,4,10.937150001525879
431,1,"(3, 4)",15.228926658630371,6,9.228926658630371
431,2,"(2, 3)",13.66569995880127,7,6.6656999588012695
431,2,"(3, 4)",11.07677936553955,6,5.076779365539551
431,3,"(2, 3)",13.420246124267578,7,6.420246124267578
431,3,"(1, 2)",13.460095405578613,4,9.460095405578613
431,5,"(0, 1)",9.299707412719727,4,5.299707412719727
431,5,"(1, 2)",10.755547523498535,6,4.755547523498535
431,6,"(0, 1)",9.330349922180176,7,2.330349922180176
431,6,"(1, 2)",9.579516410827637,7,2.5795164108276367
431,8,"(2, 3)",9.152215003967285,5,4.152215003967285
431,8,"(1, 2)",7.868228435516357,8,0.13177156448364258
431,8,"(3, 4)",7.778474807739258,3,4.778474807739258
431,9,"(2, 3)",6.621945381164551,3,3.621945381164551
431,9,"(3, 4)",5.131742477416992,3,2.131742477416992
431,12,"(2, 3)",5.079068660736084,3,2.079068660736084
431,12,"(1, 2)",3.8952536582946777,4,0.10474634170532227
431,12,"(3, 4)",4.378726959228516,2,2.3787269592285156
431,13,"(2, 3)",2.554230213165283,1,1.5542302131652832
431,13,"(3, 4)",1.7283589839935303,1,0.7283589839935303
432,1,"(2, 3)",11.740092277526855,11,0.7400922775268555
432,1,"(1, 2)",11.535725593566895,13,1.4642744064331055
432,1,"(3, 4)",9.426774978637695,10,0.5732250213623047
432,1,"(0, 1)",9.49682903289795,8,1.4968290328979492
432,3,"(2, 3)",8.005093574523926,8,0.005093574523925781
432,3,"(1, 2)",7.888915061950684,11,3.1110849380493164
432,3,"(3, 4)",6.841529846191406,8,1.1584701538085938
432,3,"(0, 1)",6.860729217529297,7,0.13927078247070312
432,5,"(0, 1)",4.920997619628906,5,0.07900238037109375
432,5,"(1, 2)",5.566641807556152,7,1.4333581924438477
432,5,"(2, 3)",5.518790245056152,5,0.5187902450561523
432,5,"(3, 4)",4.9504218101501465,5,0.049578189849853516
432,6,"(0, 1)",4.431514739990234,3,1.4315147399902344
432,6,"(1, 2)",3.823664665222168,4,0.17633533477783203
432,6,"(2, 3)",3.1367783546447754,2,1.1367783546447754
432,8,"(2, 3)",0.11587792634963989,0,0.11587792634963989
432,8,"(3, 4)",0.1558062583208084,0,0.1558062583208084
433,1,"(2, 3)",6.303560256958008,8,1.6964397430419922
433,1,"(1, 2)",7.246899127960205,6,1.246899127960205
433,1,"(0, 1)",5.585883140563965,5,0.5858831405639648
433,2,"(0, 1)",3.4716405868530273,4,0.5283594131469727
433,2,"(1, 2)",4.638578414916992,4,0.6385784149169922
433,3,"(2, 3)",4.327019214630127,5,0.672980785369873
433,3,"(1, 2)",4.505928039550781,4,0.5059280395507812
433,4,"(0, 1)",1.659016728401184,2,0.3409832715988159
433,4,"(1, 2)",2.556338310241699,4,1.4436616897583008
433,5,"(2, 3)",4.155910968780518,3,1.1559109687805176
433,5,"(1, 2)",4.119858741760254,4,0.1198587417602539
433,5,"(3, 4)",3.0174994468688965,2,1.0174994468688965
433,5,"(0, 1)",3.132997989654541,2,1.132997989654541
434,8,"(2, 3)",4.408070087432861,5,0.5919299125671387
434,8,"(1, 2)",4.383500099182129,4,0.3835000991821289
434,8,"(3, 4)",3.941653251647949,5,1.0583467483520508
434,8,"(0, 1)",4.1311116218566895,7,2.8688883781433105
434,9,"(2, 3)",3.037886142730713,2,1.037886142730713
434,9,"(1, 2)",1.9371215105056763,1,0.9371215105056763
434,9,"(3, 4)",1.8792953491210938,3,1.1207046508789062
434,10,"(2, 3)",0.10538852214813232,0,0.10538852214813232
434,10,"(1, 2)",0.07311448454856873,0,0.07311448454856873
435,4,"(2, 3)",3.117187023162842,3,0.1171870231628418
435,4,"(1, 2)",3.953200340270996,4,0.046799659729003906
435,4,"(0, 1)",3.6268301010131836,4,0.3731698989868164
435,6,"(2, 3)",2.1914608478546143,2,0.19146084785461426
435,6,"(1, 2)",1.118086814880371,1,0.1180868148803711
435,6,"(3, 4)",1.1697611808776855,1,0.16976118087768555
436,3,"(2, 3)",10.975760459899902,7,3.9757604598999023
436,3,"(1, 2)",10.957927703857422,8,2.957927703857422
436,5,"(2, 3)",11.712660789489746,8,3.712660789489746
436,5,"(1, 2)",11.549970626831055,11,0.5499706268310547
436,5,"(3, 4)",10.007220268249512,10,0.007220268249511719
436,5,"(0, 1)",10.096427917480469,9,1.0964279174804688
436,6,"(0, 1)",8.77999496459961,9,0.22000503540039062
436,6,"(1, 2)",9.211249351501465,11,1.7887506484985352
436,6,"(2, 3)",9.303242683410645,8,1.3032426834106445
436,6,"(3, 4)",8.651738166809082,10,1.348261833190918
436,9,"(2, 3)",5.095266342163086,6,0.9047336578369141
436,9,"(1, 2)",5.255784511566162,8,2.744215488433838
436,10,"(2, 3)",3.168769359588623,6,2.831230640411377
436,10,"(3, 4)",3.567265033721924,6,2.432734966278076
436,11,"(2, 3)",3.117187023162842,6,2.882812976837158
436,11,"(1, 2)",3.953200340270996,6,2.046799659729004
436,11,"(0, 1)",3.6268301010131836,6,2.3731698989868164
436,12,"(2, 3)",4.155910968780518,5,0.8440890312194824
436,12,"(1, 2)",4.119858741760254,4,0.1198587417602539
436,12,"(3, 4)",3.0174994468688965,3,0.017499446868896484
436,12,"(0, 1)",3.132997989654541,5,1.867002010345459
436,13,"(2, 3)",2.1914608478546143,2,0.19146084785461426
436,13,"(1, 2)",1.118086814880371,1,0.1180868148803711
436,13,"(3, 4)",1.1697611808776855,1,0.16976118087768555
437,1,"(2, 3)",9.8687105178833,6,3.868710517883301
437,1,"(1, 2)",8.78823184967041,8,0.7882318496704102
437,1,"(3, 4)",9.250162124633789,12,2.749837875366211
437,2,"(2, 3)",4.875946521759033,6,1.1240534782409668
437,2,"(3, 4)",9.684025764465332,12,2.315974235534668
437,3,"(2, 3)",7.373499870300293,6,1.373499870300293
437,3,"(1, 2)",8.307668685913086,6,2.307668685913086
437,3,"(0, 1)",6.500937461853027,9,2.4990625381469727
437,4,"(2, 3)",4.428894519805908,5,0.5711054801940918
437,4,"(1, 2)",4.657041549682617,4,0.6570415496826172
437,5,"(2, 3)",5.794177055358887,5,0.7941770553588867
437,5,"(1, 2)",4.926222801208496,4,0.9262228012084961
437,5,"(3, 4)",6.0222344398498535,7,0.9777655601501465
437,6,"(2, 3)",4.004073619842529,3,1.0040736198425293
437,6,"(1, 2)",5.124932289123535,3,2.124932289123535
437,6,"(0, 1)",3.7125000953674316,3,0.7125000953674316
437,7,"(2, 3)",2.590366840362549,2,0.5903668403625488
437,7,"(1, 2)",2.6934518814086914,1,1.6934518814086914
437,8,"(0, 1)",0.7528142333030701,0,0.7528142333030701
437,8,"(1, 2)",1.4788423776626587,1,0.4788423776626587
438,2,"(2, 3)",12.972858428955078,6,6.972858428955078
438,2,"(3, 4)",14.10867977142334,5,9.10867977142334
438,5,"(2, 3)",11.033614158630371,9,2.033614158630371
438,5,"(1, 2)",10.9611177444458,6,4.961117744445801
438,5,"(3, 4)",11.846900939941406,6,5.846900939941406
438,5,"(0, 1)",11.781476974487305,11,0.7814769744873047
438,7,"(2, 3)",7.849440574645996,6,1.849440574645996
438,7,"(1, 2)",7.757013320922852,6,1.7570133209228516
438,8,"(2, 3)",8.863761901855469,6,2.8637619018554688
438,8,"(1, 2)",7.660028457641602,8,0.33997154235839844
438,8,"(3, 4)",8.37484073638916,6,2.37484073638916
438,9,"(2, 3)",7.53115177154541,4,3.53115177154541
438,9,"(1, 2)",6.75938606262207,8,1.2406139373779297
438,9,"(3, 4)",8.376522064208984,6,2.3765220642089844
438,12,"(2, 3)",4.020424842834473,1,3.0204248428344727
438,12,"(1, 2)",4.911376953125,6,1.088623046875
438,12,"(0, 1)",4.369647026062012,2,2.3696470260620117
438,14,"(2, 3)",1.423596739768982,0,1.423596739768982
438,14,"(3, 4)",0.899305522441864,1,0.10069447755813599
439,2,"(0, 1)",6.989030838012695,10,3.0109691619873047
439,2,"(1, 2)",9.645514488220215,10,0.35448551177978516
439,2,"(2, 3)",9.60579776763916,12,2.39420223236084
439,2,"(3, 4)",6.905919551849365,7,0.09408044815063477
439,3,"(2, 3)",6.616039276123047,9,2.383960723876953
439,3,"(1, 2)",6.49327278137207,7,0.5067272186279297
439,3,"(3, 4)",4.943807601928711,5,0.05619239807128906
439,3,"(0, 1)",5.071779251098633,8,2.928220748901367
439,4,"(2, 3)",4.408070087432861,6,1.5919299125671387
439,4,"(1, 2)",4.383500099182129,4,0.3835000991821289
439,4,"(3, 4)",3.941653251647949,3,0.9416532516479492
439,4,"(0, 1)",4.1311116218566895,6,1.8688883781433105
439,5,"(2, 3)",3.037886142730713,3,0.03788614273071289
439,5,"(1, 2)",1.9371215105056763,1,0.9371215105056763
439,5,"(3, 4)",1.8792953491210938,1,0.8792953491210938
440,1,"(0, 1)",11.64809513092041,7,4.64809513092041
440,1,"(1, 2)",12.752142906188965,8,4.752142906188965
440,4,"(2, 3)",8.21470832824707,9,0.7852916717529297
440,4,"(3, 4)",11.119014739990234,10,1.1190147399902344
440,6,"(2, 3)",11.740092277526855,11,0.7400922775268555
440,6,"(1, 2)",11.535725593566895,10,1.5357255935668945
440,6,"(3, 4)",9.426774978637695,13,3.5732250213623047
440,6,"(0, 1)",9.49682903289795,8,1.4968290328979492
440,7,"(2, 3)",7.53115177154541,10,2.46884822845459
440,7,"(1, 2)",6.75938606262207,8,1.2406139373779297
440,7,"(3, 4)",8.376522064208984,12,3.6234779357910156
440,8,"(0, 1)",6.169737815856934,6,0.1697378158569336
440,8,"(1, 2)",5.048886299133301,7,1.9511137008666992
440,9,"(2, 3)",5.711905479431152,6,0.28809452056884766
440,9,"(1, 2)",6.823133945465088,7,0.1768660545349121
440,9,"(0, 1)",4.266684055328369,6,1.7333159446716309
440,10,"(2, 3)",4.004073619842529,5,0.9959263801574707
440,10,"(1, 2)",5.124932289123535,5,0.12493228912353516
440,10,"(0, 1)",3.7125000953674316,5,1.2874999046325684
440,12,"(0, 1)",2.8196921348571777,4,1.1803078651428223
440,12,"(1, 2)",3.029188632965088,3,0.02918863296508789
440,12,"(2, 3)",2.0920777320861816,3,0.9079222679138184
440,13,"(2, 3)",2.1914608478546143,2,0.19146084785461426
440,13,"(1, 2)",1.118086814880371,1,0.1180868148803711
440,13,"(3, 4)",1.1697611808776855,1,0.16976118087768555
441,3,"(2, 3)",9.517060279846191,6,3.5170602798461914
441,3,"(1, 2)",8.93738079071045,9,0.06261920928955078
441,3,"(3, 4)",11.116787910461426,11,0.11678791046142578
441,4,"(2, 3)",8.70262622833252,4,4.7026262283325195
441,4,"(1, 2)",8.108969688415527,9,0.8910303115844727
441,4,"(3, 4)",10.277091979980469,11,0.7229080200195312
441,7,"(2, 3)",5.133591651916504,4,1.133591651916504
441,7,"(1, 2)",6.187769889831543,7,0.812230110168457
441,7,"(0, 1)",4.6533355712890625,5,0.3466644287109375
441,8,"(2, 3)",4.020424842834473,3,1.0204248428344727
441,8,"(1, 2)",4.911376953125,5,0.088623046875
441,8,"(0, 1)",4.369647026062012,4,0.3696470260620117
441,11,"(2, 3)",2.1914608478546143,2,0.19146084785461426
441,11,"(1, 2)",1.118086814880371,1,0.1180868148803711
441,11,"(3, 4)",1.1697611808776855,1,0.16976118087768555
442,1,"(0, 1)",4.209018707275391,6,1.7909812927246094
442,1,"(1, 2)",5.620272159576416,5,0.620272159576416
442,2,"(2, 3)",5.79069709777832,6,0.2093029022216797
442,2,"(1, 2)",5.743579864501953,5,0.7435798645019531
442,2,"(3, 4)",6.009820938110352,5,1.0098209381103516
442,2,"(0, 1)",5.887439727783203,6,0.11256027221679688
442,3,"(2, 3)",3.1012210845947266,3,0.10122108459472656
442,3,"(3, 4)",3.295417308807373,3,0.29541730880737305
442,4,"(2, 3)",2.590366840362549,3,0.40963315963745117
442,4,"(1, 2)",2.6934518814086914,0,2.6934518814086914
442,5,"(0, 1)",0.7528142333030701,1,0.24718576669692993
442,5,"(1, 2)",1.4788423776626587,0,1.4788423776626587
443,2,"(2, 3)",8.21470832824707,4,4.21470832824707
443,2,"(3, 4)",11.119014739990234,6,5.119014739990234
443,3,"(2, 3)",8.90839672088623,5,3.9083967208862305
443,3,"(1, 2)",9.902920722961426,6,3.902920722961426
443,3,"(0, 1)",9.336583137512207,7,2.336583137512207
443,4,"(2, 3)",9.304617881774902,4,5.304617881774902
443,4,"(1, 2)",8.258441925048828,5,3.258441925048828
443,4,"(3, 4)",7.344046115875244,3,4.344046115875244
443,6,"(2, 3)",3.8029112815856934,2,1.8029112815856934
443,6,"(3, 4)",7.196103572845459,4,3.196103572845459
443,7,"(2, 3)",2.800448417663574,2,0.8004484176635742
443,7,"(1, 2)",2.900038719177246,1,1.900038719177246
443,11,"(2, 3)",0.10538852214813232,0,0.10538852214813232
443,11,"(1, 2)",0.07311448454856873,0,0.07311448454856873
444,2,"(2, 3)",7.207427978515625,7,0.207427978515625
444,2,"(1, 2)",5.803510665893555,4,1.8035106658935547
444,2,"(3, 4)",5.524534225463867,7,1.4754657745361328
444,3,"(2, 3)",3.623216152191162,5,1.376783847808838
444,3,"(1, 2)",3.770775318145752,3,0.770775318145752
444,4,"(0, 1)",5.381651878356934,6,0.6183481216430664
444,4,"(1, 2)",4.32698392868042,3,1.32698392868042
444,4,"(2, 3)",4.018412113189697,5,0.9815878868103027
444,4,"(3, 4)",4.965886116027832,4,0.965886116027832
444,6,"(2, 3)",1.1089022159576416,1,0.1089022159576416
444,6,"(1, 2)",1.0875858068466187,0,1.0875858068466187
445,3,"(0, 1)",3.6277332305908203,3,0.6277332305908203
445,3,"(1, 2)",3.22183895111084,3,0.22183895111083984
445,5,"(2, 3)",2.828808307647705,2,0.8288083076477051
445,5,"(1, 2)",1.895431637763977,2,0.10456836223602295
445,5,"(3, 4)",1.8128663301467896,1,0.8128663301467896
446,2,"(2, 3)",8.469285011291504,6,2.469285011291504
446,2,"(3, 4)",8.426207542419434,5,3.4262075424194336
446,4,"(0, 1)",7.59408712387085,7,0.5940871238708496
446,4,"(1, 2)",7.882488250732422,9,1.1175117492675781
446,4,"(2, 3)",6.782434940338135,5,1.7824349403381348
446,7,"(2, 3)",3.1012210845947266,3,0.10122108459472656
446,7,"(3, 4)",3.295417308807373,5,1.704582691192627
446,8,"(0, 1)",4.25963830947876,4,0.25963830947875977
446,8,"(1, 2)",3.75758695602417,4,0.24241304397583008
446,8,"(2, 3)",3.5557994842529297,3,0.5557994842529297
446,8,"(3, 4)",3.9494733810424805,5,1.0505266189575195
446,9,"(2, 3)",1.1089022159576416,0,1.1089022159576416
446,9,"(1, 2)",1.0875858068466187,1,0.08758580684661865
447,1,"(0, 1)",11.666939735412598,6,5.666939735412598
447,1,"(1, 2)",11.258561134338379,6,5.258561134338379
447,2,"(2, 3)",10.29889965057373,4,6.2988996505737305
447,2,"(1, 2)",10.261883735656738,9,1.2618837356567383
447,3,"(2, 3)",8.989371299743652,5,3.9893712997436523
447,3,"(3, 4)",10.197461128234863,8,2.1974611282348633
447,4,"(2, 3)",8.45491886138916,7,1.4549188613891602
447,4,"(1, 2)",8.413052558898926,8,0.4130525588989258
447,7,"(2, 3)",6.086915016174316,11,4.913084983825684
447,7,"(1, 2)",6.612405776977539,9,2.387594223022461
447,7,"(0, 1)",7.740616798400879,10,2.259383201599121
447,8,"(0, 1)",5.886614799499512,9,3.1133852005004883
447,8,"(1, 2)",6.731570243835449,7,0.2684297561645508
447,8,"(2, 3)",6.736943244934082,10,3.263056755065918
447,8,"(3, 4)",5.840493679046631,5,0.8404936790466309
447,10,"(2, 3)",4.0126471519470215,6,1.9873528480529785
447,10,"(1, 2)",2.883108615875244,4,1.1168913841247559
447,10,"(3, 4)",2.704106330871582,3,0.29589366912841797
447,12,"(0, 1)",2.1755566596984863,2,0.17555665969848633
447,12,"(1, 2)",3.114978790283203,3,0.11497879028320312
447,12,"(2, 3)",3.1592864990234375,3,0.1592864990234375
447,12,"(3, 4)",2.1576647758483887,2,0.15766477584838867
448,1,"(0, 1)",13.07215404510498,10,3.0721540451049805
448,1,"(1, 2)",14.14565658569336,9,5.145656585693359
448,1,"(2, 3)",13.12256145477295,8,5.122561454772949
448,2,"(2, 3)",11.893689155578613,8,3.8936891555786133
448,2,"(1, 2)",11.837882041931152,9,2.8378820419311523
448,3,"(0, 1)",11.608518600463867,8,3.608518600463867
448,3,"(1, 2)",11.612065315246582,9,2.612065315246582
448,3,"(2, 3)",10.701244354248047,10,0.7012443542480469
448,5,"(2, 3)",11.712660789489746,9,2.712660789489746
448,5,"(1, 2)",11.549970626831055,8,3.5499706268310547
448,5,"(3, 4)",10.007220268249512,8,2.0072202682495117
448,5,"(0, 1)",10.096427917480469,6,4.096427917480469
448,6,"(2, 3)",8.829998970031738,8,0.8299989700317383
448,6,"(1, 2)",7.819191932678223,6,1.8191919326782227
448,6,"(3, 4)",8.464743614196777,7,1.4647436141967773
448,8,"(2, 3)",5.990292072296143,6,0.009707927703857422
448,8,"(1, 2)",6.8683061599731445,6,0.8683061599731445
448,8,"(0, 1)",6.862070560455322,5,1.8620705604553223
448,9,"(0, 1)",5.319610118865967,4,1.3196101188659668
448,9,"(1, 2)",3.687753200531006,4,0.31224679946899414
448,12,"(2, 3)",3.037886142730713,2,1.037886142730713
448,12,"(1, 2)",1.9371215105056763,3,1.0628784894943237
448,12,"(3, 4)",1.8792953491210938,1,0.8792953491210938
448,13,"(2, 3)",0.08881738781929016,0,0.08881738781929016
448,13,"(3, 4)",0.03796178102493286,0,0.03796178102493286
449,1,"(0, 1)",7.7211151123046875,2,5.7211151123046875
449,1,"(1, 2)",7.378233909606934,3,4.378233909606934
449,6,"(0, 1)",2.821312427520752,4,1.178687572479248
449,6,"(1, 2)",2.0877273082733154,3,0.9122726917266846
449,7,"(2, 3)",2.209432601928711,3,0.7905673980712891
449,7,"(1, 2)",3.0739378929138184,3,0.07393789291381836
449,7,"(0, 1)",2.8330421447753906,4,1.1669578552246094
449,8,"(2, 3)",2.1914608478546143,2,0.19146084785461426
449,8,"(1, 2)",1.118086814880371,1,0.1180868148803711
449,8,"(3, 4)",1.1697611808776855,1,0.16976118087768555
450,5,"(0, 1)",7.917111873626709,5,2.917111873626709
450,5,"(1, 2)",9.765870094299316,9,0.7658700942993164
450,7,"(0, 1)",9.477838516235352,6,3.4778385162353516
450,7,"(1, 2)",11.632952690124512,11,0.6329526901245117
450,7,"(2, 3)",11.64293384552002,11,0.6429338455200195
450,7,"(3, 4)",9.450324058532715,9,0.45032405853271484
450,8,"(0, 1)",5.12094783782959,6,0.8790521621704102
450,8,"(1, 2)",6.629359245300293,8,1.370640754699707
450,9,"(2, 3)",5.955536842346191,6,0.044463157653808594
450,9,"(1, 2)",6.996447563171387,8,1.0035524368286133
450,9,"(0, 1)",5.990414619445801,6,0.009585380554199219
450,10,"(0, 1)",5.886614799499512,5,0.8866147994995117
450,10,"(1, 2)",6.731570243835449,6,0.7315702438354492
450,10,"(2, 3)",6.736943244934082,5,1.736943244934082
450,10,"(3, 4)",5.840493679046631,5,0.8404936790466309
450,12,"(2, 3)",2.0529932975769043,2,0.0529932975769043
450,12,"(3, 4)",2.7633562088012695,3,0.23664379119873047
450,13,"(0, 1)",1.6105791330337524,2,0.38942086696624756
450,13,"(1, 2)",0.5627011060714722,0,0.5627011060714722
450,14,"(2, 3)",0.1495564579963684,0,0.1495564579963684
450,14,"(1, 2)",0.1323675811290741,0,0.1323675811290741
451,1,"(2, 3)",13.954002380371094,10,3.9540023803710938
451,1,"(3, 4)",12.133057594299316,8,4.133057594299316
451,2,"(2, 3)",13.274127960205078,10,3.274127960205078
451,2,"(1, 2)",12.520484924316406,9,3.5204849243164062
451,2,"(3, 4)",13.753046989440918,9,4.753046989440918
451,3,"(0, 1)",10.40075969696045,6,4.400759696960449
451,3,"(1, 2)",11.882495880126953,8,3.882495880126953
451,4,"(2, 3)",12.993351936340332,9,3.993351936340332
451,4,"(1, 2)",12.827874183654785,8,4.827874183654785
451,4,"(3, 4)",11.833296775817871,8,3.833296775817871
451,4,"(0, 1)",11.853761672973633,7,4.853761672973633
451,6,"(2, 3)",10.016451835632324,10,0.01645183563232422
451,6,"(1, 2)",10.103320121765137,7,3.1033201217651367
451,7,"(0, 1)",8.77999496459961,5,3.7799949645996094
451,7,"(1, 2)",9.211249351501465,8,1.2112493515014648
451,7,"(2, 3)",9.303242683410645,10,0.6967573165893555
451,7,"(3, 4)",8.651738166809082,7,1.651738166809082
451,9,"(0, 1)",4.962231636047363,4,0.9622316360473633
451,9,"(1, 2)",5.4134721755981445,6,0.5865278244018555
451,12,"(0, 1)",3.9701313972473145,3,0.9701313972473145
451,12,"(1, 2)",4.3833160400390625,6,1.6166839599609375
451,12,"(2, 3)",4.390702247619629,3,1.390702247619629
451,12,"(3, 4)",4.086543083190918,3,1.086543083190918
451,14,"(2, 3)",0.08881738781929016,0,0.08881738781929016
451,14,"(3, 4)",0.03796178102493286,0,0.03796178102493286
452,2,"(0, 1)",7.484811782836914,4,3.484811782836914
452,2,"(1, 2)",7.249300479888916,1,6.249300479888916
452,3,"(0, 1)",8.09097671508789,4,4.090976715087891
452,3,"(1, 2)",5.320644855499268,1,4.320644855499268
452,4,"(2, 3)",4.428894519805908,4,0.4288945198059082
452,4,"(1, 2)",4.657041549682617,1,3.657041549682617
452,8,"(2, 3)",1.8312040567398071,2,0.16879594326019287
452,8,"(1, 2)",1.636361002922058,0,1.636361002922058
452,9,"(0, 1)",0.2059890180826187,0,0.2059890180826187
452,9,"(1, 2)",0.17118015885353088,0,0.17118015885353088
453,2,"(0, 1)",11.1405611038208,8,3.140561103820801
453,2,"(1, 2)",8.238173484802246,7,1.238173484802246
453,3,"(0, 1)",10.882080078125,10,0.882080078125
453,3,"(1, 2)",9.44190502166748,7,2.4419050216674805
453,3,"(2, 3)",8.765965461730957,6,2.765965461730957
453,6,"(2, 3)",7.644998550415039,7,0.6449985504150391
453,6,"(1, 2)",6.356236457824707,9,2.643763542175293
453,6,"(3, 4)",5.290715217590332,6,0.709284782409668
453,7,"(2, 3)",4.622355937957764,5,0.37764406204223633
453,7,"(3, 4)",3.2783875465393066,5,1.7216124534606934
453,8,"(2, 3)",5.036065101623535,5,0.036065101623535156
453,8,"(1, 2)",3.799868583679199,6,2.200131416320801
453,8,"(3, 4)",3.6835060119628906,5,1.3164939880371094
453,9,"(2, 3)",3.6605191230773926,3,0.6605191230773926
453,9,"(1, 2)",3.447580337524414,5,1.552419662475586
453,10,"(2, 3)",1.47701096534729,3,1.52298903465271
453,10,"(3, 4)",0.6959632039070129,2,1.304036796092987
453,11,"(0, 1)",2.1755566596984863,2,0.17555665969848633
453,11,"(1, 2)",3.114978790283203,3,0.11497879028320312
453,11,"(2, 3)",3.1592864990234375,3,0.1592864990234375
453,11,"(3, 4)",2.1576647758483887,2,0.15766477584838867
454,1,"(0, 1)",6.855902671813965,4,2.855902671813965
454,1,"(1, 2)",8.061217308044434,7,1.0612173080444336
454,1,"(2, 3)",6.890990257263184,7,0.1090097427368164
454,4,"(2, 3)",6.616039276123047,5,1.6160392761230469
454,4,"(1, 2)",6.49327278137207,4,2.4932727813720703
454,4,"(3, 4)",4.943807601928711,2,2.943807601928711
454,4,"(0, 1)",5.071779251098633,2,3.071779251098633
455,1,"(0, 1)",13.160244941711426,5,8.160244941711426
455,1,"(1, 2)",13.477980613708496,4,9.477980613708496
455,2,"(2, 3)",10.754303932189941,4,6.754303932189941
455,2,"(3, 4)",15.013035774230957,6,9.013035774230957
455,4,"(2, 3)",9.427813529968262,5,4.427813529968262
455,4,"(1, 2)",9.799508094787598,5,4.799508094787598
455,5,"(0, 1)",10.235922813415527,5,5.235922813415527
455,5,"(1, 2)",8.98432445526123,7,1.9843244552612305
455,6,"(2, 3)",7.849440574645996,6,1.849440574645996
455,6,"(1, 2)",7.757013320922852,8,0.24298667907714844
455,8,"(0, 1)",8.09097671508789,11,2.9090232849121094
455,8,"(1, 2)",5.320644855499268,8,2.6793551445007324
455,9,"(0, 1)",6.8044819831848145,11,4.1955180168151855
455,9,"(1, 2)",6.842029571533203,8,1.1579704284667969
455,9,"(2, 3)",5.87380313873291,6,0.12619686126708984
455,10,"(2, 3)",3.6190571784973145,5,1.3809428215026855
455,10,"(3, 4)",5.261085510253906,7,1.7389144897460938
455,11,"(2, 3)",4.234788417816162,5,0.7652115821838379
455,11,"(1, 2)",4.783534049987793,4,0.783534049987793
455,11,"(0, 1)",5.225758075714111,9,3.7742419242858887
455,12,"(2, 3)",4.391970157623291,4,0.391970157623291
455,12,"(1, 2)",3.105220317840576,2,1.1052203178405762
455,12,"(3, 4)",2.25791072845459,4,1.7420892715454102
455,13,"(2, 3)",1.1089022159576416,2,0.8910977840423584
455,13,"(1, 2)",1.0875858068466187,1,0.08758580684661865
455,14,"(2, 3)",2.0406453609466553,2,0.04064536094665527
455,14,"(1, 2)",1.0231412649154663,1,0.02314126491546631
455,14,"(3, 4)",1.119098424911499,1,0.11909842491149902
456,1,"(2, 3)",5.681334018707275,3,2.6813340187072754
456,1,"(1, 2)",5.7798285484313965,3,2.7798285484313965
456,5,"(2, 3)",2.800448417663574,2,0.8004484176635742
456,5,"(1, 2)",2.900038719177246,3,0.0999612808227539
456,6,"(2, 3)",4.020424842834473,2,2.0204248428344727
456,6,"(1, 2)",4.911376953125,3,1.911376953125
456,6,"(0, 1)",4.369647026062012,4,0.3696470260620117
456,7,"(2, 3)",1.826266884803772,1,0.826266884803772
456,7,"(1, 2)",1.9026387929916382,1,0.9026387929916382
457,4,"(2, 3)",3.1012210845947266,5,1.8987789154052734
457,4,"(3, 4)",3.295417308807373,5,1.704582691192627
457,5,"(2, 3)",3.469104290008545,5,1.530895709991455
457,5,"(1, 2)",3.7762508392333984,3,0.7762508392333984
457,6,"(0, 1)",0.7528142333030701,2,1.24718576669693
457,6,"(1, 2)",1.4788423776626587,3,1.5211576223373413
457,7,"(2, 3)",3.22540283203125,3,0.22540283203125
457,7,"(1, 2)",3.1362929344177246,3,0.1362929344177246
457,7,"(3, 4)",2.1646342277526855,2,0.16463422775268555
457,7,"(0, 1)",2.1921372413635254,2,0.1921372413635254
458,3,"(0, 1)",9.404486656188965,10,0.5955133438110352
458,3,"(1, 2)",7.833763122558594,10,2.1662368774414062
458,4,"(2, 3)",8.071660995483398,9,0.9283390045166016
458,4,"(1, 2)",9.11317253112793,10,0.8868274688720703
458,4,"(0, 1)",7.857630729675293,12,4.142369270324707
458,5,"(2, 3)",5.971348762512207,8,2.028651237487793
458,5,"(1, 2)",6.013814926147461,9,2.986185073852539
458,6,"(0, 1)",6.8731842041015625,9,2.1268157958984375
458,6,"(1, 2)",7.913938045501709,9,1.086061954498291
458,6,"(2, 3)",8.000801086425781,8,0.00080108642578125
458,6,"(3, 4)",6.8034772872924805,8,1.1965227127075195
458,7,"(0, 1)",6.040568828582764,7,0.9594311714172363
458,7,"(1, 2)",5.784316062927246,6,0.2156839370727539
458,7,"(2, 3)",5.734234809875488,5,0.7342348098754883
458,7,"(3, 4)",5.857722282409668,6,0.14227771759033203
458,9,"(2, 3)",3.9445252418518066,2,1.9445252418518066
458,9,"(1, 2)",3.0378684997558594,2,1.0378684997558594
458,9,"(3, 4)",3.5288376808166504,4,0.4711623191833496
458,10,"(2, 3)",1.1089022159576416,0,1.1089022159576416
458,10,"(1, 2)",1.0875858068466187,1,0.08758580684661865
459,2,"(0, 1)",6.53023624420166,7,0.46976375579833984
459,2,"(1, 2)",8.280953407287598,4,4.280953407287598
459,2,"(2, 3)",6.990511894226074,5,1.9905118942260742
459,4,"(2, 3)",2.800448417663574,3,0.19955158233642578
459,4,"(1, 2)",2.900038719177246,2,0.9000387191772461
459,5,"(2, 3)",2.7410683631896973,3,0.25893163681030273
459,5,"(1, 2)",2.8667397499084473,2,0.8667397499084473
459,7,"(2, 3)",2.209432601928711,2,0.20943260192871094
459,7,"(1, 2)",3.0739378929138184,2,1.0739378929138184
459,7,"(0, 1)",2.8330421447753906,2,0.8330421447753906
460,1,"(0, 1)",12.79221248626709,5,7.79221248626709
460,1,"(1, 2)",12.121140480041504,8,4.121140480041504
460,1,"(2, 3)",12.054023742675781,5,7.054023742675781
460,1,"(3, 4)",12.64824104309082,2,10.64824104309082
460,6,"(2, 3)",4.233351230621338,3,1.233351230621338
460,6,"(3, 4)",8.581337928771973,9,0.41866207122802734
460,8,"(2, 3)",3.623216152191162,2,1.623216152191162
460,8,"(1, 2)",3.770775318145752,6,2.229224681854248
460,10,"(0, 1)",2.2897186279296875,2,0.2897186279296875
460,10,"(1, 2)",4.428794860839844,5,0.5712051391601562
460,10,"(2, 3)",3.1496291160583496,2,1.1496291160583496
460,11,"(2, 3)",2.019472122192383,1,1.0194721221923828
460,11,"(1, 2)",3.068838596343994,3,0.06883859634399414
460,11,"(0, 1)",1.9996460676193237,1,0.9996460676193237
461,3,"(0, 1)",10.55481243133545,4,6.554812431335449
461,3,"(1, 2)",12.664620399475098,9,3.6646203994750977
461,3,"(2, 3)",11.324585914611816,4,7.324585914611816
461,4,"(2, 3)",9.563580513000488,3,6.563580513000488
461,4,"(3, 4)",9.273423194885254,4,5.273423194885254
461,8,"(0, 1)",5.5568132400512695,5,0.5568132400512695
461,8,"(1, 2)",7.2040934562683105,10,2.7959065437316895
461,8,"(2, 3)",5.908778667449951,6,0.09122133255004883
461,9,"(2, 3)",4.380475997924805,5,0.6195240020751953
461,9,"(3, 4)",4.283819675445557,6,1.7161803245544434
461,11,"(2, 3)",5.355978965759277,5,0.35597896575927734
461,11,"(1, 2)",5.258388519287109,5,0.2583885192871094
461,11,"(3, 4)",3.9405899047851562,5,1.0594100952148438
461,11,"(0, 1)",4.071536540985107,3,1.0715365409851074
461,12,"(0, 1)",1.852382779121399,1,0.8523827791213989
461,12,"(1, 2)",2.7951579093933105,2,0.7951579093933105
461,12,"(2, 3)",1.9468495845794678,2,0.05315041542053223
462,1,"(2, 3)",14.234328269958496,8,6.234328269958496
462,1,"(1, 2)",14.20366096496582,8,6.20366096496582
462,4,"(0, 1)",12.255486488342285,7,5.255486488342285
462,4,"(1, 2)",14.018671035766602,10,4.018671035766602
462,4,"(2, 3)",14.081679344177246,13,1.081679344177246
462,4,"(3, 4)",12.224432945251465,8,4.224432945251465
462,6,"(0, 1)",10.043898582458496,8,2.043898582458496
462,6,"(1, 2)",11.620284080505371,7,4.620284080505371
462,6,"(2, 3)",11.672762870788574,9,2.672762870788574
462,6,"(3, 4)",10.045903205871582,10,0.04590320587158203
462,8,"(2, 3)",9.235246658325195,11,1.7647533416748047
462,8,"(1, 2)",9.127490997314453,6,3.127490997314453
462,8,"(3, 4)",7.862587928771973,10,2.1374120712280273
462,8,"(0, 1)",7.917346000671387,8,0.08265399932861328
462,9,"(0, 1)",6.169737815856934,6,0.1697378158569336
462,9,"(1, 2)",5.048886299133301,3,2.048886299133301
462,11,"(2, 3)",3.4591593742370605,5,1.5408406257629395
462,11,"(1, 2)",3.3792614936828613,3,0.37926149368286133
462,12,"(2, 3)",3.6605191230773926,5,1.3394808769226074
462,12,"(1, 2)",3.447580337524414,3,0.44758033752441406
462,13,"(0, 1)",1.049493670463562,2,0.950506329536438
462,13,"(1, 2)",1.4799233675003052,3,1.5200766324996948
462,14,"(0, 1)",2.1755566596984863,2,0.17555665969848633
462,14,"(1, 2)",3.114978790283203,3,0.11497879028320312
462,14,"(2, 3)",3.1592864990234375,3,0.1592864990234375
462,14,"(3, 4)",2.1576647758483887,2,0.15766477584838867
463,1,"(0, 1)",6.53023624420166,5,1.5302362442016602
463,1,"(1, 2)",8.280953407287598,2,6.280953407287598
463,1,"(2, 3)",6.990511894226074,6,0.9905118942260742
463,2,"(0, 1)",7.029289245605469,4,3.0292892456054688
463,2,"(1, 2)",1.9914854764938354,0,1.9914854764938354
463,3,"(2, 3)",2.800448417663574,3,0.19955158233642578
463,3,"(1, 2)",2.900038719177246,0,2.900038719177246
463,7,"(2, 3)",0.10538852214813232,0,0.10538852214813232
463,7,"(1, 2)",0.07311448454856873,0,0.07311448454856873
464,2,"(2, 3)",3.592161178588867,1,2.592161178588867
464,2,"(1, 2)",3.635972499847412,3,0.6359724998474121
464,3,"(2, 3)",2.292062759399414,1,1.292062759399414
464,3,"(3, 4)",4.444754600524902,2,2.4447546005249023
464,6,"(2, 3)",0.10538852214813232,0,0.10538852214813232
464,6,"(1, 2)",0.07311448454856873,0,0.07311448454856873
465,1,"(2, 3)",7.89619779586792,2,5.89619779586792
465,1,"(3, 4)",9.780264854431152,9,0.7802648544311523
465,3,"(2, 3)",4.493576526641846,4,0.4935765266418457
465,3,"(1, 2)",4.727713584899902,3,1.7277135848999023
465,4,"(2, 3)",4.432136535644531,4,0.43213653564453125
465,4,"(1, 2)",4.42877197265625,3,1.42877197265625
465,5,"(2, 3)",5.133591651916504,4,1.133591651916504
465,5,"(1, 2)",6.187769889831543,3,3.187769889831543
465,5,"(0, 1)",4.6533355712890625,1,3.6533355712890625
466,3,"(0, 1)",6.912717819213867,6,0.9127178192138672
466,3,"(1, 2)",5.671051025390625,6,0.328948974609375
466,3,"(2, 3)",5.020739555358887,2,3.0207395553588867
466,5,"(2, 3)",3.469104290008545,0,3.469104290008545
466,5,"(1, 2)",3.7762508392333984,4,0.22374916076660156
466,6,"(2, 3)",0.5207520723342896,0,0.5207520723342896
466,6,"(3, 4)",0.15143898129463196,0,0.15143898129463196
466,7,"(2, 3)",0.11587792634963989,0,0.11587792634963989
466,7,"(3, 4)",0.1558062583208084,0,0.1558062583208084
467,1,"(2, 3)",13.300724029541016,5,8.300724029541016
467,1,"(1, 2)",13.327718734741211,7,6.327718734741211
467,2,"(2, 3)",10.762225151062012,5,5.762225151062012
467,2,"(3, 4)",9.288664817810059,2,7.288664817810059
467,4,"(2, 3)",13.014342308044434,10,3.0143423080444336
467,4,"(1, 2)",12.82498550415039,13,0.17501449584960938
467,4,"(3, 4)",10.561728477478027,6,4.561728477478027
467,4,"(0, 1)",10.58348560333252,8,2.5834856033325195
467,8,"(2, 3)",4.622355937957764,9,4.377644062042236
467,8,"(3, 4)",3.2783875465393066,5,1.7216124534606934
467,9,"(0, 1)",4.989403247833252,8,3.010596752166748
467,9,"(1, 2)",6.492134094238281,7,0.5078659057617188
467,9,"(2, 3)",6.622872352600098,9,2.3771276473999023
467,9,"(3, 4)",5.017249584197998,5,0.017249584197998047
467,10,"(0, 1)",3.9701313972473145,6,2.0298686027526855
467,10,"(1, 2)",4.3833160400390625,4,0.3833160400390625
467,10,"(2, 3)",4.390702247619629,6,1.609297752380371
467,10,"(3, 4)",4.086543083190918,3,1.086543083190918
467,11,"(2, 3)",2.828808307647705,3,0.17119169235229492
467,11,"(1, 2)",1.895431637763977,1,0.895431637763977
467,11,"(3, 4)",1.8128663301467896,1,0.8128663301467896
468,4,"(0, 1)",3.060983180999756,3,0.06098318099975586
468,4,"(1, 2)",4.071023464202881,5,0.9289765357971191
468,4,"(2, 3)",4.199753284454346,4,0.1997532844543457
468,4,"(3, 4)",3.0778069496154785,5,1.9221930503845215
468,5,"(0, 1)",1.1439096927642822,1,0.14390969276428223
468,5,"(1, 2)",2.0451745986938477,2,0.045174598693847656
468,5,"(2, 3)",1.0560410022735596,1,0.05604100227355957
469,1,"(2, 3)",13.107157707214355,7,6.1071577072143555
469,1,"(1, 2)",14.348124504089355,9,5.3481245040893555
469,1,"(0, 1)",11.604949951171875,4,7.604949951171875
469,2,"(0, 1)",11.248642921447754,5,6.248642921447754
469,2,"(1, 2)",10.2728853225708,7,3.272885322570801
469,3,"(0, 1)",9.5171480178833,6,3.517148017883301
469,3,"(1, 2)",11.556181907653809,9,2.5561819076538086
469,3,"(2, 3)",10.271997451782227,4,6.271997451782227
469,5,"(0, 1)",7.819833755493164,5,2.819833755493164
469,5,"(1, 2)",9.1439847946167,9,0.14398479461669922
469,5,"(2, 3)",7.964008331298828,2,5.964008331298828
469,7,"(0, 1)",6.8044819831848145,7,0.19551801681518555
469,7,"(1, 2)",6.842029571533203,7,0.15797042846679688
469,7,"(2, 3)",5.87380313873291,3,2.87380313873291
469,8,"(2, 3)",4.144089698791504,2,2.144089698791504
469,8,"(1, 2)",4.213046550750732,5,0.7869534492492676
469,9,"(2, 3)",2.292062759399414,2,0.29206275939941406
469,9,"(3, 4)",4.444754600524902,1,3.4447546005249023
469,12,"(2, 3)",2.0406453609466553,2,0.04064536094665527
469,12,"(1, 2)",1.0231412649154663,1,0.02314126491546631
469,12,"(3, 4)",1.119098424911499,1,0.11909842491149902
470,1,"(0, 1)",3.4716405868530273,5,1.5283594131469727
470,1,"(1, 2)",4.638578414916992,7,2.361421585083008
470,2,"(2, 3)",2.8769726753234863,4,1.1230273246765137
470,2,"(3, 4)",1.2327961921691895,2,0.7672038078308105
470,4,"(2, 3)",1.47701096534729,3,1.52298903465271
470,4,"(3, 4)",0.6959632039070129,2,1.304036796092987
470,5,"(0, 1)",2.1755566596984863,2,0.17555665969848633
470,5,"(1, 2)",3.114978790283203,3,0.11497879028320312
470,5,"(2, 3)",3.1592864990234375,3,0.1592864990234375
470,5,"(3, 4)",2.1576647758483887,2,0.15766477584838867
471,5,"(2, 3)",11.712660789489746,7,4.712660789489746
471,5,"(1, 2)",11.549970626831055,8,3.5499706268310547
471,5,"(3, 4)",10.007220268249512,7,3.0072202682495117
471,5,"(0, 1)",10.096427917480469,3,7.096427917480469
471,6,"(0, 1)",7.484811782836914,2,5.484811782836914
471,6,"(1, 2)",7.249300479888916,7,0.24930047988891602
471,8,"(2, 3)",6.73610782623291,4,2.73610782623291
471,8,"(1, 2)",7.895094871520996,6,1.895094871520996
471,8,"(0, 1)",5.180246353149414,2,3.180246353149414
471,12,"(0, 1)",1.852382779121399,1,0.8523827791213989
471,12,"(1, 2)",2.7951579093933105,2,0.7951579093933105
471,12,"(2, 3)",1.9468495845794678,2,0.05315041542053223
472,1,"(2, 3)",9.152215003967285,9,0.15221500396728516
472,1,"(1, 2)",7.868228435516357,11,3.1317715644836426
472,1,"(3, 4)",7.778474807739258,5,2.778474807739258
472,2,"(2, 3)",6.139801025390625,9,2.860198974609375
472,2,"(3, 4)",6.646480560302734,5,1.6464805603027344
472,4,"(0, 1)",6.989030838012695,4,2.9890308380126953
472,4,"(1, 2)",9.645514488220215,7,2.645514488220215
472,4,"(2, 3)",9.60579776763916,9,0.6057977676391602
472,4,"(3, 4)",6.905919551849365,5,1.9059195518493652
472,6,"(0, 1)",3.9896340370178223,2,1.9896340370178223
472,6,"(1, 2)",5.229698657989502,4,1.229698657989502
472,6,"(2, 3)",5.357064247131348,5,0.35706424713134766
472,6,"(3, 4)",4.013250827789307,3,1.0132508277893066
472,8,"(0, 1)",0.2059890180826187,0,0.2059890180826187
472,8,"(1, 2)",0.17118015885353088,0,0.17118015885353088
473,1,"(0, 1)",6.8044819831848145,9,2.1955180168151855
473,1,"(1, 2)",6.842029571533203,9,2.157970428466797
473,1,"(2, 3)",5.87380313873291,6,0.12619686126708984
473,2,"(2, 3)",5.179043292999268,5,0.17904329299926758
473,2,"(1, 2)",5.038026809692383,7,1.9619731903076172
473,3,"(0, 1)",4.920997619628906,6,1.0790023803710938
473,3,"(1, 2)",5.566641807556152,7,1.4333581924438477
473,3,"(2, 3)",5.518790245056152,5,0.5187902450561523
473,3,"(3, 4)",4.9504218101501465,4,0.9504218101501465
473,4,"(2, 3)",4.026495933532715,2,2.026495933532715
473,4,"(1, 2)",3.0550689697265625,4,0.9449310302734375
473,4,"(3, 4)",3.5674338340759277,2,1.5674338340759277
473,5,"(2, 3)",1.47701096534729,0,1.47701096534729
473,5,"(3, 4)",0.6959632039070129,1,0.30403679609298706
474,1,"(2, 3)",11.148943901062012,2,9.148943901062012
474,1,"(3, 4)",14.611409187316895,3,11.611409187316895
474,3,"(2, 3)",10.99101734161377,1,9.99101734161377
474,3,"(1, 2)",12.014426231384277,8,4.014426231384277
474,3,"(0, 1)",11.102293014526367,4,7.102293014526367
474,7,"(2, 3)",6.139801025390625,5,1.139801025390625
474,7,"(3, 4)",6.646480560302734,5,1.6464805603027344
474,9,"(2, 3)",4.250181674957275,5,0.7498183250427246
474,9,"(1, 2)",4.1949028968811035,4,0.19490289688110352
474,12,"(0, 1)",3.1936464309692383,3,0.19364643096923828
474,12,"(1, 2)",3.336512565612793,3,0.33651256561279297
474,12,"(2, 3)",3.2583885192871094,4,0.7416114807128906
474,12,"(3, 4)",3.083588123321533,2,1.0835881233215332
475,1,"(2, 3)",5.504420280456543,10,4.495579719543457
475,1,"(3, 4)",5.089160919189453,6,0.9108390808105469
475,3,"(0, 1)",5.940126419067383,10,4.059873580932617
475,3,"(1, 2)",8.460537910461426,8,0.4605379104614258
475,3,"(2, 3)",8.37241268157959,10,1.6275873184204102
475,3,"(3, 4)",5.890993595123291,6,0.10900640487670898
475,4,"(2, 3)",4.597454071044922,7,2.402545928955078
475,4,"(1, 2)",3.598689556121826,5,1.4013104438781738
475,4,"(3, 4)",2.291966199874878,4,1.708033800125122
475,5,"(2, 3)",4.155910968780518,5,0.8440890312194824
475,5,"(1, 2)",4.119858741760254,4,0.1198587417602539
475,5,"(3, 4)",3.0174994468688965,3,0.017499446868896484
475,5,"(0, 1)",3.132997989654541,5,1.867002010345459
475,6,"(2, 3)",2.0406453609466553,2,0.04064536094665527
475,6,"(1, 2)",1.0231412649154663,1,0.02314126491546631
475,6,"(3, 4)",1.119098424911499,1,0.11909842491149902
476,4,"(0, 1)",8.661789894104004,4,4.661789894104004
476,4,"(1, 2)",10.704290390014648,3,7.704290390014648
476,5,"(2, 3)",8.989371299743652,6,2.9893712997436523
476,5,"(3, 4)",10.197461128234863,8,2.1974611282348633
476,7,"(0, 1)",6.77054500579834,7,0.22945499420166016
476,7,"(1, 2)",7.545266628265381,4,3.545266628265381
476,9,"(2, 3)",5.104586601257324,3,2.104586601257324
476,9,"(1, 2)",5.115095138549805,5,0.11509513854980469
476,10,"(0, 1)",4.146764755249023,4,0.14676475524902344
476,10,"(1, 2)",4.319755554199219,5,0.6802444458007812
476,11,"(0, 1)",4.40496826171875,4,0.40496826171875
476,11,"(1, 2)",5.0383148193359375,5,0.0383148193359375
476,11,"(2, 3)",3.969909191131592,1,2.969909191131592
476,12,"(2, 3)",2.6395368576049805,0,2.6395368576049805
476,12,"(1, 2)",2.5603785514831543,3,0.4396214485168457
476,13,"(2, 3)",0.5482827425003052,0,0.5482827425003052
476,13,"(3, 4)",1.572024941444397,0,1.572024941444397
477,2,"(2, 3)",2.292062759399414,3,0.7079372406005859
477,2,"(3, 4)",4.444754600524902,6,1.5552453994750977
477,3,"(0, 1)",2.4844322204589844,3,0.5155677795410156
477,3,"(1, 2)",1.9441417455673218,2,0.05585825443267822
477,4,"(0, 1)",1.852382779121399,3,1.147617220878601
477,4,"(1, 2)",2.7951579093933105,2,0.7951579093933105
477,4,"(2, 3)",1.9468495845794678,1,0.9468495845794678
477,5,"(2, 3)",0.10538852214813232,0,0.10538852214813232
477,5,"(1, 2)",0.07311448454856873,0,0.07311448454856873
478,1,"(2, 3)",4.380475997924805,1,3.3804759979248047
478,1,"(3, 4)",4.283819675445557,6,1.7161803245544434
478,2,"(2, 3)",2.1621036529541016,1,1.1621036529541016
478,2,"(3, 4)",4.204570293426514,6,1.7954297065734863
478,4,"(2, 3)",1.1089022159576416,1,0.1089022159576416
478,4,"(1, 2)",1.0875858068466187,2,0.9124141931533813
478,5,"(0, 1)",1.1439096927642822,1,0.14390969276428223
478,5,"(1, 2)",2.0451745986938477,2,0.045174598693847656
478,5,"(2, 3)",1.0560410022735596,1,0.05604100227355957
479,5,"(0, 1)",9.101771354675293,4,5.101771354675293
479,5,"(1, 2)",9.467589378356934,8,1.4675893783569336
479,8,"(2, 3)",7.373499870300293,6,1.373499870300293
479,8,"(1, 2)",8.307668685913086,11,2.692331314086914
479,8,"(0, 1)",6.500937461853027,5,1.5009374618530273
479,9,"(0, 1)",6.909992218017578,4,2.909992218017578
479,9,"(1, 2)",6.920760154724121,9,2.079239845275879
479,9,"(2, 3)",6.91519832611084,5,1.9151983261108398
479,9,"(3, 4)",6.79592227935791,7,0.20407772064208984
479,10,"(2, 3)",4.380475997924805,2,2.3804759979248047
479,10,"(3, 4)",4.283819675445557,5,0.7161803245544434
479,13,"(0, 1)",1.852382779121399,1,0.8523827791213989
479,13,"(1, 2)",2.7951579093933105,3,0.20484209060668945
479,13,"(2, 3)",1.9468495845794678,1,0.9468495845794678
480,2,"(2, 3)",8.760823249816895,7,1.7608232498168945
480,2,"(1, 2)",8.592154502868652,6,2.5921545028686523
480,4,"(2, 3)",8.427597999572754,11,2.572402000427246
480,4,"(1, 2)",9.375462532043457,10,0.624537467956543
480,4,"(0, 1)",7.441987037658691,9,1.5580129623413086
480,6,"(2, 3)",8.005093574523926,9,0.9949064254760742
480,6,"(1, 2)",7.888915061950684,8,0.1110849380493164
480,6,"(3, 4)",6.841529846191406,12,5.158470153808594
480,6,"(0, 1)",6.860729217529297,9,2.139270782470703
480,7,"(0, 1)",5.079785346984863,7,1.9202146530151367
480,7,"(1, 2)",3.586015224456787,5,1.413984775543213
480,8,"(2, 3)",2.7410683631896973,4,1.2589316368103027
480,8,"(1, 2)",2.8667397499084473,5,2.1332602500915527
480,9,"(2, 3)",2.997753143310547,4,1.0022468566894531
480,9,"(1, 2)",4.041967391967773,5,0.9580326080322266
480,9,"(0, 1)",2.817103862762451,5,2.182896137237549
480,10,"(2, 3)",3.37453031539917,3,0.3745303153991699
480,10,"(1, 2)",3.2578630447387695,3,0.25786304473876953
480,10,"(3, 4)",3.1704554557800293,4,0.8295445442199707
480,10,"(0, 1)",3.1056132316589355,4,0.8943867683410645
480,11,"(2, 3)",0.10538852214813232,0,0.10538852214813232
480,11,"(1, 2)",0.07311448454856873,0,0.07311448454856873
481,2,"(2, 3)",10.231574058532715,12,1.7684259414672852
481,2,"(1, 2)",8.93238353729248,11,2.0676164627075195
481,2,"(3, 4)",8.757148742675781,9,0.24285125732421875
481,3,"(2, 3)",11.740092277526855,12,0.25990772247314453
481,3,"(1, 2)",11.535725593566895,10,1.5357255935668945
481,3,"(3, 4)",9.426774978637695,9,0.4267749786376953
481,3,"(0, 1)",9.49682903289795,9,0.4968290328979492
481,4,"(2, 3)",7.843552589416504,9,1.156447410583496
481,4,"(1, 2)",6.707162857055664,9,2.292837142944336
481,4,"(3, 4)",7.576225280761719,7,0.5762252807617188
481,7,"(2, 3)",4.020424842834473,6,1.9795751571655273
481,7,"(1, 2)",4.911376953125,7,2.088623046875
481,7,"(0, 1)",4.369647026062012,4,0.3696470260620117
481,8,"(0, 1)",3.9896340370178223,3,0.9896340370178223
481,8,"(1, 2)",5.229698657989502,5,0.22969865798950195
481,8,"(2, 3)",5.357064247131348,5,0.35706424713134766
481,8,"(3, 4)",4.013250827789307,3,1.0132508277893066
481,9,"(0, 1)",1.049493670463562,1,0.04949367046356201
481,9,"(1, 2)",1.4799233675003052,2,0.5200766324996948
481,10,"(2, 3)",0.08881738781929016,0,0.08881738781929016
481,10,"(3, 4)",0.03796178102493286,0,0.03796178102493286
482,2,"(0, 1)",11.666939735412598,4,7.666939735412598
482,2,"(1, 2)",11.258561134338379,9,2.258561134338379
482,4,"(0, 1)",11.739809036254883,8,3.739809036254883
482,4,"(1, 2)",14.16869831085205,11,3.168698310852051
482,4,"(2, 3)",14.185900688171387,7,7.185900688171387
482,4,"(3, 4)",11.602112770080566,6,5.602112770080566
482,6,"(2, 3)",7.706777572631836,4,3.706777572631836
482,6,"(3, 4)",6.103206634521484,6,0.10320663452148438
482,7,"(2, 3)",6.494389533996582,7,0.505610466003418
482,7,"(3, 4)",5.841130256652832,8,2.158869743347168
482,9,"(0, 1)",6.04850959777832,9,2.9514904022216797
482,9,"(1, 2)",5.824672698974609,8,2.1753273010253906
482,9,"(2, 3)",4.987407684326172,6,1.0125923156738281
482,10,"(2, 3)",5.080360412597656,5,0.08036041259765625
482,10,"(1, 2)",3.8526148796081543,6,2.1473851203918457
482,10,"(3, 4)",3.6027989387512207,5,1.3972010612487793
482,11,"(2, 3)",1.92447829246521,3,1.07552170753479
482,11,"(3, 4)",2.454610824584961,4,1.545389175415039
482,12,"(2, 3)",1.6790410280227661,3,1.3209589719772339
482,12,"(1, 2)",1.8677312135696411,3,1.1322687864303589
482,13,"(0, 1)",2.1755566596984863,2,0.17555665969848633
482,13,"(1, 2)",3.114978790283203,3,0.11497879028320312
482,13,"(2, 3)",3.1592864990234375,3,0.1592864990234375
482,13,"(3, 4)",2.1576647758483887,2,0.15766477584838867
483,2,"(2, 3)",6.9279913902282715,8,1.0720086097717285
483,2,"(1, 2)",7.870780944824219,13,5.129219055175781
483,2,"(0, 1)",7.717137336730957,7,0.717137336730957
483,3,"(0, 1)",8.072404861450195,6,2.0724048614501953
483,3,"(1, 2)",10.810773849487305,11,0.1892261505126953
483,3,"(2, 3)",10.823323249816895,7,3.8233232498168945
483,3,"(3, 4)",7.939592361450195,4,3.9395923614501953
483,4,"(2, 3)",4.590634822845459,4,0.590634822845459
483,4,"(3, 4)",3.419203758239746,2,1.419203758239746
483,7,"(2, 3)",4.155910968780518,3,1.1559109687805176
483,7,"(1, 2)",4.119858741760254,5,0.8801412582397461
483,7,"(3, 4)",3.0174994468688965,2,1.0174994468688965
483,7,"(0, 1)",3.132997989654541,3,0.13299798965454102
483,8,"(2, 3)",0.08881738781929016,0,0.08881738781929016
483,8,"(3, 4)",0.03796178102493286,0,0.03796178102493286
484,3,"(0, 1)",7.741305351257324,7,0.7413053512573242
484,3,"(1, 2)",8.645611763000488,9,0.3543882369995117
484,5,"(2, 3)",8.191043853759766,13,4.808956146240234
484,5,"(1, 2)",8.239368438720703,11,2.760631561279297
484,6,"(0, 1)",5.143353462219238,7,1.8566465377807617
484,6,"(1, 2)",5.540412902832031,11,5.459587097167969
484,7,"(0, 1)",8.238025665283203,7,1.2380256652832031
484,7,"(1, 2)",11.35956859588623,11,0.35956859588623047
484,7,"(2, 3)",11.070253372192383,11,0.07025337219238281
484,7,"(3, 4)",7.84440803527832,9,1.1555919647216797
484,8,"(2, 3)",8.558663368225098,8,0.5586633682250977
484,8,"(1, 2)",8.27429485321045,8,0.2742948532104492
484,8,"(3, 4)",5.927349090576172,7,1.0726509094238281
484,8,"(0, 1)",5.916754245758057,5,0.9167542457580566
484,9,"(0, 1)",2.7790517807006836,3,0.2209482192993164
484,9,"(1, 2)",3.918628215789795,5,1.081371784210205
484,9,"(2, 3)",2.905128002166748,5,2.094871997833252
484,11,"(0, 1)",2.1755566596984863,2,0.17555665969848633
484,11,"(1, 2)",3.114978790283203,3,0.11497879028320312
484,11,"(2, 3)",3.1592864990234375,3,0.1592864990234375
484,11,"(3, 4)",2.1576647758483887,2,0.15766477584838867
485,1,"(0, 1)",14.788556098937988,6,8.788556098937988
485,1,"(1, 2)",15.35000991821289,7,8.35000991821289
485,1,"(2, 3)",15.400873184204102,12,3.4008731842041016
485,1,"(3, 4)",14.646668434143066,6,8.646668434143066
485,2,"(0, 1)",11.061817169189453,4,7.061817169189453
485,2,"(1, 2)",12.913032531738281,4,8.913032531738281
485,3,"(2, 3)",12.111154556274414,9,3.111154556274414
485,3,"(1, 2)",12.080615043640137,5,7.080615043640137
485,3,"(3, 4)",12.742724418640137,4,8.742724418640137
485,3,"(0, 1)",12.714465141296387,4,8.714465141296387
485,5,"(0, 1)",9.101771354675293,5,4.101771354675293
485,5,"(1, 2)",9.467589378356934,1,8.467589378356934
485,8,"(0, 1)",8.09097671508789,6,2.0909767150878906
485,8,"(1, 2)",5.320644855499268,3,2.3206448554992676
485,10,"(2, 3)",3.592161178588867,4,0.4078388214111328
485,10,"(1, 2)",3.635972499847412,2,1.635972499847412
485,14,"(2, 3)",2.0406453609466553,2,0.04064536094665527
485,14,"(1, 2)",1.0231412649154663,1,0.02314126491546631
485,14,"(3, 4)",1.119098424911499,1,0.11909842491149902
486,4,"(2, 3)",14.360692024230957,11,3.360692024230957
486,4,"(1, 2)",13.311631202697754,7,6.311631202697754
486,4,"(3, 4)",11.386008262634277,5,6.386008262634277
486,5,"(2, 3)",18.5188045501709,11,7.518804550170898
486,5,"(1, 2)",18.220773696899414,7,11.220773696899414
486,5,"(3, 4)",14.707695960998535,5,9.707695960998535
486,5,"(0, 1)",14.186104774475098,9,5.186104774475098
486,8,"(2, 3)",7.543232440948486,11,3.4567675590515137
486,8,"(3, 4)",6.749994277954102,6,0.7499942779541016
486,9,"(2, 3)",8.719386100769043,14,5.280613899230957
486,9,"(1, 2)",7.456015586853027,10,2.5439844131469727
486,9,"(3, 4)",6.300356388092041,8,1.699643611907959
486,10,"(0, 1)",5.892560005187988,10,4.107439994812012
486,10,"(1, 2)",4.923517227172852,9,4.076482772827148
486,11,"(2, 3)",6.7056884765625,10,3.2943115234375
486,11,"(1, 2)",5.5948381423950195,9,3.4051618576049805
486,11,"(3, 4)",4.174333572387695,6,1.8256664276123047
486,12,"(2, 3)",5.080360412597656,8,2.9196395874023438
486,12,"(1, 2)",3.8526148796081543,8,4.147385120391846
486,12,"(3, 4)",3.6027989387512207,5,1.3972010612487793
486,14,"(0, 1)",3.944122314453125,4,0.055877685546875
486,14,"(1, 2)",5.944555282592773,6,0.05544471740722656
486,14,"(2, 3)",5.924241065979004,6,0.0757589340209961
486,14,"(3, 4)",3.842245578765869,4,0.15775442123413086
486,15,"(2, 3)",3.22540283203125,3,0.22540283203125
486,15,"(1, 2)",3.1362929344177246,3,0.1362929344177246
486,15,"(3, 4)",2.1646342277526855,2,0.16463422775268555
486,15,"(0, 1)",2.1921372413635254,2,0.1921372413635254
487,1,"(0, 1)",5.169559955596924,4,1.1695599555969238
487,1,"(1, 2)",6.001550674438477,6,0.0015506744384765625
487,1,"(2, 3)",4.891482353210449,6,1.1085176467895508
487,2,"(2, 3)",4.702057361602783,5,0.2979426383972168
487,2,"(1, 2)",4.614800930023193,4,0.6148009300231934
487,2,"(3, 4)",5.079649925231934,3,2.0796499252319336
487,2,"(0, 1)",4.925214767456055,3,1.9252147674560547
488,5,"(0, 1)",5.117428779602051,5,0.11742877960205078
488,5,"(1, 2)",4.724847316741943,6,1.2751526832580566
488,5,"(2, 3)",4.605953216552734,3,1.6059532165527344
488,5,"(3, 4)",4.893951416015625,5,0.106048583984375
488,6,"(2, 3)",2.0529932975769043,0,2.0529932975769043
488,6,"(3, 4)",2.7633562088012695,3,0.23664379119873047
488,7,"(2, 3)",0.9964230060577393,0,0.9964230060577393
488,7,"(1, 2)",1.0608856678009033,1,0.06088566780090332
489,2,"(2, 3)",6.036665916442871,4,2.036665916442871
489,2,"(1, 2)",4.805319786071777,4,0.8053197860717773
489,2,"(3, 4)",5.151089668273926,6,0.8489103317260742
489,5,"(0, 1)",1.852382779121399,3,1.147617220878601
489,5,"(1, 2)",2.7951579093933105,2,0.7951579093933105
489,5,"(2, 3)",1.9468495845794678,1,0.9468495845794678
489,6,"(2, 3)",0.10538852214813232,0,0.10538852214813232
489,6,"(1, 2)",0.07311448454856873,0,0.07311448454856873
490,1,"(2, 3)",14.750393867492676,10,4.750393867492676
490,1,"(1, 2)",13.723499298095703,7,6.723499298095703
490,1,"(3, 4)",14.294829368591309,12,2.2948293685913086
490,2,"(2, 3)",12.741607666015625,10,2.741607666015625
490,2,"(1, 2)",12.7185640335083,6,6.718564033508301
490,3,"(2, 3)",12.555981636047363,11,1.5559816360473633
490,3,"(1, 2)",12.601311683654785,8,4.601311683654785
490,4,"(0, 1)",8.661789894104004,7,1.661789894104004
490,4,"(1, 2)",10.704290390014648,8,2.7042903900146484
490,5,"(0, 1)",11.739809036254883,7,4.739809036254883
490,5,"(1, 2)",14.16869831085205,9,5.168698310852051
490,5,"(2, 3)",14.185900688171387,11,3.1859006881713867
490,5,"(3, 4)",11.602112770080566,11,0.6021127700805664
490,6,"(2, 3)",9.14754867553711,10,0.8524513244628906
490,6,"(1, 2)",10.1646089553833,7,3.164608955383301
490,6,"(0, 1)",8.81344223022461,8,0.8134422302246094
490,7,"(2, 3)",8.863761901855469,9,0.13623809814453125
490,7,"(1, 2)",7.660028457641602,6,1.6600284576416016
490,7,"(3, 4)",8.37484073638916,7,1.3748407363891602
490,8,"(0, 1)",5.12094783782959,4,1.1209478378295898
490,8,"(1, 2)",6.629359245300293,6,0.629359245300293
490,9,"(0, 1)",5.971114158630371,4,1.971114158630371
490,9,"(1, 2)",6.997838020324707,6,0.997838020324707
490,9,"(2, 3)",5.842552185058594,5,0.8425521850585938
490,10,"(0, 1)",4.146764755249023,3,1.1467647552490234
490,10,"(1, 2)",4.319755554199219,4,0.31975555419921875
490,12,"(2, 3)",4.0126471519470215,2,2.0126471519470215
490,12,"(1, 2)",2.883108615875244,3,0.11689138412475586
490,12,"(3, 4)",2.704106330871582,1,1.704106330871582
491,4,"(2, 3)",2.0529932975769043,2,0.0529932975769043
491,4,"(3, 4)",2.7633562088012695,3,0.23664379119873047
491,5,"(2, 3)",2.828808307647705,2,0.8288083076477051
491,5,"(1, 2)",1.895431637763977,1,0.895431637763977
491,5,"(3, 4)",1.8128663301467896,3,1.1871336698532104
491,6,"(2, 3)",0.1495564579963684,0,0.1495564579963684
491,6,"(1, 2)",0.1323675811290741,0,0.1323675811290741
492,2,"(0, 1)",13.615409851074219,7,6.615409851074219
492,2,"(1, 2)",17.205524444580078,13,4.205524444580078
492,2,"(2, 3)",17.059919357299805,8,9.059919357299805
492,2,"(3, 4)",13.009032249450684,6,7.009032249450684
492,4,"(0, 1)",5.9998674392700195,8,2.0001325607299805
492,4,"(1, 2)",7.645458221435547,14,6.354541778564453
492,5,"(2, 3)",4.880527496337891,9,4.119472503662109
492,5,"(3, 4)",1.9691373109817505,6,4.0308626890182495
492,6,"(2, 3)",4.7567644119262695,9,4.2432355880737305
492,6,"(3, 4)",2.453990936279297,6,3.546009063720703
492,7,"(2, 3)",11.454499244689941,9,2.4544992446899414
492,7,"(1, 2)",10.974686622619629,13,2.025313377380371
492,7,"(3, 4)",8.216021537780762,6,2.2160215377807617
492,7,"(0, 1)",7.880693435668945,8,0.11930656433105469
492,8,"(2, 3)",3.1646313667297363,6,2.8353686332702637
492,8,"(3, 4)",1.3435230255126953,4,2.6564769744873047
492,9,"(0, 1)",4.934733867645264,5,0.06526613235473633
492,9,"(1, 2)",7.20090389251709,8,0.7990961074829102
492,9,"(2, 3)",7.140961647033691,6,1.1409616470336914
492,9,"(3, 4)",4.878108978271484,4,0.8781089782714844
492,10,"(2, 3)",1.47701096534729,3,1.52298903465271
492,10,"(3, 4)",0.6959632039070129,2,1.304036796092987
492,11,"(2, 3)",3.22540283203125,3,0.22540283203125
492,11,"(1, 2)",3.1362929344177246,3,0.1362929344177246
492,11,"(3, 4)",2.1646342277526855,2,0.16463422775268555
492,11,"(0, 1)",2.1921372413635254,2,0.1921372413635254
493,1,"(0, 1)",4.323591232299805,5,0.6764087677001953
493,1,"(1, 2)",5.683311462402344,4,1.6833114624023438
493,3,"(0, 1)",3.335144519805908,4,0.6648554801940918
493,3,"(1, 2)",3.102208137512207,4,0.897791862487793
493,4,"(2, 3)",2.590366840362549,3,0.40963315963745117
493,4,"(1, 2)",2.6934518814086914,4,1.3065481185913086
493,6,"(0, 1)",2.1755566596984863,2,0.17555665969848633
493,6,"(1, 2)",3.114978790283203,3,0.11497879028320312
493,6,"(2, 3)",3.1592864990234375,3,0.1592864990234375
493,6,"(3, 4)",2.1576647758483887,2,0.15766477584838867
494,1,"(2, 3)",13.265515327453613,5,8.265515327453613
494,1,"(1, 2)",13.17223072052002,11,2.1722307205200195
494,1,"(3, 4)",13.65939712524414,11,2.6593971252441406
494,1,"(0, 1)",13.639791488647461,7,6.639791488647461
494,2,"(2, 3)",9.611104965209961,3,6.611104965209961
494,2,"(3, 4)",14.044774055480957,12,2.044774055480957
494,3,"(0, 1)",10.589043617248535,5,5.589043617248535
494,3,"(1, 2)",13.210196495056152,9,4.210196495056152
494,3,"(2, 3)",11.92508602142334,3,8.92508602142334
494,4,"(2, 3)",8.588346481323242,4,4.588346481323242
494,4,"(1, 2)",8.880805969238281,7,1.8808059692382812
494,7,"(2, 3)",7.373499870300293,8,0.626500129699707
494,7,"(1, 2)",8.307668685913086,6,2.307668685913086
494,7,"(0, 1)",6.500937461853027,7,0.49906253814697266
494,8,"(2, 3)",5.955536842346191,7,1.0444631576538086
494,8,"(1, 2)",6.996447563171387,4,2.9964475631713867
494,8,"(0, 1)",5.990414619445801,6,0.009585380554199219
494,10,"(0, 1)",3.335144519805908,5,1.6648554801940918
494,10,"(1, 2)",3.102208137512207,1,2.102208137512207
494,11,"(2, 3)",2.6395368576049805,4,1.3604631423950195
494,11,"(1, 2)",2.5603785514831543,1,1.5603785514831543
494,12,"(0, 1)",2.063231945037842,3,0.9367680549621582
494,12,"(1, 2)",0.7124311327934265,1,0.2875688672065735
494,13,"(2, 3)",2.0406453609466553,2,0.04064536094665527
494,13,"(1, 2)",1.0231412649154663,1,0.02314126491546631
494,13,"(3, 4)",1.119098424911499,1,0.11909842491149902
495,1,"(2, 3)",9.511183738708496,10,0.4888162612915039
495,1,"(1, 2)",9.48505687713623,3,6.4850568771362305
495,1,"(3, 4)",9.805671691894531,9,0.8056716918945312
495,1,"(0, 1)",9.78156852722168,7,2.7815685272216797
495,2,"(0, 1)",5.9998674392700195,5,0.9998674392700195
495,2,"(1, 2)",7.645458221435547,1,6.645458221435547
495,3,"(2, 3)",6.78752326965332,5,1.7875232696533203
495,3,"(1, 2)",6.714727878570557,3,3.7147278785705566
495,5,"(0, 1)",3.2620530128479004,3,0.2620530128479004
495,5,"(1, 2)",4.6276373863220215,3,1.6276373863220215
495,6,"(0, 1)",3.6277332305908203,3,0.6277332305908203
495,6,"(1, 2)",3.22183895111084,3,0.22183895111083984
495,7,"(2, 3)",2.590366840362549,0,2.590366840362549
495,7,"(1, 2)",2.6934518814086914,3,0.3065481185913086
495,9,"(2, 3)",0.08881738781929016,0,0.08881738781929016
495,9,"(3, 4)",0.03796178102493286,0,0.03796178102493286
496,3,"(0, 1)",9.101771354675293,8,1.101771354675293
496,3,"(1, 2)",9.467589378356934,5,4.467589378356934
496,4,"(2, 3)",8.672271728515625,8,0.672271728515625
496,4,"(3, 4)",7.689836502075195,4,3.6898365020751953
496,5,"(0, 1)",8.974276542663574,10,1.0257234573364258
496,5,"(1, 2)",6.693620681762695,3,3.6936206817626953
496,6,"(2, 3)",8.274041175842285,9,0.7259588241577148
496,6,"(1, 2)",6.879469871520996,6,0.8794698715209961
496,6,"(3, 4)",6.497836112976074,7,0.5021638870239258
496,9,"(2, 3)",5.080360412597656,6,0.9196395874023438
496,9,"(1, 2)",3.8526148796081543,4,0.1473851203918457
496,9,"(3, 4)",3.6027989387512207,5,1.3972010612487793
496,11,"(2, 3)",1.6790410280227661,3,1.3209589719772339
496,11,"(1, 2)",1.8677312135696411,3,1.1322687864303589
496,12,"(2, 3)",3.22540283203125,3,0.22540283203125
496,12,"(1, 2)",3.1362929344177246,3,0.1362929344177246
496,12,"(3, 4)",2.1646342277526855,2,0.16463422775268555
496,12,"(0, 1)",2.1921372413635254,2,0.1921372413635254
497,1,"(2, 3)",11.919953346252441,11,0.9199533462524414
497,1,"(1, 2)",12.732034683227539,10,2.732034683227539
497,1,"(0, 1)",12.7400541305542,7,5.740054130554199
497,2,"(0, 1)",12.255486488342285,8,4.255486488342285
497,2,"(1, 2)",14.018671035766602,11,3.0186710357666016
497,2,"(2, 3)",14.081679344177246,13,1.081679344177246
497,2,"(3, 4)",12.224432945251465,7,5.224432945251465
497,3,"(2, 3)",9.668782234191895,11,1.3312177658081055
497,3,"(3, 4)",8.418612480163574,5,3.418612480163574
497,4,"(2, 3)",10.537625312805176,13,2.462374687194824
497,4,"(1, 2)",10.411240577697754,6,4.411240577697754
497,4,"(3, 4)",9.733920097351074,6,3.733920097351074
497,4,"(0, 1)",9.725658416748047,6,3.725658416748047
497,7,"(0, 1)",4.962231636047363,5,0.03776836395263672
497,7,"(1, 2)",5.4134721755981445,3,2.4134721755981445
497,8,"(2, 3)",5.79069709777832,7,1.2093029022216797
497,8,"(1, 2)",5.743579864501953,3,2.743579864501953
497,8,"(3, 4)",6.009820938110352,5,1.0098209381103516
497,8,"(0, 1)",5.887439727783203,5,0.8874397277832031
497,10,"(0, 1)",3.454214096069336,2,1.454214096069336
497,10,"(1, 2)",0.6695266366004944,0,0.6695266366004944
497,11,"(2, 3)",1.1089022159576416,1,0.1089022159576416
497,11,"(1, 2)",1.0875858068466187,0,1.0875858068466187
498,1,"(2, 3)",10.63523006439209,2,8.63523006439209
498,1,"(3, 4)",12.675200462341309,7,5.675200462341309
498,2,"(2, 3)",10.275345802307129,4,6.275345802307129
498,2,"(1, 2)",10.36085033416748,6,4.3608503341674805
498,5,"(2, 3)",8.489372253417969,7,1.4893722534179688
498,5,"(1, 2)",8.594510078430176,6,2.594510078430176
498,6,"(2, 3)",6.223538398742676,8,1.7764616012573242
498,6,"(3, 4)",6.909629821777344,10,3.0903701782226562
498,7,"(0, 1)",5.5568132400512695,5,0.5568132400512695
498,7,"(1, 2)",7.2040934562683105,6,1.2040934562683105
498,7,"(2, 3)",5.908778667449951,8,2.091221332550049
498,8,"(2, 3)",5.441861152648926,7,1.5581388473510742
498,8,"(1, 2)",5.257423400878906,4,1.2574234008789062
498,8,"(3, 4)",7.45225715637207,7,0.4522571563720703
498,9,"(0, 1)",1.4096416234970093,1,0.4096416234970093
498,9,"(1, 2)",3.1550049781799316,3,0.15500497817993164
498,11,"(0, 1)",0.7528142333030701,1,0.24718576669692993
498,11,"(1, 2)",1.4788423776626587,2,0.5211576223373413
498,12,"(2, 3)",1.2012345790863037,1,0.2012345790863037
498,12,"(1, 2)",2.191760540008545,2,0.19176054000854492
498,12,"(0, 1)",1.261260986328125,1,0.261260986328125
499,1,"(2, 3)",5.971348762512207,8,2.028651237487793
499,1,"(1, 2)",6.013814926147461,5,1.013814926147461
499,2,"(2, 3)",5.422272682189941,8,2.5777273178100586
499,2,"(3, 4)",4.941369533538818,6,1.0586304664611816
499,3,"(2, 3)",6.574419975280762,8,1.4255800247192383
499,3,"(1, 2)",5.266785621643066,3,2.2667856216430664
499,3,"(3, 4)",4.324835300445557,6,1.6751646995544434
499,4,"(0, 1)",4.970799922943115,8,3.0292000770568848
499,4,"(1, 2)",0.760710597038269,2,1.239289402961731
499,5,"(2, 3)",1.826266884803772,4,2.173733115196228
499,5,"(1, 2)",1.9026387929916382,2,0.09736120700836182
499,6,"(2, 3)",3.279212474822998,4,0.720787525177002
499,6,"(1, 2)",2.1208105087280273,2,0.12081050872802734
499,6,"(3, 4)",1.3198800086975098,2,0.6801199913024902
499,7,"(2, 3)",2.0406453609466553,2,0.04064536094665527
499,7,"(1, 2)",1.0231412649154663,1,0.02314126491546631
499,7,"(3, 4)",1.119098424911499,1,0.11909842491149902
500,1,"(2, 3)",6.036665916442871,5,1.036665916442871
500,1,"(1, 2)",4.805319786071777,3,1.8053197860717773
500,1,"(3, 4)",5.151089668273926,6,0.8489103317260742
500,3,"(0, 1)",2.7790517807006836,3,0.2209482192993164
500,3,"(1, 2)",3.918628215789795,2,1.918628215789795
500,3,"(2, 3)",2.905128002166748,2,0.905128002166748
500,5,"(2, 3)",0.1495564579963684,0,0.1495564579963684
500,5,"(1, 2)",0.1323675811290741,0,0.1323675811290741
